simulation,location,sample_fraction,minimum_detectable_prevalence_percent
1,North,Total,0.06479356738533083
1,North,Solids,0.25673940426639524
1,North,Liquid,0.0822445664866078
1,South,Total,0.05971641345684152
1,South,Solids,0.21201398460840015
1,South,Liquid,0.08127572466870286
1,West,Total,0.059758672938789364
1,West,Solids,0.2166637316883241
1,West,Liquid,0.08041032945682675
2,North,Total,0.07625767612164226
2,North,Solids,0.2339634797320497
2,North,Liquid,0.11237231576573815
2,South,Total,0.06705705082140571
2,South,Solids,0.19103904191651194
2,South,Liquid,0.1050631654542664
2,West,Total,0.06557223355379702
2,West,Solids,0.1960450535952651
2,West,Liquid,0.09819019291372574
3,North,Total,0.06710256110555986
3,North,Solids,0.19705198589704412
3,North,Liquid,0.09733930070351074
3,South,Total,0.06081515887121692
3,South,Solids,0.16097108753905123
3,South,Liquid,0.09594053947231262
3,West,Total,0.060886961150413796
3,West,Solids,0.1645598642816401
3,West,Liquid,0.09470300382023655
4,North,Total,0.06960374109698869
4,North,Solids,0.14146100573794387
4,North,Liquid,0.13398581114498853
4,South,Total,0.06207969629528188
4,South,Solids,0.11785578956224506
4,South,Liquid,0.13044496053205396
4,West,Total,0.062137413213805025
4,West,Solids,0.1202994148791544
4,West,Liquid,0.1272537072994008
5,North,Total,0.06567756901983632
5,North,Solids,0.16342949215196909
5,North,Liquid,0.10829938547448212
5,South,Total,0.05995660301035871
5,South,Solids,0.1346173130844106
5,South,Liquid,0.1074158706131598
5,West,Total,0.06011634002178622
5,West,Solids,0.1372763454855155
5,West,Liquid,0.10667881974693492
6,North,Total,0.07255805208839763
6,North,Solids,0.1313966959299182
6,North,Liquid,0.15659344274195158
6,South,Total,0.06324741767270449
6,South,Solids,0.10812021549458385
6,South,Liquid,0.15145023739051972
6,West,Total,0.06353788674969225
6,West,Solids,0.11079806305928672
6,West,Liquid,0.14661042180762138
7,North,Total,0.06721678146503761
7,North,Solids,0.13387425393646651
7,North,Liquid,0.1395627148923787
7,South,Total,0.06099611859936174
7,South,Solids,0.11125955727319291
7,South,Liquid,0.13698643558534934
7,West,Total,0.06099495161837636
7,West,Solids,0.11364220168266839
7,West,Liquid,0.13458559698312883
8,North,Total,0.06782453554450843
8,North,Solids,0.1398960750757039
8,North,Liquid,0.1265582622148421
8,South,Total,0.06101337517857687
8,South,Solids,0.1175450985119954
8,South,Liquid,0.12479523532203705
8,West,Total,0.0613205846749798
8,West,Solids,0.11984332975053527
8,West,Liquid,0.1233559397611326
9,North,Total,0.06483305948177695
9,North,Solids,0.13240024409375242
9,North,Liquid,0.13891864129129725
9,South,Total,0.059679259924002324
9,South,Solids,0.10909789677697264
9,South,Liquid,0.13742446716434753
9,West,Total,0.05975126182540809
9,West,Solids,0.11150575834291232
9,West,Liquid,0.1361326714378308
10,North,Total,0.07053075368754116
10,North,Solids,0.12765624533245756
10,North,Liquid,0.15793334257442634
10,South,Total,0.062293282803711075
10,South,Solids,0.10418462836552121
10,South,Liquid,0.15520619285575865
10,West,Total,0.06253491196134486
10,West,Solids,0.10643512813185968
10,West,Liquid,0.15273825003228936
11,North,Total,0.06707394985492911
11,North,Solids,0.16532899337765014
11,North,Liquid,0.11068456526479173
11,South,Total,0.06086047351682828
11,South,Solids,0.13629169187764534
11,South,Liquid,0.10909636740126503
11,West,Total,0.06085615063939539
11,West,Solids,0.1388771898928538
11,West,Liquid,0.10764214365630834
12,North,Total,0.07342318186634679
12,North,Solids,0.1470791928843593
12,North,Liquid,0.12280216987015581
12,South,Total,0.0628567189468841
12,South,Solids,0.12087411224101911
12,South,Liquid,0.12139317610879857
12,West,Total,0.06371259549032808
12,West,Solids,0.1234944213271632
12,West,Liquid,0.12027386876700161
13,North,Total,0.07151041415914428
13,North,Solids,0.133668909853478
13,North,Liquid,0.15444312337804822
13,South,Total,0.06363310976573427
13,South,Solids,0.11177149434492457
13,South,Liquid,0.1481567086059651
13,West,Total,0.06314134380253293
13,West,Solids,0.1137590547747918
13,West,Liquid,0.14224963509735053
14,North,Total,0.06781514413824034
14,North,Solids,0.127702664121881
14,North,Liquid,0.14930173093790602
14,South,Total,0.06131772129079208
14,South,Solids,0.10659536255258574
14,South,Liquid,0.146256805694456
14,West,Total,0.061360029664601
14,West,Solids,0.10884452668959192
14,West,Liquid,0.14357081470768648
15,North,Total,0.06874121986203727
15,North,Solids,0.12926669481295505
15,North,Liquid,0.13452657526277673
15,South,Total,0.06109954242360374
15,South,Solids,0.10956252005696217
15,South,Liquid,0.1330381070612372
15,West,Total,0.061650406545055624
15,West,Solids,0.11158968199860611
15,West,Liquid,0.1318643436756725
16,North,Total,0.07261083875469283
16,North,Solids,0.12914102681971296
16,North,Liquid,0.1473470063521911
16,South,Total,0.06277204922627838
16,South,Solids,0.10655789136630603
16,South,Liquid,0.14529269802006883
16,West,Total,0.06342704020141177
16,West,Solids,0.10867463589974277
16,West,Liquid,0.14362769466304748
17,North,Total,0.07097730615036575
17,North,Solids,0.15073174870531675
17,North,Liquid,0.11916885127693387
17,South,Total,0.06185283479524828
17,South,Solids,0.12353875552216853
17,South,Liquid,0.11783089188408766
17,West,Total,0.06262429942294548
17,West,Solids,0.12660803599154966
17,West,Liquid,0.11679540477579128
18,North,Total,0.06759953575996686
18,North,Solids,0.13857340066646534
18,North,Liquid,0.12698152641374422
18,South,Total,0.06081832646979465
18,South,Solids,0.11636973597927372
18,South,Liquid,0.1253279346376411
18,West,Total,0.06115243279996925
18,West,Solids,0.11871377770248978
18,West,Liquid,0.12389785936387371
19,North,Total,0.07222852155398964
19,North,Solids,0.14488095559323216
19,North,Liquid,0.1321186920688717
19,South,Total,0.06278440899683074
19,South,Solids,0.11805612155508154
19,South,Liquid,0.12964085980450968
19,West,Total,0.06339841402667291
19,West,Solids,0.12116442464190878
19,West,Liquid,0.12739241324717618
20,North,Total,0.07396822307255886
20,North,Solids,0.16137749804719953
20,North,Liquid,0.1253833380030488
20,South,Total,0.06368251621711445
20,South,Solids,0.13067501407311816
20,South,Liquid,0.12146263787007643
20,West,Total,0.06408864887283608
20,West,Solids,0.13411698151107587
20,West,Liquid,0.1176428569741801
21,North,Total,0.07029632393863688
21,North,Solids,0.1710196121720767
21,North,Liquid,0.10705021792519444
21,South,Total,0.06212433215080217
21,South,Solids,0.14296207524225826
21,South,Liquid,0.10516082337564267
21,West,Total,0.0624493168799114
21,West,Solids,0.14558068809311006
21,West,Liquid,0.10342798222651962
22,North,Total,0.06906025181734723
22,North,Solids,0.15301070516492266
22,North,Liquid,0.11948359505960658
22,South,Total,0.06120062380508354
22,South,Solids,0.12389461837588032
22,South,Liquid,0.11824606452166538
22,West,Total,0.06171881727643983
22,West,Solids,0.12703323111355508
22,West,Liquid,0.11731814020578828
23,North,Total,0.06759477771226087
23,North,Solids,0.1979538104439742
23,North,Liquid,0.10202365232456093
23,South,Total,0.06158925344646938
23,South,Solids,0.16135170559312084
23,South,Liquid,0.09951213156975519
23,West,Total,0.06122622270519968
23,West,Solids,0.16538327781026582
23,West,Liquid,0.09716382694001462
24,North,Total,0.0698331398553774
24,North,Solids,0.13157368692168897
24,North,Liquid,0.137339816837939
24,South,Total,0.06150481872480737
24,South,Solids,0.10924765360588015
24,South,Liquid,0.13590148781113956
24,West,Total,0.06219511351528397
24,West,Solids,0.11181469938564702
24,West,Liquid,0.13476877795769
25,North,Total,0.06509761278581797
25,North,Solids,0.13990939971548216
25,North,Liquid,0.12943625282182705
25,South,Total,0.0597143993384831
25,South,Solids,0.11478657977701476
25,South,Liquid,0.12833873362557913
25,West,Total,0.05994256425077932
25,West,Solids,0.11754571377260255
25,West,Liquid,0.12746132524490938
26,North,Total,0.07193130528364462
26,North,Solids,0.1466950087067935
26,North,Liquid,0.13816743278126103
26,South,Total,0.06365937889694433
26,South,Solids,0.12315418541393353
26,South,Liquid,0.13219112473846958
26,West,Total,0.06334638147061146
26,West,Solids,0.12561498271599347
26,West,Liquid,0.12641803465416834
27,North,Total,0.0643173995903547
27,North,Solids,0.18020330350208222
27,North,Liquid,0.09942389496426693
27,South,Total,0.059352100265603634
27,South,Solids,0.14883427970317079
27,South,Liquid,0.09850421106673418
27,West,Total,0.059500661416277495
27,West,Solids,0.1520988823027944
27,West,Liquid,0.09775932164645888
28,North,Total,0.07306538084896105
28,North,Solids,0.18650332016064247
28,North,Liquid,0.10182182443902424
28,South,Total,0.06286074512389901
28,South,Solids,0.1520062765812985
28,South,Liquid,0.10024390312463019
28,West,Total,0.06368104190363105
28,West,Solids,0.15588068058865281
28,West,Liquid,0.09885505728818246
29,North,Total,0.06934127387856032
29,North,Solids,0.16596126326342794
29,North,Liquid,0.10919605498032835
29,South,Total,0.06142389854529873
29,South,Solids,0.13640892109167604
29,South,Liquid,0.10776199835068366
29,West,Total,0.06192258081186201
29,West,Solids,0.13976501000290437
29,West,Liquid,0.1064748569342099
30,North,Total,0.07089517312169462
30,North,Solids,0.15732458621107043
30,North,Liquid,0.1222069867268722
30,South,Total,0.06274635149538911
30,South,Solids,0.13180829453710757
30,South,Liquid,0.11835016946349199
30,West,Total,0.06276669734571064
30,West,Solids,0.1343266580361486
30,West,Liquid,0.11469041534885828
31,North,Total,0.07107074155791909
31,North,Solids,0.18416833695028795
31,North,Liquid,0.10742912658040077
31,South,Total,0.06249674256220655
31,South,Solids,0.14852054257960956
31,South,Liquid,0.10505859054162855
31,West,Total,0.06270766377230406
31,West,Solids,0.15235427295878587
31,West,Liquid,0.10277680947806767
32,North,Total,0.07367811204399637
32,North,Solids,0.18163724225228434
32,North,Liquid,0.12308333517093877
32,South,Total,0.06523709217123796
32,South,Solids,0.14928133376941602
32,South,Liquid,0.1165877851496186
32,West,Total,0.06430704360428185
32,West,Solids,0.152897893836161
32,West,Liquid,0.11054980959549522
33,North,Total,0.06514139506789128
33,North,Solids,0.214458421416859
33,North,Liquid,0.09203462545750647
33,South,Total,0.06031882496870888
33,South,Solids,0.17889206112545053
33,South,Liquid,0.09041986945399455
33,West,Total,0.060074762508868555
33,West,Solids,0.18254747238104085
33,West,Liquid,0.08896913291850307
34,North,Total,0.07454654308394584
34,North,Solids,0.14599095183515304
34,North,Liquid,0.1505606003943795
34,South,Total,0.06508646279034444
34,South,Solids,0.1214192964416881
34,South,Liquid,0.14212942259665623
34,West,Total,0.06461158192361353
34,West,Solids,0.12400278948655452
34,West,Liquid,0.13409716079178224
35,North,Total,0.06857632257940449
35,North,Solids,0.126689469824414
35,North,Liquid,0.1475599837419085
35,South,Total,0.06104597940997597
35,South,Solids,0.10441569136600856
35,South,Liquid,0.1461509833980394
35,West,Total,0.06152085054186605
35,West,Solids,0.10672523122536963
35,West,Liquid,0.14506646280501834
36,North,Total,0.07072934815026408
36,North,Solids,0.12501857056972654
36,North,Liquid,0.16583143530672848
36,South,Total,0.06257451658240593
36,South,Solids,0.1025898538686629
36,South,Liquid,0.16170879994002452
36,West,Total,0.06269753551173703
36,West,Solids,0.10505083292876949
36,West,Liquid,0.15777570995372137
37,North,Total,0.06423148190201605
37,North,Solids,0.13530160255140156
37,North,Liquid,0.1365704533454702
37,South,Total,0.059617303723772115
37,South,Solids,0.11141904912934293
37,South,Liquid,0.13459031878945055
37,West,Total,0.059532813700581444
37,West,Solids,0.11408510625980368
37,West,Liquid,0.13287021329878435
38,North,Total,0.0674072980445049
38,North,Solids,0.1700949207485691
38,North,Liquid,0.10579949194828876
38,South,Total,0.06067653321886287
38,South,Solids,0.13990953898297503
38,South,Liquid,0.10464460898184207
38,West,Total,0.06109631615459346
38,West,Solids,0.143519906329643
38,West,Liquid,0.1037109362152319
39,North,Total,0.06979991314752548
39,North,Solids,0.11859427449212394
39,North,Liquid,0.16750204749348158
39,South,Total,0.06146237831965691
39,South,Solids,0.09731029173818043
39,South,Liquid,0.16597341040701075
39,West,Total,0.06211511559678684
39,West,Solids,0.09969550092060868
39,West,Liquid,0.16472174233288334
40,North,Total,0.07297498377359977
40,North,Solids,0.1455409799827872
40,North,Liquid,0.13856150412376564
40,South,Total,0.06351303994199622
40,South,Solids,0.11935652644074375
40,South,Liquid,0.1340334860004095
40,West,Total,0.06373319167553419
40,West,Solids,0.12224391922360835
40,West,Liquid,0.12963294962351934
41,North,Total,0.0793473442950525
41,North,Solids,0.14270166511787108
41,North,Liquid,0.18280462126016844
41,South,Total,0.06681864622209271
41,South,Solids,0.11653121427048697
41,South,Liquid,0.16745980474378036
41,West,Total,0.06680977897540641
41,West,Solids,0.11954761038143558
41,West,Liquid,0.15368590750854227
42,North,Total,0.06694869896670852
42,North,Solids,0.17826996080831506
42,North,Liquid,0.10309084186425062
42,South,Total,0.06061966838358017
42,South,Solids,0.14577715533993546
42,South,Liquid,0.10196625788164793
42,West,Total,0.06088193995158895
42,West,Solids,0.1491663727959936
42,West,Liquid,0.10112475440179117
43,North,Total,0.07279756224867512
43,North,Solids,0.19129277446009246
43,North,Liquid,0.10968109414843795
43,South,Total,0.0637546780321124
43,South,Solids,0.15853265318207596
43,South,Liquid,0.10552548946642845
43,West,Total,0.06373410690203543
43,West,Solids,0.1618578247129576
43,West,Liquid,0.10159898944943721
44,North,Total,0.0687624160162079
44,North,Solids,0.12355435520894911
44,North,Liquid,0.15441400696770094
44,South,Total,0.06113178855071365
44,South,Solids,0.10192593440325394
44,South,Liquid,0.15260413954520127
44,West,Total,0.06161986839632548
44,West,Solids,0.10429747130852747
44,West,Liquid,0.15104471351883458
45,North,Total,0.07135623616817739
45,North,Solids,0.12336805542155559
45,North,Liquid,0.1684934269136624
45,South,Total,0.06309053039352787
45,South,Solids,0.10343873356748906
45,South,Liquid,0.16204596778567948
45,West,Total,0.06303571415255017
45,West,Solids,0.10565814552622513
45,West,Liquid,0.15592988307613032
46,North,Total,0.0669542376271271
46,North,Solids,0.1556051162496952
46,North,Liquid,0.12100637199879609
46,South,Total,0.061230579532249155
46,South,Solids,0.12859947812220657
46,South,Liquid,0.11830137523540207
46,West,Total,0.06089586618846387
46,West,Solids,0.13130299232622572
46,West,Liquid,0.11575988060445425
47,North,Total,0.0721201463609592
47,North,Solids,0.14290100600389738
47,North,Liquid,0.1293055172451014
47,South,Total,0.06252917474403237
47,South,Solids,0.11872998701612186
47,South,Liquid,0.12667790407439888
47,West,Total,0.06317074960708098
47,West,Solids,0.12124255931179209
47,West,Liquid,0.12425575989454185
48,North,Total,0.06764640391576292
48,North,Solids,0.13889620731333202
48,North,Liquid,0.13711679452563832
48,South,Total,0.061577128674889944
48,South,Solids,0.11560511583976874
48,South,Liquid,0.1335919778990497
48,West,Total,0.06127999681450099
48,West,Solids,0.11824058871408724
48,West,Liquid,0.13026495095458712
49,North,Total,0.07310728314222752
49,North,Solids,0.1186193981798716
49,North,Liquid,0.1881154556854715
49,South,Total,0.06345641297111067
49,South,Solids,0.09733646034031836
49,South,Liquid,0.1820432591161663
49,West,Total,0.06378900860849908
49,West,Solids,0.09966184467964305
49,West,Liquid,0.17647635436086684
50,North,Total,0.06982859206623322
50,North,Solids,0.15337961677166348
50,North,Liquid,0.12517605138024887
50,South,Total,0.06204779973170406
50,South,Solids,0.12502820737538964
50,South,Liquid,0.12228140721716971
50,West,Total,0.062234393743013594
50,West,Solids,0.12858078848641155
50,West,Liquid,0.11948200287272051
51,North,Total,0.07028541009701718
51,North,Solids,0.2607363611892511
51,North,Liquid,0.09345736627150547
51,South,Total,0.06351190452537306
51,South,Solids,0.21638474781359193
51,South,Liquid,0.0897251170809333
51,West,Total,0.06260407645704322
51,West,Solids,0.2208077852566009
51,West,Liquid,0.08614776845122252
52,North,Total,0.07370046254682616
52,North,Solids,0.15703879712896587
52,North,Liquid,0.13073474273383479
52,South,Total,0.06396540947707019
52,South,Solids,0.12944972195557944
52,South,Liquid,0.1255672853979717
52,West,Total,0.06401217919155806
52,West,Solids,0.13220179761755252
52,West,Liquid,0.12047996960544513
53,North,Total,0.0695437346832937
53,North,Solids,0.18843436897530347
53,North,Liquid,0.11076714198187695
53,South,Total,0.06306325127346024
53,South,Solids,0.1547871515855603
53,South,Liquid,0.10668626164296985
53,West,Total,0.06220966608590961
53,West,Solids,0.15827084632495325
53,West,Liquid,0.10280218153986002
54,North,Total,0.0726267731651986
54,North,Solids,0.1335743435968122
54,North,Liquid,0.14951737885586255
54,South,Total,0.06305901229468507
54,South,Solids,0.10939334454473225
54,South,Liquid,0.1458371175855709
54,West,Total,0.06348258459054236
54,West,Solids,0.1118980803077526
54,West,Liquid,0.14243813852448686
55,North,Total,0.07318701916961798
55,North,Solids,0.12721267887510604
55,North,Liquid,0.1729041909287704
55,South,Total,0.06459044590115144
55,South,Solids,0.10826848392896675
55,South,Liquid,0.16263113306034027
55,West,Total,0.06402118959038357
55,West,Solids,0.11008229359301529
55,West,Liquid,0.1531134214350241
56,North,Total,0.06816809495375549
56,North,Solids,0.15058324032929057
56,North,Liquid,0.11559435968780617
56,South,Total,0.06082894765969194
56,South,Solids,0.12482488803280678
56,South,Liquid,0.11465002015113493
56,West,Total,0.0613832819332104
56,West,Solids,0.12777887778919578
56,West,Liquid,0.11385843910575201
57,North,Total,0.06768779758347417
57,North,Solids,0.13243714152236463
57,North,Liquid,0.13924099632943898
57,South,Total,0.060865784898605266
57,South,Solids,0.10954236607947673
57,South,Liquid,0.13745073586919893
57,West,Total,0.06111725269357153
57,West,Solids,0.11174342653413825
57,West,Liquid,0.1359431047754877
58,North,Total,0.06808245837153423
58,North,Solids,0.13517797793458416
58,North,Liquid,0.13141565333651323
58,South,Total,0.061175865003853844
58,South,Solids,0.11388311111578227
58,South,Liquid,0.12971906834718244
58,West,Total,0.06146092761049733
58,West,Solids,0.11585249635418218
58,West,Liquid,0.12836242495000982
59,North,Total,0.06557111995627121
59,North,Solids,0.20393663155130812
59,North,Liquid,0.09725837053511516
59,South,Total,0.06059671981480461
59,South,Solids,0.16698125083224863
59,South,Liquid,0.0954354864627428
59,West,Total,0.06023451156764839
59,West,Solids,0.17057093311291263
59,West,Liquid,0.09373901085208143
60,North,Total,0.06722294544103792
60,North,Solids,0.17270864349645532
60,North,Liquid,0.10507265361075255
60,South,Total,0.060602335590665184
60,South,Solids,0.14162849778521408
60,South,Liquid,0.10385632041723786
60,West,Total,0.060867995301190324
60,West,Solids,0.14478311761019505
60,West,Liquid,0.10283192423744456
61,North,Total,0.06660678714740909
61,North,Solids,0.17003677795842675
61,North,Liquid,0.10395135645380336
61,South,Total,0.060288261241420615
61,South,Solids,0.14073712162080512
61,South,Liquid,0.10300857908977015
61,West,Total,0.060695896224172576
61,West,Solids,0.14414999583265045
61,West,Liquid,0.10228520977292631
62,North,Total,0.06518952192714614
62,North,Solids,0.17460099806848822
62,North,Liquid,0.1025452832693619
62,South,Total,0.06014466442368064
62,South,Solids,0.1476492579219041
62,South,Liquid,0.10093597473743847
62,West,Total,0.06005928829683428
62,West,Solids,0.15030943791967127
62,West,Liquid,0.09951445566826643
63,North,Total,0.0709755566053513
63,North,Solids,0.3223995839991081
63,North,Liquid,0.08518619214001195
63,South,Total,0.06334364941517229
63,South,Solids,0.261953512580556
63,South,Liquid,0.08225710827446847
63,West,Total,0.0628685715026566
63,West,Solids,0.26816302895359145
63,West,Liquid,0.07947550057225261
64,North,Total,0.07264338789958238
64,North,Solids,0.1529273564272624
64,North,Liquid,0.11632923561171502
64,South,Total,0.06249569064798939
64,South,Solids,0.1260828531137228
64,South,Liquid,0.11507094590290927
64,West,Total,0.06345363133284013
64,West,Solids,0.12911257982374505
64,West,Liquid,0.11411533576650505
65,North,Total,0.07140943206373267
65,North,Solids,0.14269143407874554
65,North,Liquid,0.13206183749054157
65,South,Total,0.06248791457181376
65,South,Solids,0.11789525478260844
65,South,Liquid,0.12926006936157444
65,West,Total,0.06290845015525612
65,West,Solids,0.12045122954125947
65,West,Liquid,0.12663814452750247
66,North,Total,0.06836017587321379
66,North,Solids,0.16550026809383486
66,North,Liquid,0.10883133561271356
66,South,Total,0.061184880489687475
66,South,Solids,0.13655768639557841
66,South,Liquid,0.10755838895204993
66,West,Total,0.06152714154060676
66,West,Solids,0.13955297014913765
66,West,Liquid,0.1065041735241326
67,North,Total,0.0657119738612545
67,North,Solids,0.15412782409595077
67,North,Liquid,0.11454976528189034
67,South,Total,0.06020392728078815
67,South,Solids,0.12896103258254846
67,South,Liquid,0.11297987209091855
67,West,Total,0.060310113741061835
67,West,Solids,0.13151327614147693
67,West,Liquid,0.1117495713913482
68,North,Total,0.0708148547066969
68,North,Solids,0.1195717791572167
68,North,Liquid,0.16990098941218956
68,South,Total,0.06189210875713893
68,South,Solids,0.09749646681343593
68,South,Liquid,0.16795150292286495
68,West,Total,0.06256062541762435
68,West,Solids,0.09990169449356379
68,West,Liquid,0.16636504439820438
69,North,Total,0.07083779065363657
69,North,Solids,0.12449619276926771
69,North,Liquid,0.155949174882016
69,South,Total,0.06204751720534753
69,South,Solids,0.1025644753151544
69,South,Liquid,0.15370660485054272
69,West,Total,0.06262270309136132
69,West,Solids,0.1049092327662881
69,West,Liquid,0.15174848947299313
70,North,Total,0.07004020879615493
70,North,Solids,0.13442638188103317
70,North,Liquid,0.13665199969770095
70,South,Total,0.06167341415920434
70,South,Solids,0.11057755615814645
70,South,Liquid,0.13524672657501827
70,West,Total,0.06218413662046635
70,West,Solids,0.1129301073813105
70,West,Liquid,0.13403294591795226
71,North,Total,0.06794305003598604
71,North,Solids,0.20614882377287144
71,North,Liquid,0.09994997210589565
71,South,Total,0.061977358614875334
71,South,Solids,0.17151484047859153
71,South,Liquid,0.09685225655510797
71,West,Total,0.06141460288689237
71,West,Solids,0.17546502714646453
71,West,Liquid,0.0938856400318823
72,North,Total,0.0699317956606331
72,North,Solids,0.14825357403459943
72,North,Liquid,0.12013424346421574
72,South,Total,0.06179245425482336
72,South,Solids,0.12439778249873927
72,South,Liquid,0.11815189409452687
72,West,Total,0.06228111091126766
72,West,Solids,0.12692956090392807
72,West,Liquid,0.11635019867167655
73,North,Total,0.07339065499022662
73,North,Solids,0.19919695230843296
73,North,Liquid,0.10875326269747009
73,South,Total,0.0638854447842607
73,South,Solids,0.16562959014244985
73,South,Liquid,0.10406536800535453
73,West,Total,0.06389244178609417
73,West,Solids,0.16897878865875232
73,West,Liquid,0.09957199654308424
74,North,Total,0.06957256314218874
74,North,Solids,0.14123350005794766
74,North,Liquid,0.13396199373561446
74,South,Total,0.06208522297123547
74,South,Solids,0.11717101274700444
74,South,Liquid,0.13103281483441584
74,West,Total,0.06211556994716417
74,West,Solids,0.11943805115414957
74,West,Liquid,0.12825129675996141
75,North,Total,0.07206740428939405
75,North,Solids,0.12307501029548325
75,North,Liquid,0.16920918609736946
75,South,Total,0.06258694547233083
75,South,Solids,0.09952256941432988
75,South,Liquid,0.1667977614226004
75,West,Total,0.0631887499624483
75,West,Solids,0.10203669092636485
75,West,Liquid,0.16462557368960518
76,North,Total,0.06501013841190158
76,North,Solids,0.1587961543723158
76,North,Liquid,0.10895752842785811
76,South,Total,0.05973924842284891
76,South,Solids,0.13313523214028508
76,South,Liquid,0.10787973249028984
76,West,Total,0.05987858944832705
76,West,Solids,0.13568556931588233
76,West,Liquid,0.10698971715872327
77,North,Total,0.06891266392994448
77,North,Solids,0.17251507083008447
77,North,Liquid,0.11503089451522827
77,South,Total,0.062424549786572414
77,South,Solids,0.14197531337571953
77,South,Liquid,0.11162934062713885
77,West,Total,0.06192478583206784
77,West,Solids,0.14518844298714373
77,West,Liquid,0.10836423258707123
78,North,Total,0.06470666236742684
78,North,Solids,0.21692867634949387
78,North,Liquid,0.09276554651550781
78,South,Total,0.06016806223891871
78,South,Solids,0.17844236303503258
78,South,Liquid,0.09107247773314303
78,West,Total,0.05980689894135289
78,West,Solids,0.1820331535724394
78,West,Liquid,0.08958296028567975
79,North,Total,0.06887358219820805
79,North,Solids,0.1462983890670978
79,North,Liquid,0.12279741896752235
79,South,Total,0.06136236481699545
79,South,Solids,0.1207882186602844
79,South,Liquid,0.1214948859490819
79,West,Total,0.06180727560178521
79,West,Solids,0.12342026681568448
79,West,Liquid,0.12049832862973671
80,North,Total,0.07009216148261195
80,North,Solids,0.15316385188344986
80,North,Liquid,0.12119181954014857
80,South,Total,0.06176819244063707
80,South,Solids,0.12421602555294235
80,South,Liquid,0.1195768533789314
80,West,Total,0.06224310571091332
80,West,Solids,0.1272991015445197
80,West,Liquid,0.11815957242963618
81,North,Total,0.06947015429069621
81,North,Solids,0.1568679188612132
81,North,Liquid,0.11422775542240232
81,South,Total,0.06135411719537593
81,South,Solids,0.12766257000079564
81,South,Liquid,0.11339818010241925
81,West,Total,0.06196465825877026
81,West,Solids,0.13086137311881593
81,West,Liquid,0.112742097554489
82,North,Total,0.07895543303627413
82,North,Solids,0.1740701570425977
82,North,Liquid,0.14904184118792974
82,South,Total,0.06705360108190306
82,South,Solids,0.14315366417758088
82,South,Liquid,0.13633023122790397
82,West,Total,0.06669006770410445
82,West,Solids,0.14657257774287089
82,West,Liquid,0.12484314367614702
83,North,Total,0.06432680687402319
83,North,Solids,0.185238390222894
83,North,Liquid,0.09625780837925806
83,South,Total,0.0593420880470518
83,South,Solids,0.15447978330113052
83,South,Liquid,0.09537693219183975
83,West,Total,0.059520201878997175
83,West,Solids,0.15773303029848368
83,West,Liquid,0.09467978169559012
84,North,Total,0.06935272157179866
84,North,Solids,0.17709020690884558
84,North,Liquid,0.11164912624104861
84,South,Total,0.062420854438311434
84,South,Solids,0.14676201840919031
84,South,Liquid,0.10817827381794978
84,West,Total,0.06212208579399335
84,West,Solids,0.15028578115251712
84,West,Liquid,0.10485988274766939
85,North,Total,0.06958401656629574
85,North,Solids,0.14268815063842027
85,North,Liquid,0.13521305632054584
85,South,Total,0.06209254009760157
85,South,Solids,0.11719905750315679
85,South,Liquid,0.1319974285320644
85,West,Total,0.06204833630863311
85,West,Solids,0.11974536764500625
85,West,Liquid,0.12891801872768122
86,North,Total,0.07047983909356331
86,North,Solids,0.1337105404869583
86,North,Liquid,0.14609937401165188
86,South,Total,0.06231021684215352
86,South,Solids,0.10984087650189334
86,South,Liquid,0.1430613952853181
86,West,Total,0.06250192885483714
86,West,Solids,0.11210457940923023
86,West,Liquid,0.14037698360058762
87,North,Total,0.06897407548210112
87,North,Solids,0.18523581486602525
87,North,Liquid,0.09776113716500319
87,South,Total,0.06123012246480092
87,South,Solids,0.15279773300097516
87,South,Liquid,0.09689604372136146
87,West,Total,0.06171488184282831
87,West,Solids,0.15597434184787895
87,West,Liquid,0.09622850101856552
88,North,Total,0.0698932376153131
88,North,Solids,0.14698092346351954
88,North,Liquid,0.12331815704513821
88,South,Total,0.06158566424048558
88,South,Solids,0.12024053845658446
88,South,Liquid,0.12198621555677545
88,West,Total,0.062152113065544544
88,West,Solids,0.12315022902105197
88,West,Liquid,0.12082916535281829
89,North,Total,0.07367222390175733
89,North,Solids,0.20105694482602754
89,North,Liquid,0.10756446933828552
89,South,Total,0.06406582184200202
89,South,Solids,0.16496473714882878
89,South,Liquid,0.10342071488813805
89,West,Total,0.06406926425796597
89,West,Solids,0.16858884669800073
89,West,Liquid,0.0994334975617998
90,North,Total,0.07397645976924064
90,North,Solids,0.13273698655427582
90,North,Liquid,0.15083004468402494
90,South,Total,0.06343035073496736
90,South,Solids,0.10903051688305616
90,South,Liquid,0.14686336474924283
90,West,Total,0.06404083189378061
90,West,Solids,0.11147886937754564
90,West,Liquid,0.1430158840017355
91,North,Total,0.06743332550946725
91,North,Solids,0.14177978681431702
91,North,Liquid,0.12381098609184124
91,South,Total,0.06066476652333517
91,South,Solids,0.1180381104131501
91,South,Liquid,0.1226730432620872
91,West,Total,0.06105140282315399
91,West,Solids,0.12045875842664076
91,West,Liquid,0.12180619146838259
92,North,Total,0.07023829111422587
92,North,Solids,0.16679156585324956
92,North,Liquid,0.1070723204675868
92,South,Total,0.06177075903668389
92,South,Solids,0.13928897397362486
92,South,Liquid,0.10551979444773849
92,West,Total,0.06229754393200039
92,West,Solids,0.14202950128895997
92,West,Liquid,0.10416407925280453
93,North,Total,0.07830318692342204
93,North,Solids,0.17213801096654355
93,North,Liquid,0.14550478948298481
93,South,Total,0.06872267802574401
93,South,Solids,0.1435129286446595
93,South,Liquid,0.13359162842863617
93,West,Total,0.06667740722207141
93,West,Solids,0.1463809770051078
93,West,Liquid,0.12285882111446265
94,North,Total,0.06751018360650873
94,North,Solids,0.1539081347065465
94,North,Liquid,0.11555686060576974
94,South,Total,0.06057039599716468
94,South,Solids,0.12589941758233636
94,South,Liquid,0.11463275672673133
94,West,Total,0.06105618974616012
94,West,Solids,0.12915131602075883
94,West,Liquid,0.1138793457973923
95,North,Total,0.07010285190727168
95,North,Solids,0.19211897467101033
95,North,Liquid,0.09739914795930468
95,South,Total,0.06171795044302411
95,South,Solids,0.1574963171170584
95,South,Liquid,0.09620012738037546
95,West,Total,0.06219957595295885
95,West,Solids,0.16092773546154357
95,West,Liquid,0.09519365661108849
96,North,Total,0.06933692914596098
96,North,Solids,0.1411418003947387
96,North,Liquid,0.13126150048029744
96,South,Total,0.06143919952939262
96,South,Solids,0.11516401661097511
96,South,Liquid,0.12961872462422083
96,West,Total,0.061881656632415294
96,West,Solids,0.11787232676695789
96,West,Liquid,0.12823911608617264
97,North,Total,0.06924684496011707
97,North,Solids,0.15397720031901027
97,North,Liquid,0.11455435718977673
97,South,Total,0.06139670612686977
97,South,Solids,0.12724450345753704
97,South,Liquid,0.11357768447076849
97,West,Total,0.06188567989123803
97,West,Solids,0.12991898414217473
97,West,Liquid,0.11277512418448911
98,North,Total,0.07126114619312461
98,North,Solids,0.1382131156965933
98,North,Liquid,0.13768674872752423
98,South,Total,0.062373864108158567
98,South,Solids,0.11338526345649669
98,South,Liquid,0.13515095517128517
98,West,Total,0.0628591515873903
98,West,Solids,0.11605312873324122
98,West,Liquid,0.1328884685580482
99,North,Total,0.0700966491697279
99,North,Solids,0.18809547089102666
99,North,Liquid,0.1116779733499986
99,South,Total,0.06325248537829035
99,South,Solids,0.1537837223377846
99,South,Liquid,0.10760769713028046
99,West,Total,0.06248109275916254
99,West,Solids,0.15723684965036466
99,West,Liquid,0.10374574101215414
100,North,Total,0.07122531140867393
100,North,Solids,0.13522571872438957
100,North,Liquid,0.13997897608934876
100,South,Total,0.06227064219412446
100,South,Solids,0.11074207251231188
100,South,Liquid,0.1379869978532415
100,West,Total,0.06285523986305776
100,West,Solids,0.11332671705768531
100,West,Liquid,0.13639312302174145
101,North,Total,0.07059014480086995
101,North,Solids,0.181905720717957
101,North,Liquid,0.11016667857945846
101,South,Total,0.0627480190353116
101,South,Solids,0.14996843622281558
101,South,Liquid,0.10673763407858211
101,West,Total,0.06261169010639606
101,West,Solids,0.15339099176770796
101,West,Liquid,0.10346214105473868
102,North,Total,0.06533660426470136
102,North,Solids,0.1670737939867334
102,North,Liquid,0.10729640673026584
102,South,Total,0.05975802134335463
102,South,Solids,0.13654796488234625
102,South,Liquid,0.10633635550240882
102,West,Total,0.060003945543401105
102,West,Solids,0.1398932573710611
102,West,Liquid,0.10560802880398255
103,North,Total,0.06688443628681633
103,North,Solids,0.28928921813015285
103,North,Liquid,0.08206647178303875
103,South,Total,0.06108032404587895
103,South,Solids,0.23663065632097197
103,South,Liquid,0.08047293701451101
103,West,Total,0.06085663956397791
103,West,Solids,0.2417375888269545
103,West,Liquid,0.07900431061107357
104,North,Total,0.06513500111902369
104,North,Solids,0.1550943083969214
104,North,Liquid,0.11451372557188541
104,South,Total,0.06005505754162647
104,South,Solids,0.1297625856803895
104,South,Liquid,0.11278796806478754
104,West,Total,0.059971238447947384
104,West,Solids,0.13228131563246917
104,West,Liquid,0.11125975844274044
105,North,Total,0.07712627247667464
105,North,Solids,0.1523551246205187
105,North,Liquid,0.155222473905041
105,South,Total,0.06587938309372547
105,South,Solids,0.12467139810118166
105,South,Liquid,0.14468901648660426
105,West,Total,0.06573047004183681
105,West,Solids,0.12807208360302694
105,West,Liquid,0.13474195608054518
106,North,Total,0.06778972298175248
106,North,Solids,0.15852723731225207
106,North,Liquid,0.11589406916836686
106,South,Total,0.0607107418207976
106,South,Solids,0.12754633083985736
106,South,Liquid,0.11478219805518985
106,West,Total,0.061162653161697035
106,West,Solids,0.13123375316498695
106,West,Liquid,0.11382192227847629
107,North,Total,0.07130758993872531
107,North,Solids,0.15318101480646304
107,North,Liquid,0.12760015677119574
107,South,Total,0.0627580425621401
107,South,Solids,0.12592580454682833
107,South,Liquid,0.1237929719256148
107,West,Total,0.06290330298592835
107,West,Solids,0.1289954148149575
107,West,Liquid,0.12014642107552882
108,North,Total,0.07280544237189418
108,North,Solids,0.15677797907823918
108,North,Liquid,0.1330498768681911
108,South,Total,0.0642277238635659
108,South,Solids,0.13196482218779884
108,South,Liquid,0.12644537261796815
108,West,Total,0.063758793980872
108,West,Solids,0.13432769356511262
108,West,Liquid,0.12010809425467237
109,North,Total,0.06942612042400251
109,North,Solids,0.16062515495769514
109,North,Liquid,0.11199925405690993
109,South,Total,0.06158779577978152
109,South,Solids,0.13296339956175648
109,South,Liquid,0.11049285444813432
109,West,Total,0.06195894293278997
109,West,Solids,0.1356035125480332
109,West,Liquid,0.10919028056646375
110,North,Total,0.06499945036107813
110,North,Solids,0.20499157782854988
110,North,Liquid,0.09079014375825609
110,South,Total,0.05964424444666447
110,South,Solids,0.16990561485512973
110,South,Liquid,0.08996594054446523
110,West,Total,0.05978665700607276
110,West,Solids,0.17331007571047244
110,West,Liquid,0.08924622347275551
111,North,Total,0.06905086386413403
111,North,Solids,0.18052499951027157
111,North,Liquid,0.09979501952817459
111,South,Total,0.06120058669822966
111,South,Solids,0.14808515222778984
111,South,Liquid,0.09900265554475332
111,West,Total,0.06177384113029875
111,West,Solids,0.1516369201080631
111,West,Liquid,0.09836388153416754
112,North,Total,0.06296660816603569
112,North,Solids,0.1756419010355272
112,North,Liquid,0.10124969203156366
112,South,Total,0.05881306109781746
112,South,Solids,0.1451463279067504
112,South,Liquid,0.10037643658273922
112,West,Total,0.0588365163003682
112,West,Solids,0.14819417957802372
112,West,Liquid,0.09967106353397559
113,North,Total,0.06740451666481198
113,North,Solids,0.1753884863000077
113,North,Liquid,0.10757547519645194
113,South,Total,0.061345625272766775
113,South,Solids,0.14650833214391387
113,South,Liquid,0.10501453415450882
113,West,Total,0.0610824415382158
113,West,Solids,0.1492020534086717
113,West,Liquid,0.10265134577015705
114,North,Total,0.06947794533426957
114,North,Solids,0.16177036182776847
114,North,Liquid,0.11196947400756517
114,South,Total,0.06176169303217865
114,South,Solids,0.13490547363214805
114,South,Liquid,0.11008508977697362
114,West,Total,0.062049117937705005
114,West,Solids,0.13758250481993184
114,West,Liquid,0.10831952481925526
115,North,Total,0.06515663582958127
115,North,Solids,0.14289599422104007
115,North,Liquid,0.12275904139527395
115,South,Total,0.05970746116108483
115,South,Solids,0.11852463372784168
115,South,Liquid,0.12171537647750413
115,West,Total,0.05997129184145039
115,West,Solids,0.12129383370814888
115,West,Liquid,0.12089370789827357
116,North,Total,0.06676547658326493
116,North,Solids,0.20896901013007474
116,North,Liquid,0.09717362139979195
116,South,Total,0.06146179277738597
116,South,Solids,0.17481845158326495
116,South,Liquid,0.09457833681844097
116,West,Total,0.060858194908627004
116,West,Solids,0.1780026978194437
116,West,Liquid,0.09211336766914957
117,North,Total,0.07071616032285494
117,North,Solids,0.13260938982591405
117,North,Liquid,0.15546151814734183
117,South,Total,0.06292833586670823
117,South,Solids,0.10894725147269806
117,South,Liquid,0.1500891522246226
117,West,Total,0.06266527558702574
117,West,Solids,0.11166353104922713
117,West,Liquid,0.14490503109274017
118,North,Total,0.0628571362905609
118,North,Solids,0.26013986018708246
118,North,Liquid,0.0821430775700217
118,South,Total,0.05905995408478006
118,South,Solids,0.21447185075542316
118,South,Liquid,0.08119701047232042
118,West,Total,0.058858566310918015
118,West,Solids,0.2185048884111186
118,West,Liquid,0.08041520175780904
119,North,Total,0.0653911521363024
119,North,Solids,0.21576281980679674
119,North,Liquid,0.0906001249085958
119,South,Total,0.060091626249311574
119,South,Solids,0.17721265838650702
119,South,Liquid,0.0895271484159909
119,West,Total,0.06011494485840423
119,West,Solids,0.18064403380448243
119,West,Liquid,0.08872547032498855
120,North,Total,0.07235710873310368
120,North,Solids,0.13228322571031517
120,North,Liquid,0.141756287968193
120,South,Total,0.06258357373987518
120,South,Solids,0.10916334542890951
120,South,Liquid,0.13964609840069014
120,West,Total,0.06327577432062216
120,West,Solids,0.11152629889171194
120,West,Liquid,0.13770086740503912
121,North,Total,0.07016352292920121
121,North,Solids,0.1391639724612178
121,North,Liquid,0.14552163143756075
121,South,Total,0.06324381840014691
121,South,Solids,0.11598625492880792
121,South,Liquid,0.13981057280621897
121,West,Total,0.06254180513066335
121,West,Solids,0.11859228414262414
121,West,Liquid,0.13430336466371093
122,North,Total,0.08614077978739165
122,North,Solids,0.1791090411394363
122,North,Liquid,0.17264705436209304
122,South,Total,0.07427545098789522
122,South,Solids,0.14978840437327812
122,South,Liquid,0.1511966481387998
122,West,Total,0.07073794838449113
122,West,Solids,0.1526922880379869
122,West,Liquid,0.13349341926530006
123,North,Total,0.0651588895247414
123,North,Solids,0.29452550517567183
123,North,Liquid,0.08203130732112188
123,South,Total,0.06055026935179202
123,South,Solids,0.2413684910296364
123,South,Liquid,0.08028272793075415
123,West,Total,0.06009262911142052
123,West,Solids,0.2472005487809673
123,West,Liquid,0.07871126788897605
124,North,Total,0.07149141471848801
124,North,Solids,0.14712904303391805
124,North,Liquid,0.12336702927444398
124,South,Total,0.0620092497578144
124,South,Solids,0.11965161117825139
124,South,Liquid,0.12216116250919348
124,West,Total,0.06272833073248309
124,West,Solids,0.12248551154149
124,West,Liquid,0.121166341102554
125,North,Total,0.07170715580907501
125,North,Solids,0.11451325407399321
125,North,Liquid,0.17453640026547554
125,South,Total,0.06222955489149547
125,South,Solids,0.09511014234859247
125,South,Liquid,0.172666168571515
125,West,Total,0.06301745773300853
125,West,Solids,0.097162729689081
125,West,Liquid,0.17113699054099868
126,North,Total,0.0651081005170233
126,North,Solids,0.1561777763446982
126,North,Liquid,0.11378945337882228
126,South,Total,0.05983303494592296
126,South,Solids,0.12919547822200422
126,South,Liquid,0.11248424689559251
126,West,Total,0.05992239864854013
126,West,Solids,0.131846420846902
126,West,Liquid,0.11144126211416341
127,North,Total,0.06571016826953215
127,North,Solids,0.17643198167008745
127,North,Liquid,0.10250472604390788
127,South,Total,0.06020639395625828
127,South,Solids,0.1469725515354483
127,South,Liquid,0.10108437601185959
127,West,Total,0.060237011819200804
127,West,Solids,0.15003796327106433
127,West,Liquid,0.09979347647055085
128,North,Total,0.07355452817886851
128,North,Solids,0.1463664086048995
128,North,Liquid,0.14763263348341826
128,South,Total,0.0647041571500841
128,South,Solids,0.12010706425001713
128,South,Liquid,0.14072082054011875
128,West,Total,0.06411663666353605
128,West,Solids,0.122636049466735
128,West,Liquid,0.13425297816767995
129,North,Total,0.06719419916599366
129,North,Solids,0.16385874477710816
129,North,Liquid,0.11701650803214755
129,South,Total,0.06177635959234147
129,South,Solids,0.13688690328533848
129,South,Liquid,0.11348147310172851
129,West,Total,0.061109753988710096
129,West,Solids,0.13997679341428787
129,West,Liquid,0.11014000512108713
130,North,Total,0.06636991897771402
130,North,Solids,0.16758572896926455
130,North,Liquid,0.10397310863216377
130,South,Total,0.06015222689291523
130,South,Solids,0.1396523983913713
130,South,Liquid,0.10306164148129546
130,West,Total,0.060513160531509985
130,West,Solids,0.14268232051544802
130,West,Liquid,0.1023225484815753
131,North,Total,0.0686094565844122
131,North,Solids,0.13174027505202096
131,North,Liquid,0.1439940656005966
131,South,Total,0.0616894220125254
131,South,Solids,0.11017192848112943
131,South,Liquid,0.14061568822550233
131,West,Total,0.061683501625903456
131,West,Solids,0.1124126991727149
131,West,Liquid,0.13746439213356326
132,North,Total,0.06545497640602377
132,North,Solids,0.13664991027653256
132,North,Liquid,0.13449222934989397
132,South,Total,0.059966551005239614
132,South,Solids,0.11222448625605885
132,South,Liquid,0.13289457911943342
132,West,Total,0.06003343693112219
132,West,Solids,0.11463173464171789
132,West,Liquid,0.13153948618447767
133,North,Total,0.0673569150664751
133,North,Solids,0.13358540188217366
133,North,Liquid,0.13482770188141707
133,South,Total,0.06080412917092664
133,South,Solids,0.11176216351166991
133,South,Liquid,0.13296853540603373
133,West,Total,0.061062276352034484
133,West,Solids,0.11411065647393084
133,West,Liquid,0.13136834438376935
134,North,Total,0.06321988245188259
134,North,Solids,0.2608561829251217
134,North,Liquid,0.08039851384622555
134,South,Total,0.05899199251296831
134,South,Solids,0.21717623429124963
134,South,Liquid,0.07963146404325178
134,West,Total,0.059047595333340516
134,West,Solids,0.22191457179332333
134,West,Liquid,0.07902890503655247
135,North,Total,0.07128625044262984
135,North,Solids,0.12989425001281873
135,North,Liquid,0.14726748166561104
135,South,Total,0.06236512485056178
135,South,Solids,0.10757317568389302
135,South,Liquid,0.14449496230536973
135,West,Total,0.06283569536643978
135,West,Solids,0.10978354481895101
135,West,Liquid,0.14202061653963405
136,North,Total,0.06979602603374312
136,North,Solids,0.15965244176703627
136,North,Liquid,0.11397970659575611
136,South,Total,0.06163624084294345
136,South,Solids,0.12997999880686922
136,South,Liquid,0.11282014483565389
136,West,Total,0.062165990110229455
136,West,Solids,0.13325137723712788
136,West,Liquid,0.1118208968238111
137,North,Total,0.06851909128754947
137,North,Solids,0.12281171130961412
137,North,Liquid,0.16054195128362006
137,South,Total,0.06108621087661018
137,South,Solids,0.10037920701163978
137,South,Liquid,0.1587496108501954
137,West,Total,0.06142923111913534
137,West,Solids,0.10253676506999504
137,West,Liquid,0.15723221866348103
138,North,Total,0.06820157928592052
138,North,Solids,0.16060147652827345
138,North,Liquid,0.1152984971111964
138,South,Total,0.061119972785715994
138,South,Solids,0.1304129417846576
138,South,Liquid,0.11371606602852162
138,West,Total,0.061442277770101035
138,West,Solids,0.13397788302968613
138,West,Liquid,0.11232469013541713
139,North,Total,0.07515065359724754
139,North,Solids,0.17762262225976605
139,North,Liquid,0.12547616274811163
139,South,Total,0.06493060362760071
139,South,Solids,0.14703893819926162
139,South,Liquid,0.11860979925503048
139,West,Total,0.06476524121049239
139,West,Solids,0.1500618770008462
139,West,Liquid,0.11203476214315634
140,North,Total,0.06686049873543833
140,North,Solids,0.1995091086527554
140,North,Liquid,0.09679266907793654
140,South,Total,0.06081119005204112
140,South,Solids,0.16387122010006486
140,South,Liquid,0.09522089392174217
140,West,Total,0.060806433891699666
140,West,Solids,0.16759801304225402
140,West,Liquid,0.09375778145582675
141,North,Total,0.07736565225221452
141,North,Solids,0.1928584425560962
141,North,Liquid,0.13048883005442896
141,South,Total,0.06808349095450612
141,South,Solids,0.15999414880603452
141,South,Liquid,0.12062823565827507
141,West,Total,0.06617413624007862
141,West,Solids,0.16333151560400633
141,West,Liquid,0.11160554625646579
142,North,Total,0.07145603180960272
142,North,Solids,0.12042010695892205
142,North,Liquid,0.1646373842306408
142,South,Total,0.06215946114519236
142,South,Solids,0.09865339254080924
142,South,Liquid,0.16309070931431677
142,West,Total,0.06301592421659014
142,West,Solids,0.10127741622915158
142,West,Liquid,0.16187967752053622
143,North,Total,0.07260353241194115
143,North,Solids,0.19841667891668965
143,North,Liquid,0.10456258068043592
143,South,Total,0.0633628691875152
143,South,Solids,0.16058850207869316
143,South,Liquid,0.10164668011804162
143,West,Total,0.06347628833653177
143,West,Solids,0.16449105046511692
143,West,Liquid,0.09872898952304365
144,North,Total,0.06738954398355171
144,North,Solids,0.17971456074438172
144,North,Liquid,0.10517411228972841
144,South,Total,0.06101542588391352
144,South,Solids,0.1468473993613768
144,South,Liquid,0.10339106573292611
144,West,Total,0.06110581210980211
144,West,Solids,0.15053646304951254
144,West,Liquid,0.10182812694098214
145,North,Total,0.06871695015948272
145,North,Solids,0.1922029483645154
145,North,Liquid,0.09860184802299235
145,South,Total,0.061308682909953144
145,South,Solids,0.15510550302502454
145,South,Liquid,0.09763717312486442
145,West,Total,0.061644810990596044
145,West,Solids,0.15872351065205645
145,West,Liquid,0.09688781075459973
146,North,Total,0.06823646645999012
146,North,Solids,0.16974135511851168
146,North,Liquid,0.10345514157313526
146,South,Total,0.060937518873752095
146,South,Solids,0.14266652627002135
146,South,Liquid,0.10215865965230723
146,West,Total,0.06146509658405522
146,West,Solids,0.1457115707762595
146,West,Liquid,0.10117275898753413
147,North,Total,0.07220205704150169
147,North,Solids,0.12396982862638739
147,North,Liquid,0.15024572772202777
147,South,Total,0.0625125048492919
147,South,Solids,0.1035176934822484
147,South,Liquid,0.1484738416066332
147,West,Total,0.06326137086510643
147,West,Solids,0.10551680685325372
147,West,Liquid,0.14703746112101457
148,North,Total,0.06764305967748092
148,North,Solids,0.2227519978843442
148,North,Liquid,0.0977525310229319
148,South,Total,0.062253238421466246
148,South,Solids,0.18304875126596126
148,South,Liquid,0.09459941562106366
148,West,Total,0.06132295614038486
148,West,Solids,0.1874517055315146
148,West,Liquid,0.09155324192571976
149,North,Total,0.0678900418470196
149,North,Solids,0.16399778791011185
149,North,Liquid,0.11667878743331574
149,South,Total,0.0613755402319273
149,South,Solids,0.13294614940270974
149,South,Liquid,0.11445004537736488
149,West,Total,0.06139182563988098
149,West,Solids,0.1363408308408177
149,West,Liquid,0.112555591002897
150,North,Total,0.07071121930564123
150,North,Solids,0.14306040895790906
150,North,Liquid,0.1320096767782148
150,South,Total,0.06199930104635332
150,South,Solids,0.11569325483266767
150,South,Liquid,0.1303495067069162
150,West,Total,0.06272271857322408
150,West,Solids,0.11909725810289006
150,West,Liquid,0.1291113835406212
151,North,Total,0.06601248335969408
151,North,Solids,0.14825163170295827
151,North,Liquid,0.12012050844067697
151,South,Total,0.060240481249538715
151,South,Solids,0.12298102772355327
151,South,Liquid,0.11863269758133688
151,West,Total,0.060412447239119295
151,West,Solids,0.1258918772672172
151,West,Liquid,0.11730007250678623
152,North,Total,0.07383687571345093
152,North,Solids,0.14139301351545852
152,North,Liquid,0.14281957481409596
152,South,Total,0.0636605906417011
152,South,Solids,0.11645702516476034
152,South,Liquid,0.13802477824434403
152,West,Total,0.06412725723118928
152,West,Solids,0.11920208578412525
152,West,Liquid,0.13345921212347717
153,North,Total,0.06743213621183367
153,North,Solids,0.16539431274466943
153,North,Liquid,0.11806496992377334
153,South,Total,0.06188521144265548
153,South,Solids,0.13648946603579099
153,South,Liquid,0.1146711684136905
153,West,Total,0.06118086354576334
153,West,Solids,0.13939501756433828
153,West,Liquid,0.11141730106486367
154,North,Total,0.07066824285856016
154,North,Solids,0.25050766651688183
154,North,Liquid,0.09335381037469113
154,South,Total,0.06312325612901046
154,South,Solids,0.20590599886305552
154,South,Liquid,0.0900977184851639
154,West,Total,0.06273622571577099
154,West,Solids,0.2108587784333897
154,West,Liquid,0.08698086944281817
155,North,Total,0.06950057252846573
155,North,Solids,0.14529428187648855
155,North,Liquid,0.12339749848743738
155,South,Total,0.061559458991085704
155,South,Solids,0.12060455423825148
155,South,Liquid,0.1217346273042285
155,West,Total,0.06200798343881282
155,West,Solids,0.12313942989822292
155,West,Liquid,0.12030625886411977
156,North,Total,0.06702741068344735
156,North,Solids,0.17313160473426312
156,North,Liquid,0.10219107276267156
156,South,Total,0.06039966988229483
156,South,Solids,0.14298980792544083
156,South,Liquid,0.10136915995980417
156,West,Total,0.06077838439804562
156,West,Solids,0.14611789041990367
156,West,Liquid,0.10071463684606093
157,North,Total,0.06887766307484464
157,North,Solids,0.1613889178747595
157,North,Liquid,0.11064621662095711
157,South,Total,0.06138116729009167
157,South,Solids,0.13429836469038567
157,South,Liquid,0.10914083590533215
157,West,Total,0.06181778375901618
157,West,Solids,0.13731003074750878
157,West,Liquid,0.10784784271899411
158,North,Total,0.07606810705699164
158,North,Solids,0.11417467836958217
158,North,Liquid,0.23075565607319562
158,South,Total,0.06554737050936521
158,South,Solids,0.09539146431191026
158,South,Liquid,0.2140039160285582
158,West,Total,0.06533409514980748
158,West,Solids,0.09749541536949871
158,West,Liquid,0.19883913350405244
159,North,Total,0.07133651226701748
159,North,Solids,0.14035115669985865
159,North,Liquid,0.14627472035944422
159,South,Total,0.06343827466604449
159,South,Solids,0.11585599005098009
159,South,Liquid,0.14070247766102761
159,West,Total,0.06303027500276583
159,West,Solids,0.1185165265612301
159,West,Liquid,0.13533844862653346
160,North,Total,0.06944426179388848
160,North,Solids,0.13707732527084854
160,North,Liquid,0.13671620398743753
160,South,Total,0.06156881821414835
160,South,Solids,0.11246769088172008
160,South,Liquid,0.13452919745554867
160,West,Total,0.06197412912236486
160,West,Solids,0.11526133573482156
160,West,Liquid,0.13255542499458867
161,North,Total,0.06874934815510407
161,North,Solids,0.13616295266590203
161,North,Liquid,0.13441662683276814
161,South,Total,0.06123258449819052
161,South,Solids,0.11248302785035169
161,South,Liquid,0.13262198820179216
161,West,Total,0.06157822070081021
161,West,Solids,0.11475526449229334
161,West,Liquid,0.13115880918064027
162,North,Total,0.0633463063835339
162,North,Solids,0.14600219012634955
162,North,Liquid,0.11838874547877973
162,South,Total,0.05907619401318692
162,South,Solids,0.12247384023898976
162,South,Liquid,0.11720410958343791
162,West,Total,0.05909642078278947
162,West,Solids,0.12473561251769351
162,West,Liquid,0.11631164021876296
163,North,Total,0.07593072955318199
163,North,Solids,0.15217560744288725
163,North,Liquid,0.14594456560089691
163,South,Total,0.06520317364083665
163,South,Solids,0.12459217022434968
163,South,Liquid,0.13823832564439223
163,West,Total,0.06511282993170638
163,West,Solids,0.1274081854875286
163,West,Liquid,0.1307839436764335
164,North,Total,0.06614348757802735
164,North,Solids,0.1614195245495912
164,North,Liquid,0.11062477783135309
164,South,Total,0.06032135148190817
164,South,Solids,0.13369788381696013
164,South,Liquid,0.1093187561540035
164,West,Total,0.06047796837823919
164,West,Solids,0.13653634219572572
164,West,Liquid,0.10823586277374536
165,North,Total,0.06828562610854146
165,North,Solids,0.13477079828947935
165,North,Liquid,0.13982306799793517
165,South,Total,0.061813500742628466
165,South,Solids,0.11371688910873695
165,South,Liquid,0.13596469645139703
165,West,Total,0.06161224925435214
165,West,Solids,0.11591755088632609
165,West,Liquid,0.13240642518239978
166,North,Total,0.06890030434856033
166,North,Solids,0.1922943224060297
166,North,Liquid,0.10545162023367773
166,South,Total,0.0625254071063237
166,South,Solids,0.1614467326277828
166,South,Liquid,0.10184135101022394
166,West,Total,0.061987187291615044
166,West,Solids,0.16497751508819805
166,West,Liquid,0.0984552253073732
167,North,Total,0.06954286298705703
167,North,Solids,0.16925528649039762
167,North,Liquid,0.10540720970742715
167,South,Total,0.06142882928242071
167,South,Solids,0.1393519796874913
167,South,Liquid,0.10441443000904452
167,West,Total,0.06198361112793269
167,West,Solids,0.14238337513563964
167,West,Liquid,0.10366333130524152
168,North,Total,0.07067112628642104
168,North,Solids,0.17387825471696605
168,North,Liquid,0.11055369291283663
168,South,Total,0.06235075944538636
168,South,Solids,0.14164749120166692
168,South,Liquid,0.1082951383543054
168,West,Total,0.0625570599047352
168,West,Solids,0.14480502532080694
168,West,Liquid,0.10623482966816448
169,North,Total,0.07761156087236827
169,North,Solids,0.19707754077532919
169,North,Liquid,0.12888899075495483
169,South,Total,0.06834927924978118
169,South,Solids,0.16095363983055028
169,South,Liquid,0.11957936434877281
169,West,Total,0.0662657897651405
169,West,Solids,0.1648418366043608
169,West,Liquid,0.11091434076079196
170,North,Total,0.07048363406183626
170,North,Solids,0.16612920633944622
170,North,Liquid,0.1090807875179693
170,South,Total,0.06216590703925682
170,South,Solids,0.14061073313985945
170,South,Liquid,0.10684159102977443
170,West,Total,0.0625694438805789
170,West,Solids,0.14303231100616365
170,West,Liquid,0.10477487304373811
171,North,Total,0.07357321078714119
171,North,Solids,0.13265649530708154
171,North,Liquid,0.16214905635161908
171,South,Total,0.06426005454573822
171,South,Solids,0.11000106246388923
171,South,Liquid,0.15493962932366792
171,West,Total,0.06412085325801065
171,West,Solids,0.11237791305767615
171,West,Liquid,0.1479508999618308
172,North,Total,0.06851504183322182
172,North,Solids,0.12782925992502173
172,North,Liquid,0.14447597074999766
172,South,Total,0.061187205704812626
172,South,Solids,0.10635022693951941
172,South,Liquid,0.142780689409707
172,West,Total,0.06154880173243032
172,West,Solids,0.10845402865333784
172,West,Liquid,0.14133090207688312
173,North,Total,0.06930423770072718
173,North,Solids,0.1395019405881304
173,North,Liquid,0.13020802607100382
173,South,Total,0.06142035517346112
173,South,Solids,0.11520920653002131
173,South,Liquid,0.12848646941677383
173,West,Total,0.061969924752504756
173,West,Solids,0.1180517231209108
173,West,Liquid,0.12705838022373828
174,North,Total,0.07275518011724226
174,North,Solids,0.12442420236353652
174,North,Liquid,0.16028012136150616
174,South,Total,0.06255178356244104
174,South,Solids,0.10067778275856666
174,South,Liquid,0.15874847468248943
174,West,Total,0.06345427237412438
174,West,Solids,0.10340027997595456
174,West,Liquid,0.1574667050540082
175,North,Total,0.06756981536218817
175,North,Solids,0.16301440876074985
175,North,Liquid,0.1102264339837223
175,South,Total,0.06067395957319588
175,South,Solids,0.13352409702396095
175,South,Liquid,0.10903544681012012
175,West,Total,0.061102978579277156
175,West,Solids,0.1369281704716472
175,West,Liquid,0.10807707615964804
176,North,Total,0.0675883773080453
176,North,Solids,0.16574478611025345
176,North,Liquid,0.10976117126064244
176,South,Total,0.06109394366554311
176,South,Solids,0.13763792139432549
176,South,Liquid,0.10809354898446376
176,West,Total,0.06115054379790547
176,West,Solids,0.14009913067362148
176,West,Liquid,0.10663339595521623
177,North,Total,0.0681517110537401
177,North,Solids,0.18147566649679708
177,North,Liquid,0.10630650794320787
177,South,Total,0.061739842423768024
177,South,Solids,0.15076957552401174
177,South,Liquid,0.10368482946677884
177,West,Total,0.06148137925314545
177,West,Solids,0.153814121318871
177,West,Liquid,0.10120695190544153
178,North,Total,0.06528819888203145
178,North,Solids,0.13623657459749758
178,North,Liquid,0.13217526998769308
178,South,Total,0.05997564015211769
178,South,Solids,0.11330140427981979
178,South,Liquid,0.13069520853297348
178,West,Total,0.060078211133412496
178,West,Solids,0.11552683374985082
178,West,Liquid,0.12958671879132752
179,North,Total,0.07360651665703082
179,North,Solids,0.15291670479651862
179,North,Liquid,0.1299883928263494
179,South,Total,0.06356222125601237
179,South,Solids,0.1248967139563536
179,South,Liquid,0.12618144956691352
179,West,Total,0.06391173580964923
179,West,Solids,0.12774156858371158
179,West,Liquid,0.12247410223015903
180,North,Total,0.0697875007274724
180,North,Solids,0.1275746554131791
180,North,Liquid,0.14388461704807956
180,South,Total,0.0618221083237379
180,South,Solids,0.10661807021954255
180,South,Liquid,0.14247108677086043
180,West,Total,0.06222855526101178
180,West,Solids,0.10843178247306835
180,West,Liquid,0.14139514144507412
181,North,Total,0.06809337618442668
181,North,Solids,0.15585394027860192
181,North,Liquid,0.11943359500072419
181,South,Total,0.06120431694110098
181,South,Solids,0.12665255982760557
181,South,Liquid,0.11787374075170755
181,West,Total,0.06140096872832543
181,West,Solids,0.1296394402640751
181,West,Liquid,0.11652623635669732
182,North,Total,0.07076228718363296
182,North,Solids,0.1281869666738805
182,North,Liquid,0.15316369488968068
182,South,Total,0.06213831871690539
182,South,Solids,0.10504737771870483
182,South,Liquid,0.15038566545888787
182,West,Total,0.06255443397125203
182,West,Solids,0.10747023134585754
182,West,Liquid,0.14782241051279452
183,North,Total,0.06758566662932831
183,North,Solids,0.13379882931047843
183,North,Liquid,0.13052208415880892
183,South,Total,0.06074569323080794
183,South,Solids,0.11268091974301557
183,South,Liquid,0.12916761258677426
183,West,Total,0.06115513477975499
183,West,Solids,0.11481782150553109
183,West,Liquid,0.1281049770131221
184,North,Total,0.07364067777941938
184,North,Solids,0.12012230429889967
184,North,Liquid,0.1813995134046821
184,South,Total,0.06352814171942009
184,South,Solids,0.0989457363813569
184,South,Liquid,0.1755895290572921
184,West,Total,0.06393364887086102
184,West,Solids,0.10112204590203774
184,West,Liquid,0.16992268119392784
185,North,Total,0.07114218639598487
185,North,Solids,0.1820846735014552
185,North,Liquid,0.11506308703909264
185,South,Total,0.06376022698022074
185,South,Solids,0.15182666640195078
185,South,Liquid,0.11014244629890324
185,West,Total,0.06296607401051085
185,West,Solids,0.15487917174628843
185,West,Liquid,0.10534232821836455
186,North,Total,0.07119011831947744
186,North,Solids,0.149284968914861
186,North,Liquid,0.12158014477137535
186,South,Total,0.062212466795886885
186,South,Solids,0.12197371946734781
186,South,Liquid,0.1204876753793667
186,West,Total,0.06286348903379814
186,West,Solids,0.12482074771247031
186,West,Liquid,0.11962695198181683
187,North,Total,0.06833905612660898
187,North,Solids,0.16731278146286294
187,North,Liquid,0.11513077684371338
187,South,Total,0.062225331923114274
187,South,Solids,0.14083694164663307
187,South,Liquid,0.11150721506337229
187,West,Total,0.061712782833279266
187,West,Solids,0.14356034361170703
187,West,Liquid,0.10814100833489687
188,North,Total,0.0739572918536383
188,North,Solids,0.1306286303723827
188,North,Liquid,0.14864838573575542
188,South,Total,0.06333258831460914
188,South,Solids,0.10684333365288617
188,South,Liquid,0.1465796391302405
188,West,Total,0.06413014329158745
188,West,Solids,0.10924078852244054
188,West,Liquid,0.1447769430644526
189,North,Total,0.06682950850245145
189,North,Solids,0.2083558096742458
189,North,Liquid,0.09676666033346647
189,South,Total,0.060986336669845924
189,South,Solids,0.16928715178505124
189,South,Liquid,0.09479461351948397
189,West,Total,0.06084310021328428
189,West,Solids,0.17402527061434886
189,West,Liquid,0.09297757428217993
190,North,Total,0.06870185821946508
190,North,Solids,0.17883555483143723
190,North,Liquid,0.11294695304854918
190,South,Total,0.06283590151537778
190,South,Solids,0.14945292303283456
190,South,Liquid,0.10880017776282251
190,West,Total,0.06184177106409024
190,West,Solids,0.15237200051663213
190,West,Liquid,0.10480618805519568
191,North,Total,0.06728292584679668
191,North,Solids,0.13112921339577865
191,North,Liquid,0.1422503019591242
191,South,Total,0.06065889718281233
191,South,Solids,0.10775589791676898
191,South,Liquid,0.1407447983921165
191,West,Total,0.06100379967350273
191,West,Solids,0.11030306218057927
191,West,Liquid,0.13955548602023768
192,North,Total,0.0642888546102487
192,North,Solids,0.13357401217328796
192,North,Liquid,0.1403534511395868
192,South,Total,0.05949437930444036
192,South,Solids,0.10917373455762486
192,South,Liquid,0.13879941359756032
192,West,Total,0.05953869816526498
192,West,Solids,0.11193858531979876
192,West,Liquid,0.13745856451521912
193,North,Total,0.07514437104931423
193,North,Solids,0.139690298812619
193,North,Liquid,0.1612872357028616
193,South,Total,0.06522516459594584
193,South,Solids,0.11565743640422722
193,South,Liquid,0.15185962057488664
193,West,Total,0.06489327428524935
193,West,Solids,0.11833137220879611
193,West,Liquid,0.1430870824077376
194,North,Total,0.07024784515165079
194,North,Solids,0.1560361361603805
194,North,Liquid,0.12485024861131569
194,South,Total,0.062416278148948914
194,South,Solids,0.12737426283593378
194,South,Liquid,0.12160459641621572
194,West,Total,0.06244697489408864
194,West,Solids,0.1305789171096081
194,West,Liquid,0.11855931520683757
195,North,Total,0.06634253247446786
195,North,Solids,0.1493957688352113
195,North,Liquid,0.11883784991931479
195,South,Total,0.0602348628847371
195,South,Solids,0.12299561671531344
195,South,Liquid,0.1178999559713472
195,West,Total,0.06051247792434475
195,West,Solids,0.12555066646884838
195,West,Liquid,0.11718323423605649
196,North,Total,0.06498652092375884
196,North,Solids,0.22263560622807443
196,North,Liquid,0.08759969630196322
196,South,Total,0.05973498519253968
196,South,Solids,0.18332175145571775
196,South,Liquid,0.08675702186425091
196,West,Total,0.05992224829652309
196,West,Solids,0.18769360645342661
196,West,Liquid,0.08609887238055416
197,North,Total,0.07048186248970902
197,North,Solids,0.1588704154859865
197,North,Liquid,0.1250369744111768
197,South,Total,0.06296445249208749
197,South,Solids,0.13108442199620146
197,South,Liquid,0.12093320589789444
197,West,Total,0.06258607798987777
197,West,Solids,0.1337023190110072
197,West,Liquid,0.11704424467748578
198,North,Total,0.06766720396321611
198,North,Solids,0.171720647820779
198,North,Liquid,0.10770810223594163
198,South,Total,0.06119671967955775
198,South,Solids,0.14283774068162303
198,South,Liquid,0.10563917110315789
198,West,Total,0.06118856467578779
198,West,Solids,0.14566397544392048
198,West,Liquid,0.10375951902012158
199,North,Total,0.0723554709398747
199,North,Solids,0.1295051461989174
199,North,Liquid,0.16698080346603245
199,South,Total,0.06378338262727948
199,South,Solids,0.10615398183710521
199,South,Liquid,0.16084224956161408
199,West,Total,0.06357637045029971
199,West,Solids,0.10861778675333159
199,West,Liquid,0.15507991075369448
200,North,Total,0.06906701635974812
200,North,Solids,0.13151231832641944
200,North,Liquid,0.14376288439142876
200,South,Total,0.061620069533085575
200,South,Solids,0.109212728012409
200,South,Liquid,0.14090587765202986
200,West,Total,0.061867102847783975
200,West,Solids,0.11172007442201834
200,West,Liquid,0.13821480220868965
201,North,Total,0.07333441592637482
201,North,Solids,0.18138613170776235
201,North,Liquid,0.10682989403701358
201,South,Total,0.06310298296362375
201,South,Solids,0.14759637496888925
201,South,Liquid,0.10463338772128503
201,West,Total,0.06376242327088158
201,West,Solids,0.15119160451348776
201,West,Liquid,0.10264890592026554
202,North,Total,0.06969564617401312
202,North,Solids,0.16581566570497508
202,North,Liquid,0.10910911410211135
202,South,Total,0.06171632174608566
202,South,Solids,0.13616045827316248
202,South,Liquid,0.10798055366836347
202,West,Total,0.062126793944505224
202,West,Solids,0.13889189835413526
202,West,Liquid,0.10712542525145172
203,North,Total,0.06688093611499717
203,North,Solids,0.12859049953122467
203,North,Liquid,0.15159426097313852
203,South,Total,0.06108263579682242
203,South,Solids,0.10639884204352791
203,South,Liquid,0.14840437121310837
203,West,Total,0.06086622776989292
203,West,Solids,0.10876038312138885
203,West,Liquid,0.14541674442549538
204,North,Total,0.07111254828608757
204,North,Solids,0.12511246058743597
204,North,Liquid,0.15152379339433528
204,South,Total,0.06212300524839337
204,South,Solids,0.10327515768512233
204,South,Liquid,0.1500709994691122
204,West,Total,0.06269384773367513
204,West,Solids,0.10528304579682066
204,West,Liquid,0.14886532304729336
205,North,Total,0.0651927038399546
205,North,Solids,0.1465409590239164
205,North,Liquid,0.12512992127077194
205,South,Total,0.060101893199333345
205,South,Solids,0.12068365712105938
205,South,Liquid,0.12310698784156945
205,West,Total,0.05991877054863334
205,West,Solids,0.1232133364173886
205,West,Liquid,0.12122207619136699
206,North,Total,0.07406590887127518
206,North,Solids,0.14758077446292875
206,North,Liquid,0.13794211300464385
206,South,Total,0.06394574094775794
206,South,Solids,0.12195931003730812
206,South,Liquid,0.1327789740078035
206,West,Total,0.0643348854364437
206,West,Solids,0.12481010077387089
206,West,Liquid,0.12785448840353986
207,North,Total,0.07129904974759256
207,North,Solids,0.15076016732302455
207,North,Liquid,0.11696238558710106
207,South,Total,0.06199686157565933
207,South,Solids,0.12430659435670251
207,South,Liquid,0.11592941401938733
207,West,Total,0.06276856448443026
207,West,Solids,0.12710725129100145
207,West,Liquid,0.11514384197618993
208,North,Total,0.06558265321295592
208,North,Solids,0.17524928204041004
208,North,Liquid,0.10639145045775798
208,South,Total,0.0608174267496425
208,South,Solids,0.14798368717489774
208,South,Liquid,0.10386871855740962
208,West,Total,0.06028583946482374
208,West,Solids,0.15038044931153371
208,West,Liquid,0.10158433555059793
209,North,Total,0.0641898408040709
209,North,Solids,0.20502559550992777
209,North,Liquid,0.09263537455606242
209,South,Total,0.05953589901773719
209,South,Solids,0.16928634988338576
209,South,Liquid,0.09153482678755581
209,West,Total,0.05952188278914097
209,West,Solids,0.1729387386281458
209,West,Liquid,0.09063400443848199
210,North,Total,0.07134684579585386
210,North,Solids,0.16266125216003827
210,North,Liquid,0.11416786845498178
210,South,Total,0.06233366035552208
210,South,Solids,0.13393825956518926
210,South,Liquid,0.11200374881206647
210,West,Total,0.0627790961143006
210,West,Solids,0.13679928700867283
210,West,Liquid,0.1099893037074444
211,North,Total,0.062441757482431776
211,North,Solids,0.2298389251608051
211,North,Liquid,0.08501338579009436
211,South,Total,0.05857350286398413
211,South,Solids,0.1898492975020008
211,South,Liquid,0.0843709626785019
211,West,Total,0.058645186111698826
211,West,Solids,0.19440646518177193
211,West,Liquid,0.08388090786413614
212,North,Total,0.06865659489210835
212,North,Solids,0.22584424784105142
212,North,Liquid,0.08892340811918542
212,South,Total,0.06135177036322909
212,South,Solids,0.18775830201088092
212,South,Liquid,0.0874571786936838
212,West,Total,0.061655099097972024
212,West,Solids,0.19197980900660905
212,West,Liquid,0.0861091930301631
213,North,Total,0.07401533122408613
213,North,Solids,0.14784327398062483
213,North,Liquid,0.13838779620760122
213,South,Total,0.06395364640142123
213,South,Solids,0.12181600495220868
213,South,Liquid,0.13318017351061426
213,West,Total,0.06420903913118746
213,West,Solids,0.12450429010693147
213,West,Liquid,0.12820460127130895
214,North,Total,0.06945488271476158
214,North,Solids,0.19028873222323667
214,North,Liquid,0.10373833831833922
214,South,Total,0.06230473529308979
214,South,Solids,0.16079595347640238
214,South,Liquid,0.10054598182232687
214,West,Total,0.06213182459312213
214,West,Solids,0.16381040103896105
214,West,Liquid,0.09746484208104603
215,North,Total,0.06590407243453765
215,North,Solids,0.15571793748748944
215,North,Liquid,0.11882841254845156
215,South,Total,0.06047105114502479
215,South,Solids,0.1277867918096331
215,South,Liquid,0.11671280993794451
215,West,Total,0.060399139809885795
215,West,Solids,0.13111522524522584
215,West,Liquid,0.11481065072154724
216,North,Total,0.073336153905062
216,North,Solids,0.12398013005394777
216,North,Liquid,0.15656144748030076
216,South,Total,0.06294324270085391
216,South,Solids,0.10185786620921676
216,South,Liquid,0.15491343467732382
216,West,Total,0.06379304237083426
216,West,Solids,0.10413536095606683
216,West,Liquid,0.15355525513135018
217,North,Total,0.06804997249964259
217,North,Solids,0.20545885262032362
217,North,Liquid,0.0919562763971066
217,South,Total,0.06078424311076361
217,South,Solids,0.16863210199317208
217,South,Liquid,0.09100224093960463
217,West,Total,0.061214975005434186
217,West,Solids,0.17250036585660591
217,West,Liquid,0.09022937640312635
218,North,Total,0.06914836095933226
218,North,Solids,0.1574281899079619
218,North,Liquid,0.11506737479032454
218,South,Total,0.061694285813659495
218,South,Solids,0.13299359825054483
218,South,Liquid,0.11248436599810567
218,West,Total,0.061847972940909664
218,West,Solids,0.13533466887684686
218,West,Liquid,0.11001728430128
219,North,Total,0.06945104059191091
219,North,Solids,0.20078210631723717
219,North,Liquid,0.0998217793737222
219,South,Total,0.0621563093191626
219,South,Solids,0.16511844701655032
219,South,Liquid,0.09750458850747265
219,West,Total,0.06217533620844003
219,West,Solids,0.1689467038071139
219,West,Liquid,0.09541822802929915
220,North,Total,0.07030928092211833
220,North,Solids,0.14589776280661435
220,North,Liquid,0.12363864800600383
220,South,Total,0.06175700634952644
220,South,Solids,0.11963639443582853
220,South,Liquid,0.12243258261120983
220,West,Total,0.062395124697108194
220,West,Solids,0.12248643784212676
220,West,Liquid,0.12150155982008223
221,North,Total,0.0751442247329008
221,North,Solids,0.16363130109489732
221,North,Liquid,0.14043986722296148
221,South,Total,0.066639186095779665
221,South,Solids,0.1348107867799508
221,South,Liquid,0.13167025413856245
221,West,Total,0.06504197422892748
221,West,Solids,0.13781832065592087
221,West,Liquid,0.12347815915972207
222,North,Total,0.06400403398864347
222,North,Solids,0.20229777753441908
222,North,Liquid,0.09173135728313127
222,South,Total,0.0593440629233497
222,South,Solids,0.16858929836486622
222,South,Liquid,0.09077067201960921
222,West,Total,0.05935671222000062
222,West,Solids,0.17196804605075763
222,West,Liquid,0.08992212566238045
223,North,Total,0.06903714098764369
223,North,Solids,0.13536577790507962
223,North,Liquid,0.13627241264385714
223,South,Total,0.061438992399555165
223,South,Solids,0.11143541488578171
223,South,Liquid,0.13488297441676944
223,West,Total,0.061927466013474305
223,West,Solids,0.11399942830894075
223,West,Liquid,0.13381262664736351
224,North,Total,0.068195191394135
224,North,Solids,0.15768055246986215
224,North,Liquid,0.11267878469737572
224,South,Total,0.06128500516057928
224,South,Solids,0.13337547484064258
224,South,Liquid,0.11062303860816344
224,West,Total,0.06141822486196935
224,West,Solids,0.1356323724907061
224,West,Liquid,0.10868273925871252
225,North,Total,0.06989911313329925
225,North,Solids,0.1712820758099514
225,North,Liquid,0.1120381177306102
225,South,Total,0.062020380842007554
225,South,Solids,0.13880792753732496
225,South,Liquid,0.10988384450367861
225,West,Total,0.06221539895040724
225,West,Solids,0.1423635971805844
225,West,Liquid,0.10784654417859847
226,North,Total,0.07000360772407427
226,North,Solids,0.11143645687182303
226,North,Liquid,0.19444220881759203
226,South,Total,0.06208442982792499
226,South,Solids,0.0928112024692849
226,South,Liquid,0.1898793782929911
226,West,Total,0.06233179679901715
226,West,Solids,0.09484601618100498
226,West,Liquid,0.18566858738934158
227,North,Total,0.06583443122164867
227,North,Solids,0.13498856645159785
227,North,Liquid,0.1416813366909031
227,South,Total,0.06013742510074637
227,South,Solids,0.10930336898863385
227,South,Liquid,0.14027951292067845
227,West,Total,0.06026790726434794
227,West,Solids,0.11192566181606085
227,West,Liquid,0.13913949558588362
228,North,Total,0.07320029590146018
228,North,Solids,0.1345343584262549
228,North,Liquid,0.16337066966804104
228,South,Total,0.06480909707897586
228,South,Solids,0.11141861200249059
228,South,Liquid,0.15541168890926288
228,West,Total,0.063984221028872
228,West,Solids,0.11367579142783003
228,West,Liquid,0.14765876373736053
229,North,Total,0.06963606349719466
229,North,Solids,0.12343588361627816
229,North,Liquid,0.15570341691444053
229,South,Total,0.061617686453875525
229,South,Solids,0.10207233714305518
229,South,Liquid,0.15377556401486592
229,West,Total,0.06213499966418653
229,West,Solids,0.10432839204384058
229,West,Liquid,0.15226890725556802
230,North,Total,0.0668695738786543
230,North,Solids,0.1391870132176896
230,North,Liquid,0.13151871581318245
230,South,Total,0.06054803555626214
230,South,Solids,0.11442075359705389
230,South,Liquid,0.12997942975238067
230,West,Total,0.06074571432645989
230,West,Solids,0.11709137581925508
230,West,Liquid,0.12854533190631914
231,North,Total,0.06679167252056896
231,North,Solids,0.15661717367574385
231,North,Liquid,0.1136573891756397
231,South,Total,0.060529261645780215
231,South,Solids,0.13006107158365326
231,South,Liquid,0.11212006224070345
231,West,Total,0.060739852172613774
231,West,Solids,0.13289360218313317
231,West,Liquid,0.11081703351162331
232,North,Total,0.0657329648024126
232,North,Solids,0.15432529567921324
232,North,Liquid,0.11481058174960287
232,South,Total,0.059989892308521434
232,South,Solids,0.12729263453427808
232,South,Liquid,0.11364504473396597
232,West,Total,0.06026840099691574
232,West,Solids,0.1303978861654854
232,West,Liquid,0.11276789959442485
233,North,Total,0.06983201490514956
233,North,Solids,0.13789191681244078
233,North,Liquid,0.14349592714425358
233,South,Total,0.06256212347496043
233,South,Solids,0.11429493342791333
233,South,Liquid,0.13895966810917562
233,West,Total,0.062222686232361435
233,West,Solids,0.11666610356582781
233,West,Liquid,0.13456513639921172
234,North,Total,0.07070111533497023
234,North,Solids,0.1360047022483019
234,North,Liquid,0.13833113689275375
234,South,Total,0.06200950897332024
234,South,Solids,0.11128897408246628
234,South,Liquid,0.1364000147079964
234,West,Total,0.06262773509099785
234,West,Solids,0.11413623785319063
234,West,Liquid,0.13474173860071842
235,North,Total,0.06609173139870318
235,North,Solids,0.18846886279472233
235,North,Liquid,0.09886693861783989
235,South,Total,0.060269920246755544
235,South,Solids,0.15445571253239657
235,South,Liquid,0.09763508460834873
235,West,Total,0.06041039547766165
235,West,Solids,0.15810386762473155
235,West,Liquid,0.09660785157608563
236,North,Total,0.06920834254016428
236,North,Solids,0.14594273305499533
236,North,Liquid,0.12661326055447894
236,South,Total,0.06149832836550601
236,South,Solids,0.11945416161602794
236,South,Liquid,0.12475937575359913
236,West,Total,0.06187800643643935
236,West,Solids,0.12232664625411699
236,West,Liquid,0.12318610297650419
237,North,Total,0.06446794201851404
237,North,Solids,0.20645273062700709
237,North,Liquid,0.09205139803339385
237,South,Total,0.05968641740441323
237,South,Solids,0.17172441984273581
237,South,Liquid,0.09081555590608983
237,West,Total,0.059666614569798465
237,West,Solids,0.17549089473090307
237,West,Liquid,0.08976618653182425
238,North,Total,0.06321161499337086
238,North,Solids,0.15577217974366556
238,North,Liquid,0.11284340695644335
238,South,Total,0.05898019747551664
238,South,Solids,0.12898956950371734
238,South,Liquid,0.11185013515173847
238,West,Total,0.058995273011024474
238,West,Solids,0.13154492330725318
238,West,Liquid,0.11108678131379388
239,North,Total,0.07742225079437785
239,North,Solids,0.182050368795119
239,North,Liquid,0.13587526505259914
239,South,Total,0.0675915078445614
239,South,Solids,0.15005548368168387
239,South,Liquid,0.1257379794433659
239,West,Total,0.06613581431084305
239,West,Solids,0.15364073874168924
239,West,Liquid,0.11652327201874955
240,North,Total,0.07103957477233644
240,North,Solids,0.183070039449583
240,North,Liquid,0.09814473207441785
240,South,Total,0.062111612607826244
240,South,Solids,0.15268187726985333
240,South,Liquid,0.09715004958495613
240,West,Total,0.0626875859783915
240,West,Solids,0.1553738138630238
240,West,Liquid,0.09639210268189845
241,North,Total,0.06988281537744147
241,North,Solids,0.1348537631123518
241,North,Liquid,0.1325825301665121
241,South,Total,0.061665721049215264
241,South,Solids,0.11275548164117785
241,South,Liquid,0.1309206080461073
241,West,Total,0.06228010473707329
241,West,Solids,0.11525306063967757
241,West,Liquid,0.12944616594944197
242,North,Total,0.06922663058812874
242,North,Solids,0.12175123341957636
242,North,Liquid,0.17042291340065627
242,South,Total,0.062057331649851576
242,South,Solids,0.10044786609953535
242,South,Liquid,0.16613104350302565
242,West,Total,0.061923271743100194
242,West,Solids,0.1026401674554343
242,West,Liquid,0.16194242322168784
243,North,Total,0.06764563984235664
243,North,Solids,0.17355119951405895
243,North,Liquid,0.10189033065994713
243,South,Total,0.060722301503230686
243,South,Solids,0.14427467581684073
243,South,Liquid,0.10093531927691925
243,West,Total,0.06111044865491572
243,West,Solids,0.14716794096738295
243,West,Liquid,0.10020203461120628
244,North,Total,0.06650960012529898
244,North,Solids,0.16376593201256737
244,North,Liquid,0.11691967400094268
244,South,Total,0.06148538234579325
244,South,Solids,0.1362300071208148
244,South,Liquid,0.11359289869165884
244,West,Total,0.06071901614715131
244,West,Solids,0.13907958356892314
244,West,Liquid,0.11040089272393987
245,North,Total,0.07201773174839685
245,North,Solids,0.11748227059387813
245,North,Liquid,0.19460026679011008
245,South,Total,0.06313840197875485
245,South,Solids,0.09563379575277589
245,South,Liquid,0.188921511053548
245,West,Total,0.06318894515133144
245,West,Solids,0.0978693517589521
245,West,Liquid,0.1833955368127653
246,North,Total,0.07082130370759038
246,North,Solids,0.13037670236681995
246,North,Liquid,0.1469721902624077
246,South,Total,0.062343167470110136
246,South,Solids,0.10914254362506243
246,South,Liquid,0.14318443461510422
246,West,Total,0.06260990520913967
246,West,Solids,0.1112457543685381
246,West,Liquid,0.13959536705125394
247,North,Total,0.06709956462139542
247,North,Solids,0.1232781446476264
247,North,Liquid,0.1472845260991099
247,South,Total,0.0605600428725017
247,South,Solids,0.10344618225453135
247,South,Liquid,0.14609933936728728
247,West,Total,0.06094731795901944
247,West,Solids,0.10550180497373979
247,West,Liquid,0.14515142186978963
248,North,Total,0.06582747825889665
248,North,Solids,0.16320740953566176
248,North,Liquid,0.10676126714238107
248,South,Total,0.0600323074548061
248,South,Solids,0.1364489670465473
248,South,Liquid,0.10566840068396764
248,West,Total,0.06024328186100613
248,West,Solids,0.13899538333507344
248,West,Liquid,0.10480034569225137
249,North,Total,0.06656124761769612
249,North,Solids,0.1265177792908878
249,North,Liquid,0.14254165699408158
249,South,Total,0.060264300716498034
249,South,Solids,0.10570928958670772
249,South,Liquid,0.1411997341984321
249,West,Total,0.06066400002886971
249,West,Solids,0.10813655101352809
249,West,Liquid,0.14011560679510218
250,North,Total,0.0757074616319331
250,North,Solids,0.13472654258577274
250,North,Liquid,0.1746061557070173
250,South,Total,0.06627224524943491
250,South,Solids,0.11160458714194235
250,South,Liquid,0.16352845471965372
250,West,Total,0.06521930019979831
250,West,Solids,0.11369498163269326
250,West,Liquid,0.1532722088400018
251,North,Total,0.06566382326971158
251,North,Solids,0.1898718963275495
251,North,Liquid,0.10022895316574063
251,South,Total,0.06064212419387128
251,South,Solids,0.15866577374229224
251,South,Liquid,0.09818156040470963
251,West,Total,0.06029131913561308
251,West,Solids,0.16133070417609208
251,West,Liquid,0.09639861104741847
252,North,Total,0.07201731724125315
252,North,Solids,0.1294265414386457
252,North,Liquid,0.15861775476796283
252,South,Total,0.06286884786111552
252,South,Solids,0.10537858262083101
252,South,Liquid,0.15478865029979158
252,West,Total,0.06315882789110959
252,West,Solids,0.10790245023985316
252,West,Liquid,0.1510978278647249
253,North,Total,0.06728619270555741
253,North,Solids,0.1373960149877499
253,North,Liquid,0.13432605663348623
253,South,Total,0.06070313022207641
253,South,Solids,0.11271032827321602
253,South,Liquid,0.13271533552847803
253,West,Total,0.060995985877882505
253,West,Solids,0.11537938112818383
253,West,Liquid,0.1314262889504606
254,North,Total,0.06440964345664377
254,North,Solids,0.1400869486927203
254,North,Liquid,0.12848145323758814
254,South,Total,0.05961269280091621
254,South,Solids,0.11599152562114372
254,South,Liquid,0.1270158918737902
254,West,Total,0.05964147323183448
254,West,Solids,0.11851349627570668
254,West,Liquid,0.12584930388642893
255,North,Total,0.07290475042683393
255,North,Solids,0.1280594089243102
255,North,Liquid,0.17137038951418174
255,South,Total,0.06394288512198025
255,South,Solids,0.10486039496785479
255,South,Liquid,0.16463903548992842
255,West,Total,0.0637468865981854
255,West,Solids,0.10732947872339972
255,West,Liquid,0.1581699371634464
256,North,Total,0.06952255529379534
256,North,Solids,0.17165278732406494
256,North,Liquid,0.10568412577044922
256,South,Total,0.06128906960176243
256,South,Solids,0.13901430983867533
256,South,Liquid,0.10480724314909272
256,West,Total,0.06199384856863637
256,West,Solids,0.1428886043764418
256,West,Liquid,0.10414026357576277
257,North,Total,0.07307969956857764
257,North,Solids,0.13191066261196918
257,North,Liquid,0.1672390409463542
257,South,Total,0.06450672559964621
257,South,Solids,0.10856207145188713
257,South,Liquid,0.15936855841550812
257,West,Total,0.06389127240715593
257,West,Solids,0.11097857509297653
257,West,Liquid,0.15199715465882332
258,North,Total,0.0649457872183511
258,North,Solids,0.16165367332445685
258,North,Liquid,0.10635585145585659
258,South,Total,0.05960123650289725
258,South,Solids,0.13518836628761347
258,South,Liquid,0.1055758945136382
258,West,Total,0.059803556107400284
258,West,Solids,0.13771871991697032
258,West,Liquid,0.10494120677480417
259,North,Total,0.062213432854893856
259,North,Solids,0.15918148129329432
259,North,Liquid,0.11064863578855251
259,South,Total,0.05875310710144742
259,South,Solids,0.13294076126512386
259,South,Liquid,0.10931861715494492
259,West,Total,0.05857146611106431
259,West,Solids,0.1358339075843449
259,West,Liquid,0.1081645913757904
260,North,Total,0.07103389830654123
260,North,Solids,0.168406179192704
260,North,Liquid,0.1168220413671962
260,South,Total,0.06292128299580158
260,South,Solids,0.13933431978879515
260,South,Liquid,0.11324988366905836
260,West,Total,0.06277237632974908
260,West,Solids,0.14207366992778278
260,West,Liquid,0.1097426817904744
261,North,Total,0.06948983838361636
261,North,Solids,0.12285610800040574
261,North,Liquid,0.15502835314844599
261,South,Total,0.061472736792705866
261,South,Solids,0.10165085221710186
261,South,Liquid,0.15337717532328174
261,West,Total,0.062052753088636205
261,West,Solids,0.10396407364654675
261,West,Liquid,0.15213691908360458
262,North,Total,0.06571918035313991
262,North,Solids,0.15525153982590928
262,North,Liquid,0.1129147943590108
262,South,Total,0.059998514851531445
262,South,Solids,0.12874787367854812
262,South,Liquid,0.11190905029275626
262,West,Total,0.060192429541020075
262,West,Solids,0.13123237681127228
262,West,Liquid,0.11113516359331937
263,North,Total,0.07146242483100419
263,North,Solids,0.16100366048574188
263,North,Liquid,0.12365132840324294
263,South,Total,0.063338019912596
263,South,Solids,0.1346699880002193
263,South,Liquid,0.119035198384677
263,West,Total,0.06307637022721688
263,West,Solids,0.13721170615097408
263,West,Liquid,0.11456704359553366
264,North,Total,0.06743566093309286
264,North,Solids,0.1997918641133568
264,North,Liquid,0.09657349133482042
264,South,Total,0.06093268415622787
264,South,Solids,0.16232023814164329
264,South,Liquid,0.09533478409541832
264,West,Total,0.06116693943292404
264,West,Solids,0.16627692275047215
264,West,Liquid,0.09441952932062674
265,North,Total,0.07382941230604756
265,North,Solids,0.1351308072193658
265,North,Liquid,0.15595477270214414
265,South,Total,0.06410024291525811
265,South,Solids,0.11179027907039477
265,South,Liquid,0.14967872141093908
265,West,Total,0.06413438498849564
265,West,Solids,0.11398580357078812
265,West,Liquid,0.14365091318852313
266,North,Total,0.06924869755048191
266,North,Solids,0.1340904811539923
266,North,Liquid,0.13869316699482467
266,South,Total,0.061499861352385485
266,South,Solids,0.1105417052769019
266,South,Liquid,0.13680114443296346
266,West,Total,0.06184868865102497
266,West,Solids,0.11286581812647795
266,West,Liquid,0.1351268657234517
267,North,Total,0.06701777430915842
267,North,Solids,0.1537934805764837
267,North,Liquid,0.1203200572968344
267,South,Total,0.060873340749202434
267,South,Solids,0.1262608065475966
267,South,Liquid,0.11833017632174245
267,West,Total,0.060875600258591164
267,West,Solids,0.12900986926815233
267,West,Liquid,0.1165513580809113
268,North,Total,0.07246285479777131
268,North,Solids,0.1298888145567873
268,North,Liquid,0.15997643269303238
268,South,Total,0.06320459896508375
268,South,Solids,0.10624933289599225
268,South,Liquid,0.1551694160134715
268,West,Total,0.06343502239255772
268,West,Solids,0.10888173936982745
268,West,Liquid,0.15043995277364658
269,North,Total,0.07054911349222834
269,North,Solids,0.13249296446066317
269,North,Liquid,0.14185787401769342
269,South,Total,0.062031603309531565
269,South,Solids,0.10950651202798678
269,South,Liquid,0.1395615320273606
269,West,Total,0.0625254727337613
269,West,Solids,0.11196970003176944
269,West,Liquid,0.1375297338854401
270,North,Total,0.06943256139841289
270,North,Solids,0.15126292780123146
270,North,Liquid,0.11472663368402741
270,South,Total,0.061539163670201326
270,South,Solids,0.12689481320959953
270,South,Liquid,0.11355693978507464
270,West,Total,0.06201882100356945
270,West,Solids,0.12919879425298308
270,West,Liquid,0.11261544244600004
271,North,Total,0.07340859854827621
271,North,Solids,0.18343055977943581
271,North,Liquid,0.11740356472659498
271,South,Total,0.06438675643626249
271,South,Solids,0.15127250072059353
271,South,Liquid,0.11215877018019092
271,West,Total,0.0640688840714163
271,West,Solids,0.154707927032486
271,West,Liquid,0.10716844982615788
272,North,Total,0.0755802911897001
272,North,Solids,0.15562109945905261
272,North,Liquid,0.14747646546844162
272,South,Total,0.06617636223105329
272,South,Solids,0.12905786783935214
272,South,Liquid,0.13783958460246643
272,West,Total,0.06510144211466988
272,West,Solids,0.13173194690392814
272,West,Liquid,0.12877232901615338
273,North,Total,0.07899824859874846
273,North,Solids,0.1280654076881247
273,North,Liquid,0.20923015908944892
273,South,Total,0.0680135216014325
273,South,Solids,0.10433256191327601
273,South,Liquid,0.19287309001789119
273,West,Total,0.06685151872170855
273,West,Solids,0.1070917869803776
273,West,Liquid,0.1778503739012351
274,North,Total,0.07213419801548115
274,North,Solids,0.12777053246137401
274,North,Liquid,0.14865890286902092
274,South,Total,0.06234750632103783
274,South,Solids,0.10455700306645942
274,South,Liquid,0.14718990867963272
274,West,Total,0.06314193838202992
274,West,Solids,0.1070094148999608
274,West,Liquid,0.1459791361938779
275,North,Total,0.07031819513247173
275,North,Solids,0.13850707665490997
275,North,Liquid,0.1317957977743792
275,South,Total,0.061794418448579636
275,South,Solids,0.1144275126760943
275,South,Liquid,0.1299511767371874
275,West,Total,0.06237764695934651
275,West,Solids,0.1171437775218634
275,West,Liquid,0.12829000420017875
276,North,Total,0.06804345422970114
276,North,Solids,0.150122561274516
276,North,Liquid,0.12231628533621741
276,South,Total,0.060926991846027796
276,South,Solids,0.1218585580095045
276,South,Liquid,0.12098544218437882
276,West,Total,0.061366639965946386
276,West,Solids,0.12516806408826123
276,West,Liquid,0.11997120084663955
277,North,Total,0.0706793800236016
277,North,Solids,0.17728856652870212
277,North,Liquid,0.1047368725380503
277,South,Total,0.061980982051068494
277,South,Solids,0.1442200760715708
277,South,Liquid,0.10344439747841588
277,West,Total,0.062478069956313206
277,West,Solids,0.14739211815636158
277,West,Liquid,0.10242606850704859
278,North,Total,0.06976739999707825
278,North,Solids,0.1469249916814784
278,North,Liquid,0.11804575547735262
278,South,Total,0.06149436338958484
278,South,Solids,0.12281800537666832
278,South,Liquid,0.11689007169007028
278,West,Total,0.06202282302901377
278,West,Solids,0.12501808128752212
278,West,Liquid,0.11596977539720572
279,North,Total,0.0695820609491433
279,North,Solids,0.15439725401511373
279,North,Liquid,0.12180750576419168
279,South,Total,0.061981914685558324
279,South,Solids,0.12666317370482505
279,South,Liquid,0.11953107557934807
279,West,Total,0.062099740757815006
279,West,Solids,0.12934388248875317
279,West,Liquid,0.1174165411396209
280,North,Total,0.06338339190424062
280,North,Solids,0.21063334200788747
280,North,Liquid,0.08947900865254695
280,South,Total,0.0589222050924209
280,South,Solids,0.17365077034911441
280,South,Liquid,0.0887016269062519
280,West,Total,0.05906507021988539
280,West,Solids,0.17773891830607869
280,West,Liquid,0.08810398077143361
281,North,Total,0.06752575980956504
281,North,Solids,0.17146393422092832
281,North,Liquid,0.10405486104445782
281,South,Total,0.060846637809495875
281,South,Solids,0.14336398288959257
281,South,Liquid,0.10268634649204703
281,West,Total,0.061147611884154025
281,West,Solids,0.146392504276743
281,West,Liquid,0.10151000000347887
282,North,Total,0.07262796426585899
282,North,Solids,0.121290831561604
282,North,Liquid,0.16836951897299826
282,South,Total,0.06289876606392367
282,South,Solids,0.09972482953227717
282,South,Liquid,0.16544855666439895
282,West,Total,0.06350871452735092
282,West,Solids,0.10190098341673302
282,West,Liquid,0.1627994316632539
283,North,Total,0.06936516749786847
283,North,Solids,0.142580485994403
283,North,Liquid,0.12546653363844
283,South,Total,0.06135252828520672
283,South,Solids,0.11772193863714814
283,South,Liquid,0.12409179541415039
283,West,Total,0.061920792731198014
283,West,Solids,0.12040912992606992
283,West,Liquid,0.12298172402562299
284,North,Total,0.06945684036013469
284,North,Solids,0.16236829055789642
284,North,Liquid,0.11463244816423489
284,South,Total,0.06167922242693246
284,South,Solids,0.13265898950463823
284,South,Liquid,0.1127137306008038
284,West,Total,0.06202885487255847
284,West,Solids,0.13606376200874667
284,West,Liquid,0.11093676633205554
285,North,Total,0.06857662683342797
285,North,Solids,0.1450242051962345
285,North,Liquid,0.12419685994436887
285,South,Total,0.06109537873061101
285,South,Solids,0.11919688845353625
285,South,Liquid,0.12283732630182145
285,West,Total,0.06152606267753265
285,West,Solids,0.121897790067604
285,West,Liquid,0.12167377714413115
286,North,Total,0.07389236717647273
286,North,Solids,0.1305209973108241
286,North,Liquid,0.1631289765865805
286,South,Total,0.0638622512420689
286,South,Solids,0.10704639534209731
286,South,Liquid,0.15722538890621396
286,West,Total,0.06406460502869994
286,West,Solids,0.10932809318367179
286,West,Liquid,0.15166059727026704
287,North,Total,0.06600633983145324
287,North,Solids,0.16634615653572074
287,North,Liquid,0.10888568029174721
287,South,Total,0.06037984534385686
287,South,Solids,0.1380275437464726
287,South,Liquid,0.10717581522121394
287,West,Total,0.06048207088715123
287,West,Solids,0.14169284623211173
287,West,Liquid,0.1056173553950535
288,North,Total,0.06596137204550405
288,North,Solids,0.16262207657734268
288,North,Liquid,0.10812633605346986
288,South,Total,0.06007719345532776
288,South,Solids,0.13499719470190694
288,South,Liquid,0.10701857358818892
288,West,Total,0.06035069339598017
288,West,Solids,0.13804538821903298
288,West,Liquid,0.10614557627691366
289,North,Total,0.06941812672303876
289,North,Solids,0.14015104074153384
289,North,Liquid,0.1354103729959634
289,South,Total,0.06193208399839834
289,South,Solids,0.1159936070165661
289,South,Liquid,0.13227470583319792
289,West,Total,0.062101970938593876
289,West,Solids,0.11887439355240384
289,West,Liquid,0.1293186655980763
290,North,Total,0.07191798999133903
290,North,Solids,0.16393559307710376
290,North,Liquid,0.12518066614900653
290,South,Total,0.06363746747090092
290,South,Solids,0.13434415900150795
290,South,Liquid,0.12055420138092932
290,West,Total,0.06322108798035597
290,West,Solids,0.13718387743705168
290,West,Liquid,0.11604655923637702
291,North,Total,0.0671803416895628
291,North,Solids,0.1471535852925219
291,North,Liquid,0.11967527297592974
291,South,Total,0.06081339288686956
291,South,Solids,0.12378011053519522
291,South,Liquid,0.11794541209526059
291,West,Total,0.06103898418888196
291,West,Solids,0.12625528455577617
291,West,Liquid,0.11645633623720247
292,North,Total,0.0721880843260323
292,North,Solids,0.14764642715509804
292,North,Liquid,0.12942259127522787
292,South,Total,0.0627617757314102
292,South,Solids,0.12001595383335673
292,South,Liquid,0.12707753882407488
292,West,Total,0.0632594751375403
292,West,Solids,0.12288495972041624
292,West,Liquid,0.12494152322905863
293,North,Total,0.06665492858327822
293,North,Solids,0.1927588560913887
293,North,Liquid,0.10052355005226224
293,South,Total,0.06092590867490494
293,South,Solids,0.15919284508495396
293,South,Liquid,0.09832668953685206
293,West,Total,0.06074801255062385
293,West,Solids,0.16303309904697993
293,West,Liquid,0.09633978344685101
294,North,Total,0.07129295098808622
294,North,Solids,0.15990875147713451
294,North,Liquid,0.1196442855893271
294,South,Total,0.06256139461016871
294,South,Solids,0.13157485378046133
294,South,Liquid,0.11662989473461259
294,West,Total,0.06289579904265753
294,West,Solids,0.1347891045509319
294,West,Liquid,0.11378016778784332
295,North,Total,0.06499702262306013
295,North,Solids,0.2243268138269285
295,North,Liquid,0.08949263523626386
295,South,Total,0.060047426068081715
295,South,Solids,0.1854333419285347
295,South,Liquid,0.08805430430832993
295,West,Total,0.05987149451518052
295,West,Solids,0.1893576464662347
295,West,Liquid,0.08674789214440012
296,North,Total,0.07326988382543118
296,North,Solids,0.1430482451775245
296,North,Liquid,0.1325412921909301
296,South,Total,0.06303071859748988
296,South,Solids,0.11712025620884861
296,South,Liquid,0.13005857129899628
296,West,Total,0.06373783457579567
296,West,Solids,0.11987712259256852
296,West,Liquid,0.12779317369773988
297,North,Total,0.06699164155494093
297,North,Solids,0.141900609296352
297,North,Liquid,0.13229991783682765
297,South,Total,0.06097876355078883
297,South,Solids,0.11694653579771964
297,South,Liquid,0.1296107381292761
297,West,Total,0.0608277019982222
297,West,Solids,0.11959503992447126
297,West,Liquid,0.1270344804273473
298,North,Total,0.06759230744837069
298,North,Solids,0.14289674376792325
298,North,Liquid,0.12878612281676532
298,South,Total,0.06069487129818611
298,South,Solids,0.11601782317242242
298,South,Liquid,0.1276071818528616
298,West,Total,0.06112293731936902
298,West,Solids,0.1191370316960218
298,West,Liquid,0.1266514875048478
299,North,Total,0.06982165424241209
299,North,Solids,0.15889990055808675
299,North,Liquid,0.1224128708572256
299,South,Total,0.062139278562192375
299,South,Solids,0.12845832549725672
299,South,Liquid,0.11969738963339889
299,West,Total,0.0622441638758998
299,West,Solids,0.13194547006398558
299,West,Liquid,0.11718209091402952
300,North,Total,0.06508604004270686
300,North,Solids,0.18693588833378483
300,North,Liquid,0.10116082244646432
300,South,Total,0.06039674876673384
300,South,Solids,0.15625748610940474
300,South,Liquid,0.0989810848274013
300,West,Total,0.060005886902603625
300,West,Solids,0.15986154658604923
300,West,Liquid,0.0969260731237927
301,North,Total,0.06892463112588304
301,North,Solids,0.11055229658254444
301,North,Liquid,0.19279374831939883
301,South,Total,0.06196718861133741
301,South,Solids,0.09332850337880609
301,South,Liquid,0.18737369740126736
301,West,Total,0.061833014087143645
301,West,Solids,0.09506017994760574
301,West,Liquid,0.18219660733951334
302,North,Total,0.06729915237556781
302,North,Solids,0.1509469438104284
302,North,Liquid,0.12003143930882754
302,South,Total,0.06061411419542888
302,South,Solids,0.1230264721462848
302,South,Liquid,0.11891804849352952
302,West,Total,0.06093510447818862
302,West,Solids,0.12590277947183787
302,West,Liquid,0.11805151506799015
303,North,Total,0.07149716182860297
303,North,Solids,0.12047913729475045
303,North,Liquid,0.16831142577792
303,South,Total,0.06211347314140303
303,South,Solids,0.09774438886670138
303,South,Liquid,0.16695635081772153
303,West,Total,0.06285602884790012
303,West,Solids,0.10012930753671319
303,West,Liquid,0.16592410370244928
304,North,Total,0.07484584559767635
304,North,Solids,0.12786842688722705
304,North,Liquid,0.16408742733110254
304,South,Total,0.06381912731154157
304,South,Solids,0.10499937935602559
304,South,Liquid,0.15887055518113738
304,West,Total,0.0644722312218064
304,West,Solids,0.1074253797299723
304,West,Liquid,0.1536967030480733
305,North,Total,0.07057463132084224
305,North,Solids,0.11937625810844663
305,North,Liquid,0.1623176808982548
305,South,Total,0.061839052883984176
305,South,Solids,0.09918906255537903
305,South,Liquid,0.160098118828981
305,West,Total,0.06255579332682705
305,West,Solids,0.1015765302192414
305,West,Liquid,0.15819429289236459
306,North,Total,0.07121245922495345
306,North,Solids,0.13041677906883703
306,North,Liquid,0.13939738682356823
306,South,Total,0.062138024694958965
306,South,Solids,0.10900079462882666
306,South,Liquid,0.13752920025307955
306,West,Total,0.06278085393564294
306,West,Solids,0.11112410691341086
306,West,Liquid,0.13596202425652038
307,North,Total,0.06937381319113586
307,North,Solids,0.17441404967422364
307,North,Liquid,0.10436689979998254
307,South,Total,0.0613005043831786
307,South,Solids,0.14170621327534483
307,South,Liquid,0.10339126042254285
307,West,Total,0.06194048194568734
307,West,Solids,0.1456254210196901
307,West,Liquid,0.10257288842160861
308,North,Total,0.07008118266470582
308,North,Solids,0.11993581237361439
308,North,Liquid,0.1627090544888121
308,South,Total,0.061792112633541146
308,South,Solids,0.0999099387929005
308,South,Liquid,0.15984437808246515
308,West,Total,0.062343194372939954
308,West,Solids,0.10222785944153445
308,West,Liquid,0.15735033258864078
309,North,Total,0.06829822157936616
309,North,Solids,0.1262015520665952
309,North,Liquid,0.14619178836525842
309,South,Total,0.06105473872791338
309,South,Solids,0.10508290720620285
309,South,Liquid,0.14461657971483868
309,West,Total,0.06146539485764447
309,West,Solids,0.10721491328698785
309,West,Liquid,0.14335831749062034
310,North,Total,0.07348269395043829
310,North,Solids,0.16085539549352007
310,North,Liquid,0.1314810953392254
310,South,Total,0.06437332957163881
310,South,Solids,0.13205220657381783
310,South,Liquid,0.12569016995527754
310,West,Total,0.06407859434876934
310,West,Solids,0.13509277792520075
310,West,Liquid,0.12024169693084041
311,North,Total,0.06905081886176762
311,North,Solids,0.11740962451697158
311,North,Liquid,0.17657324908717387
311,South,Total,0.0612328136235977
311,South,Solids,0.0956225810087286
311,South,Liquid,0.17446890554208289
311,West,Total,0.06172685332696342
311,West,Solids,0.09809272038950895
311,West,Liquid,0.17262067782784057
312,North,Total,0.06585743410284295
312,North,Solids,0.16391207541508662
312,North,Liquid,0.11238770618668616
312,South,Total,0.06046542379912328
312,South,Solids,0.13506125513730102
312,South,Liquid,0.11051963146815427
312,West,Total,0.06038411056176969
312,West,Solids,0.13829535047057168
312,West,Liquid,0.10884096745361593
313,North,Total,0.07158745779015231
313,North,Solids,0.1418469433430433
313,North,Liquid,0.12902284493518085
313,South,Total,0.062461991335238935
313,South,Solids,0.117330570761648
313,South,Liquid,0.12718738625308887
313,West,Total,0.06304426968248204
313,West,Solids,0.11984755610836773
313,West,Liquid,0.12557070960720393
314,North,Total,0.06683720159108027
314,North,Solids,0.16132864236074101
314,North,Liquid,0.11056021013023815
314,South,Total,0.060533774232807626
314,South,Solids,0.13330913642834868
314,South,Liquid,0.1093517988732022
314,West,Total,0.060759235676167846
314,West,Solids,0.13602307055181698
314,West,Liquid,0.10840163492732421
315,North,Total,0.07254639209993265
315,North,Solids,0.17134043927617593
315,North,Liquid,0.11719713032432844
315,South,Total,0.06331913018454076
315,South,Solids,0.13994929373075835
315,South,Liquid,0.11354178626597253
315,West,Total,0.06346770301499592
315,West,Solids,0.1432939237405098
315,West,Liquid,0.11000496033593504
316,North,Total,0.06746948307746448
316,North,Solids,0.11600862380188005
316,North,Liquid,0.17339550196432335
316,South,Total,0.06065572831317072
316,South,Solids,0.09560611140603492
316,South,Liquid,0.171670037758427
316,West,Total,0.06103951278845986
316,West,Solids,0.09780567213838214
316,West,Liquid,0.1702998697239707
317,North,Total,0.0637721983699893
317,North,Solids,0.13477093327108813
317,North,Liquid,0.1393337784615215
317,South,Total,0.059306118289279855
317,South,Solids,0.1099390314628254
317,South,Liquid,0.1377562266002945
317,West,Total,0.05921718946026305
317,West,Solids,0.11249434262512131
317,West,Liquid,0.13633355670307962
318,North,Total,0.067973831659179
318,North,Solids,0.14311624065922976
318,North,Liquid,0.12818514524076804
318,South,Total,0.0608777513278258
318,South,Solids,0.11670613890738601
318,South,Liquid,0.12678970832983844
318,West,Total,0.061240855487401984
318,West,Solids,0.11959036257588557
318,West,Liquid,0.1256013234858891
319,North,Total,0.0665905030784361
319,North,Solids,0.124349371935077
319,North,Liquid,0.1595697347056065
319,South,Total,0.06035348413814494
319,South,Solids,0.10098043744821644
319,South,Liquid,0.15804841616466495
319,West,Total,0.06062511930705767
319,West,Solids,0.10342327240906393
319,West,Liquid,0.15686958566489106
320,North,Total,0.06644498194102673
320,North,Solids,0.19003448657515437
320,North,Liquid,0.09938217000438679
320,South,Total,0.06080967882349577
320,South,Solids,0.15859607249834012
320,South,Liquid,0.09756402105930073
320,West,Total,0.06070526389833596
320,West,Solids,0.16205418607172944
320,West,Liquid,0.09586286458982678
321,North,Total,0.061713276583527016
321,North,Solids,0.4473755249596398
321,North,Liquid,0.07047983938515336
321,South,Total,0.05866521124216573
321,South,Solids,0.3633210299789506
321,South,Liquid,0.0695102617869365
321,West,Total,0.05828128741485403
321,West,Solids,0.3717447904773244
321,West,Liquid,0.0686642254284857
322,North,Total,0.06959840685032677
322,North,Solids,0.1321925888022231
322,North,Liquid,0.14715390037228565
322,South,Total,0.061937565062280195
322,South,Solids,0.10882675625484846
322,South,Liquid,0.14395951002132337
322,West,Total,0.06211343343035355
322,West,Solids,0.11140039528477136
322,West,Liquid,0.14093592837336494
323,North,Total,0.06741457759210705
323,North,Solids,0.1855838021194887
323,North,Liquid,0.09982837460593434
323,South,Total,0.06068252118390217
323,South,Solids,0.1517721113075704
323,South,Liquid,0.09861949496352944
323,West,Total,0.061065945352768505
323,West,Solids,0.15583550520077089
323,West,Liquid,0.09762759801169153
324,North,Total,0.06894035433041426
324,North,Solids,0.12404765028975395
324,North,Liquid,0.15674732131388738
324,South,Total,0.06137038182654149
324,South,Solids,0.10223335853611708
324,South,Liquid,0.15429436163019192
324,West,Total,0.06176897383700189
324,West,Solids,0.10468297435802065
324,West,Liquid,0.15218958782617253
325,North,Total,0.060544002216014
325,North,Solids,0.2862112339680941
325,North,Liquid,0.07651180264145213
325,South,Total,0.05776685939953767
325,South,Solids,0.24083532935591945
325,South,Liquid,0.07588529554659922
325,West,Total,0.05769254940144289
325,West,Solids,0.24573937619913697
325,West,Liquid,0.07539852749541878
326,North,Total,0.07172608216845816
326,North,Solids,0.16512241791291468
326,North,Liquid,0.12196475558856786
326,South,Total,0.06319885042609676
326,South,Solids,0.13489743707390994
326,South,Liquid,0.1179387190473398
326,West,Total,0.06313134847046245
326,West,Solids,0.1382052623835212
326,West,Liquid,0.11405682379705788
327,North,Total,0.07085519591404456
327,North,Solids,0.16342035538743507
327,North,Liquid,0.1161257179979866
327,South,Total,0.0626378854341401
327,South,Solids,0.13862590453410328
327,South,Liquid,0.11248256130931587
327,West,Total,0.06279868435975364
327,West,Solids,0.14098621613939877
327,West,Liquid,0.10907976060193045
328,North,Total,0.06558436428357291
328,North,Solids,0.12204674515637201
328,North,Liquid,0.15520187526177773
328,South,Total,0.05998201551392771
328,South,Solids,0.10128701183709522
328,South,Liquid,0.15363718668846946
328,West,Total,0.06018204090690495
328,West,Solids,0.10363752488033505
328,West,Liquid,0.15223082616179456
329,North,Total,0.06907743742012552
329,North,Solids,0.14639622527700924
329,North,Liquid,0.12161367568254276
329,South,Total,0.0613632680564802
329,South,Solids,0.12245738602460624
329,South,Liquid,0.11961830172587422
329,West,Total,0.06175324173226307
329,West,Solids,0.12493334031338668
329,West,Liquid,0.11780062707682744
330,North,Total,0.07648833419597859
330,North,Solids,0.17884764814412055
330,North,Liquid,0.13408284742798257
330,South,Total,0.06713485147882364
330,South,Solids,0.14672006284195252
330,South,Liquid,0.12507783324075084
330,West,Total,0.06572094458282864
330,West,Solids,0.1502268547506312
330,West,Liquid,0.11687874163332693
331,North,Total,0.06729225324376811
331,North,Solids,0.12745506631674258
331,North,Liquid,0.1511222988547254
331,South,Total,0.06158711779016071
331,South,Solids,0.10747829708271275
331,South,Liquid,0.14699964885902572
331,West,Total,0.061132673277489495
331,West,Solids,0.10930688131109723
331,West,Liquid,0.14324332753092411
332,North,Total,0.06928108405824417
332,North,Solids,0.10614212047767448
332,North,Liquid,0.19910373293457792
332,South,Total,0.06122590054649839
332,South,Solids,0.08882574611152552
332,South,Liquid,0.19700517110579938
332,West,Total,0.06186760632526669
332,West,Solids,0.09073583631846137
332,West,Liquid,0.19532063502097644
333,North,Total,0.07037033404391084
333,North,Solids,0.14836243142738115
333,North,Liquid,0.12225718146149266
333,South,Total,0.061893702037382696
333,South,Solids,0.12253400308553382
333,South,Liquid,0.12045580305072331
333,West,Total,0.062341325788313355
333,West,Solids,0.1250980139352691
333,West,Liquid,0.11881314849211716
334,North,Total,0.06911185131129756
334,North,Solids,0.18901739530077205
334,North,Liquid,0.09750445032538148
334,South,Total,0.06127627145961661
334,South,Solids,0.15580064238101438
334,South,Liquid,0.09634274781700686
334,West,Total,0.06182921872228462
334,West,Solids,0.15964904951975828
334,West,Liquid,0.09537403916530841
335,North,Total,0.06930477493191765
335,North,Solids,0.14530312818768085
335,North,Liquid,0.12335755348270497
335,South,Total,0.06134704736026053
335,South,Solids,0.11964231975853074
335,South,Liquid,0.1220209737211884
335,West,Total,0.06189458283543683
335,West,Solids,0.12246300562427531
335,West,Liquid,0.1208913540164027
336,North,Total,0.06694265815261868
336,North,Solids,0.18268381331503697
336,North,Liquid,0.09882924262076102
336,South,Total,0.06047199316645567
336,South,Solids,0.15166227042747782
336,South,Liquid,0.09772236438525858
336,West,Total,0.06080045219384687
336,West,Solids,0.1549241090471077
336,West,Liquid,0.09687612284681381
337,North,Total,0.07266208047933581
337,North,Solids,0.14776489327494396
337,North,Liquid,0.1246267561770847
337,South,Total,0.06256617447909481
337,South,Solids,0.12024544573530542
337,South,Liquid,0.12306983238409715
337,West,Total,0.0634622348318959
337,West,Solids,0.1234993795821757
337,West,Liquid,0.12169718188900364
338,North,Total,0.0788994933900697
338,North,Solids,0.19119603138184174
338,North,Liquid,0.13533814735839456
338,South,Total,0.0688102848511376
338,South,Solids,0.15556786112015847
338,South,Liquid,0.12493426263633155
338,West,Total,0.066880915176439
338,West,Solids,0.15928954244398075
338,West,Liquid,0.11547104469227733
339,North,Total,0.07668174249630758
339,North,Solids,0.1314112983040897
339,North,Liquid,0.1796860997960008
339,South,Total,0.06545870603089422
339,South,Solids,0.10669836922382056
339,South,Liquid,0.17038474720327854
339,West,Total,0.06552803813803712
339,West,Solids,0.10933816439223693
339,West,Liquid,0.16160656564753373
340,North,Total,0.06714257452703806
340,North,Solids,0.13610239689055129
340,North,Liquid,0.13721297028775847
340,South,Total,0.060898113610565366
340,South,Solids,0.11241768941642469
340,South,Liquid,0.1350703810098605
340,West,Total,0.060936320335010716
340,West,Solids,0.11481204712060937
340,West,Liquid,0.13310550081015438
341,North,Total,0.07125680734958359
341,North,Solids,0.1368076567476635
341,North,Liquid,0.14083453027524742
341,South,Total,0.06256396516803316
341,South,Solids,0.11348079974473751
341,South,Liquid,0.13719326468997994
341,West,Total,0.06290695042083042
341,West,Solids,0.11602128628072493
341,West,Liquid,0.1337973758724859
342,North,Total,0.0659962129203822
342,North,Solids,0.15202590678835523
342,North,Liquid,0.11500522639348892
342,South,Total,0.06006969246233686
342,South,Solids,0.12646866525359682
342,South,Liquid,0.11376512270564797
342,West,Total,0.060345877161136666
342,West,Solids,0.129371592749048
342,West,Liquid,0.11271332989144693
343,North,Total,0.07342368431147264
343,North,Solids,0.12005715413142198
343,North,Liquid,0.18737766867035932
343,South,Total,0.0637858462426807
343,South,Solids,0.0990158515909782
343,South,Liquid,0.1796899157235435
343,West,Total,0.06386793912012145
343,West,Solids,0.10121800399978922
343,West,Liquid,0.17237852223119546
344,North,Total,0.0650868590768629
344,North,Solids,0.1295309250817961
344,North,Liquid,0.14376993958503306
344,South,Total,0.05984974466991238
344,South,Solids,0.10690911823664116
344,South,Liquid,0.1420947822152943
344,West,Total,0.060003072456660755
344,West,Solids,0.10951962616036856
344,West,Liquid,0.14077000888345323
345,North,Total,0.0675614379563811
345,North,Solids,0.16187648783310604
345,North,Liquid,0.11534090851291783
345,South,Total,0.06133809282853881
345,South,Solids,0.13426533970033933
345,South,Liquid,0.1128021658665029
345,West,Total,0.06118791604368259
345,West,Solids,0.13727856554490606
345,West,Liquid,0.11036627893167683
346,North,Total,0.06461043297705232
346,North,Solids,0.23504731143868468
346,North,Liquid,0.08584805367444225
346,South,Total,0.05966778071202042
346,South,Solids,0.19284407909769696
346,South,Liquid,0.08496137711106694
346,West,Total,0.05975794860903212
346,West,Solids,0.1972917017841529
346,West,Liquid,0.08429280583343267
347,North,Total,0.07117575150857823
347,North,Solids,0.19557482196132064
347,North,Liquid,0.10887937884197676
347,South,Total,0.06356948671211181
347,South,Solids,0.16341507725973212
347,South,Liquid,0.10426671226452792
347,West,Total,0.06304887618119986
347,West,Solids,0.1672852572013966
347,West,Liquid,0.09981476503803477
348,North,Total,0.07252389876520411
348,North,Solids,0.12999296360156593
348,North,Liquid,0.1618439474759869
348,South,Total,0.06384821565469173
348,South,Solids,0.10836300292096494
348,South,Liquid,0.15547668323369349
348,West,Total,0.06358791086862314
348,West,Solids,0.11024852668368415
348,West,Liquid,0.14938967121255906
349,North,Total,0.07072938252568561
349,North,Solids,0.20233900241805886
349,North,Liquid,0.0977929076416058
349,South,Total,0.062314955866902645
349,South,Solids,0.16707301115618
349,South,Liquid,0.09568151844758133
349,West,Total,0.06262943665667192
349,West,Solids,0.17072959930244105
349,West,Liquid,0.09371663078251095
350,North,Total,0.08760609589254567
350,North,Solids,0.1659019151013512
350,North,Liquid,0.21147027999217313
350,South,Total,0.07396894010215761
350,South,Solids,0.13717185267845314
350,South,Liquid,0.17965157095731785
350,West,Total,0.07139691420861391
350,West,Solids,0.14012593319272648
350,West,Liquid,0.15502538863911627
351,North,Total,0.07021790796701675
351,North,Solids,0.142178718809547
351,North,Liquid,0.13267799641582959
351,South,Total,0.062238037294791354
351,South,Solids,0.11764177791247407
351,South,Liquid,0.12996196496692983
351,West,Total,0.06246602748402663
351,West,Solids,0.1201810164597506
351,West,Liquid,0.12745388104255675
352,North,Total,0.07162117463144423
352,North,Solids,0.12746631879216425
352,North,Liquid,0.15931661508587697
352,South,Total,0.06288911682193697
352,South,Solids,0.10576443773846667
352,South,Liquid,0.1543610313650931
352,West,Total,0.06301034184952119
352,West,Solids,0.10798143596568635
352,West,Liquid,0.14951187524583842
353,North,Total,0.06919409020742051
353,North,Solids,0.1765896547840346
353,North,Liquid,0.11193429828764072
353,South,Total,0.06251945364973988
353,South,Solids,0.1470658784407105
353,South,Liquid,0.108401818794082
353,West,Total,0.0620160208799808
353,West,Solids,0.1499242385776961
353,West,Liquid,0.10500885016108077
354,North,Total,0.07574492004776974
354,North,Solids,0.14461193122030147
354,North,Liquid,0.15614958937489334
354,South,Total,0.06503070049279186
354,South,Solids,0.12077099373741249
354,South,Liquid,0.1464341148981978
354,West,Total,0.06516114078138298
354,West,Solids,0.1232182011799606
354,West,Liquid,0.13741032032381978
355,North,Total,0.07100907269967285
355,North,Solids,0.1586177895708726
355,North,Liquid,0.11834715947409424
355,South,Total,0.062326136950820656
355,South,Solids,0.12952411731916647
355,South,Liquid,0.11622669084700042
355,West,Total,0.06264820678209564
355,West,Solids,0.13241113463424659
355,West,Liquid,0.11416301901653661
356,North,Total,0.06477042403385205
356,North,Solids,0.1220695668700159
356,North,Liquid,0.15485569648497538
356,South,Total,0.059517910021139056
356,South,Solids,0.10089724670191517
356,South,Liquid,0.1537427677276432
356,West,Total,0.05972074337353812
356,West,Solids,0.10305980672791702
356,West,Liquid,0.15288018732035027
357,North,Total,0.0665115242487515
357,North,Solids,0.16234754706137108
357,North,Liquid,0.10615770355185494
357,South,Total,0.060070809872798385
357,South,Solids,0.13498322319299094
357,South,Liquid,0.10537430326959839
357,West,Total,0.06058750818855507
357,West,Solids,0.13822111831514725
357,West,Liquid,0.1047763441805867
358,North,Total,0.06559115644577296
358,North,Solids,0.23745472385477548
358,North,Liquid,0.0854632385929512
358,South,Total,0.059938918907357634
358,South,Solids,0.19380160623593098
358,South,Liquid,0.08455666796858373
358,West,Total,0.06015423293545558
358,West,Solids,0.19899867624790865
358,West,Liquid,0.08375769966580793
359,North,Total,0.06319244338758925
359,North,Solids,0.2635839090685711
359,North,Liquid,0.08120443531994209
359,South,Total,0.05907803977885077
359,South,Solids,0.21686167731080544
359,South,Liquid,0.0803583964202702
359,West,Total,0.05903237171692242
359,West,Solids,0.22158618587730175
359,West,Liquid,0.07969197164559697
360,North,Total,0.07467445076160918
360,North,Solids,0.14310216525608765
360,North,Liquid,0.1551418092123913
360,South,Total,0.06542331673132774
360,South,Solids,0.11936149592305921
360,South,Liquid,0.1463007094296928
360,West,Total,0.06477259872626198
360,West,Solids,0.1217312268693169
360,West,Liquid,0.13786398088292956
361,North,Total,0.07288813711080652
361,North,Solids,0.11894618016530137
361,North,Liquid,0.16398328232909987
361,South,Total,0.06263205745833351
361,South,Solids,0.09792914113807992
361,South,Liquid,0.16287749165251486
361,West,Total,0.06361475209654177
361,West,Solids,0.10032558901913412
361,West,Liquid,0.1619935136764925
362,North,Total,0.07301233300254178
362,North,Solids,0.1403419941191605
362,North,Liquid,0.1336772821496398
362,South,Total,0.06277591829834199
362,South,Solids,0.11663506014118463
362,South,Liquid,0.13052095901660146
362,West,Total,0.06355255317399304
362,West,Solids,0.11920544718075843
362,West,Liquid,0.12750151199826898
363,North,Total,0.0720038917440172
363,North,Solids,0.1596012088866819
363,North,Liquid,0.11951082589293921
363,South,Total,0.0627390123390557
363,South,Solids,0.13045638011579316
363,South,Liquid,0.11689560318318075
363,West,Total,0.06313979882576881
363,West,Solids,0.13344332132386613
363,West,Liquid,0.11442306341461995
364,North,Total,0.06423325444081585
364,North,Solids,0.20466337384563493
364,North,Liquid,0.0925288212814596
364,South,Total,0.05958612931978308
364,South,Solids,0.16971586366255442
364,South,Liquid,0.09138329861128347
364,West,Total,0.05956590429184151
364,West,Solids,0.17340829815713354
364,West,Liquid,0.09044807200527351
365,North,Total,0.07112326749367615
365,North,Solids,0.138166105238299
365,North,Liquid,0.136018575443044
365,South,Total,0.0623273270477205
365,South,Solids,0.11450328001758926
365,South,Liquid,0.13317790483319458
365,West,Total,0.06275184905283135
365,West,Solids,0.11696706772256182
365,West,Liquid,0.13045594671488223
366,North,Total,0.06948876725359639
366,North,Solids,0.1385287491403502
366,North,Liquid,0.13324946860724865
366,South,Total,0.061601729009281084
366,South,Solids,0.1141393548029897
366,South,Liquid,0.13138066231820314
366,West,Total,0.0619925914048678
366,West,Solids,0.11654789302878105
366,West,Liquid,0.129819784274795
367,North,Total,0.06751647914084875
367,North,Solids,0.1999146416242928
367,North,Liquid,0.0922985505087936
367,South,Total,0.06060765228355679
367,South,Solids,0.16578903953851162
367,South,Liquid,0.09142361841170364
367,West,Total,0.061041411626684465
367,West,Solids,0.16942477490330865
367,West,Liquid,0.09075892096948078
368,North,Total,0.06821788923387671
368,North,Solids,0.19719902100343334
368,North,Liquid,0.10377268053458351
368,South,Total,0.06202262389679607
368,South,Solids,0.16094421229214173
368,South,Liquid,0.10087058262608567
368,West,Total,0.061553197692920454
368,West,Solids,0.16501502824160733
368,West,Liquid,0.09812218338635008
369,North,Total,0.06818868556009931
369,North,Solids,0.13628707487798722
369,North,Liquid,0.12468400359477322
369,South,Total,0.06105035591122429
369,South,Solids,0.11577108826302274
369,South,Liquid,0.12370251070614585
369,West,Total,0.06150371670621247
369,West,Solids,0.11772568162856459
369,West,Liquid,0.12295067137786786
370,North,Total,0.07140490465657126
370,North,Solids,0.18677442903743685
370,North,Liquid,0.09981715741335803
370,South,Total,0.06250531098471086
370,South,Solids,0.15610523728392295
370,South,Liquid,0.09816355637255057
370,West,Total,0.06304713688476307
370,West,Solids,0.15909209374349897
370,West,Liquid,0.09676500500541312
371,North,Total,0.06387972321383704
371,North,Solids,0.16209075632474562
371,North,Liquid,0.11209810076108187
371,South,Total,0.059410835035390984
371,South,Solids,0.13265080695119796
371,South,Liquid,0.11082743640645325
371,West,Total,0.059332883355851955
371,West,Solids,0.13546274903626637
371,West,Liquid,0.10976611207111919
372,North,Total,0.07000642305832423
372,North,Solids,0.16114015161317113
372,North,Liquid,0.112834175239175
372,South,Total,0.061868856916104546
372,South,Solids,0.13476136574472067
372,South,Liquid,0.11060050942302958
372,West,Total,0.06224384293289626
372,West,Solids,0.13759232206500846
372,West,Liquid,0.10843005177573
373,North,Total,0.07087565328631446
373,North,Solids,0.1697548562538746
373,North,Liquid,0.11743264044864192
373,South,Total,0.06290230841400878
373,South,Solids,0.13972739587893654
373,South,Liquid,0.11359910141710175
373,West,Total,0.06277263398550421
373,West,Solids,0.143063059112415
373,West,Liquid,0.10990988538450708
374,North,Total,0.06706299616279057
374,North,Solids,0.150817436830035
374,North,Liquid,0.11450298138872989
374,South,Total,0.060395044004590955
374,South,Solids,0.12578049483617523
374,South,Liquid,0.11345621828807036
374,West,Total,0.060796828131353724
374,West,Solids,0.1284411529057287
374,West,Liquid,0.11254991642624494
375,North,Total,0.07368220686111929
375,North,Solids,0.18693443014312078
375,North,Liquid,0.1124738650370163
375,South,Total,0.06383526139573098
375,South,Solids,0.15173518196422753
375,South,Liquid,0.10847025390012405
375,West,Total,0.06398734782503342
375,West,Solids,0.15557696102708013
375,West,Liquid,0.10460708421791683
376,North,Total,0.06274063158220158
376,North,Solids,0.2636778098865932
376,North,Liquid,0.08026697888730393
376,South,Total,0.05872590109857627
376,South,Solids,0.21703546644352964
376,South,Liquid,0.07959173815556407
376,West,Total,0.05878895648798431
376,West,Solids,0.22213889149958244
376,West,Liquid,0.07907624734209724
377,North,Total,0.06746787901882985
377,North,Solids,0.13997279995638195
377,North,Liquid,0.13271025110562024
377,South,Total,0.06133571885803434
377,South,Solids,0.11718734255353437
377,South,Liquid,0.12970392445547027
377,West,Total,0.061150598907957
377,West,Solids,0.11940825382387957
377,West,Liquid,0.12692444652039211
378,North,Total,0.06638174118260631
378,North,Solids,0.1785466842639589
378,North,Liquid,0.10074958224226437
378,South,Total,0.06040115386867315
378,South,Solids,0.1487025472357607
378,South,Liquid,0.099584148525351
378,West,Total,0.06059295388586419
378,West,Solids,0.15160336980243996
378,West,Liquid,0.09866072231508338
379,North,Total,0.06405059588964591
379,North,Solids,0.14372819563744332
379,North,Liquid,0.12470801161103362
379,South,Total,0.059334882670962125
379,South,Solids,0.11835676914425516
379,South,Liquid,0.12360764823325329
379,West,Total,0.059420099258720244
379,West,Solids,0.12086535381207726
379,West,Liquid,0.12273343055568772
380,North,Total,0.06894364996721973
380,North,Solids,0.14437258541867107
380,North,Liquid,0.12607369398456753
380,South,Total,0.06156477275915783
380,South,Solids,0.12014206197074918
380,South,Liquid,0.12397497133300077
380,West,Total,0.06183827529462698
380,West,Solids,0.12265002931000797
380,West,Liquid,0.1221276449269593
381,North,Total,0.06829521398268236
381,North,Solids,0.16401912229032917
381,North,Liquid,0.11031456851841222
381,South,Total,0.06126699712440379
381,South,Solids,0.13596607642024297
381,South,Liquid,0.108761187636141
381,West,Total,0.06145318176290437
381,West,Solids,0.13838292182965076
381,West,Liquid,0.1074762371221401
382,North,Total,0.0686557597207108
382,North,Solids,0.14136560791751795
382,North,Liquid,0.12600157172187046
382,South,Total,0.06101189094090465
382,South,Solids,0.11642421293699746
382,South,Liquid,0.12488442971748161
382,West,Total,0.06151860411428972
382,West,Solids,0.11906339892289225
382,West,Liquid,0.1239919261645444
383,North,Total,0.0670646723582868
383,North,Solids,0.17013374371409348
383,North,Liquid,0.10252183761279728
383,South,Total,0.060495158293840445
383,South,Solids,0.142018211995893
383,South,Liquid,0.10168323797721715
383,West,Total,0.06087043864039191
383,West,Solids,0.14489573398174488
383,West,Liquid,0.10103998050006743
384,North,Total,0.06831829848416335
384,North,Solids,0.18668206163183518
384,North,Liquid,0.1030000173531641
384,South,Total,0.06154100317418736
384,South,Solids,0.1524974722833941
384,South,Liquid,0.10125006132288587
384,West,Total,0.06151593572977905
384,West,Solids,0.15556384924535815
384,West,Liquid,0.09969596297086168
385,North,Total,0.07286881339930072
385,North,Solids,0.14711934753851244
385,North,Liquid,0.12806442715389638
385,South,Total,0.06309188153944348
385,South,Solids,0.12146101573842324
385,South,Liquid,0.1254356712581607
385,West,Total,0.06357126625673885
385,West,Solids,0.12381387731410463
385,West,Liquid,0.12300198652493187
386,North,Total,0.07003253388481302
386,North,Solids,0.13679518174576322
386,North,Liquid,0.13197658640485882
386,South,Total,0.06195665425440564
386,South,Solids,0.11540978333705375
386,South,Liquid,0.12953281462118155
386,West,Total,0.062332125150117206
386,West,Solids,0.11746478602811505
386,West,Liquid,0.12732415498766952
387,North,Total,0.07080714617801685
387,North,Solids,0.17955913086037223
387,North,Liquid,0.11441432989263522
387,South,Total,0.06339591114753425
387,South,Solids,0.14935246935363064
387,South,Liquid,0.11001377381367884
387,West,Total,0.0627871997908819
387,West,Solids,0.1520742023191284
387,West,Liquid,0.1058751804964856
388,North,Total,0.06721297640050285
388,North,Solids,0.15869966277246284
388,North,Liquid,0.11652426774513786
388,South,Total,0.060733952095759915
388,South,Solids,0.12899626677469225
388,South,Liquid,0.11484913364912706
388,West,Total,0.06088470303468449
388,West,Solids,0.13211240402620866
388,West,Liquid,0.11339762866296851
389,North,Total,0.06601998752006825
389,North,Solids,0.13635876782634174
389,North,Liquid,0.13037977160654537
389,South,Total,0.06009415658627061
389,South,Solids,0.11336885181426665
389,South,Liquid,0.1290433920008572
389,West,Total,0.060382845501681694
389,West,Solids,0.11580138355529662
389,West,Liquid,0.1280356158254741
390,North,Total,0.06927341536132904
390,North,Solids,0.12354986790133429
390,North,Liquid,0.1614881866022097
390,South,Total,0.06133293641694211
390,South,Solids,0.1003059250628916
390,South,Liquid,0.15971209545471163
390,West,Total,0.06185246619099991
390,West,Solids,0.10285576417911471
390,West,Liquid,0.15830134970598533
391,North,Total,0.07180045020346394
391,North,Solids,0.11999602186935793
391,North,Liquid,0.16713581147027246
391,South,Total,0.06233332295047966
391,South,Solids,0.0982533863627525
391,South,Liquid,0.16543569889258908
391,West,Total,0.06312487230440052
391,West,Solids,0.10065351056926308
391,West,Liquid,0.16410962645275687
392,North,Total,0.07009158595699075
392,North,Solids,0.14004107300702842
392,North,Liquid,0.13120389650282785
392,South,Total,0.06179816497097612
392,South,Solids,0.11522172042550617
392,South,Liquid,0.12950528899798183
392,West,Total,0.06229062487244989
392,West,Solids,0.11779429363170402
392,West,Liquid,0.12807054341829907
393,North,Total,0.06547833164512704
393,North,Solids,0.23473864134960837
393,North,Liquid,0.09071706664577038
393,South,Total,0.060558915047713456
393,South,Solids,0.18974524961151076
393,South,Liquid,0.08895792865240604
393,West,Total,0.06023353409394169
393,West,Solids,0.19483610255035783
393,West,Liquid,0.0873903572052793
394,North,Total,0.0686192914422127
394,North,Solids,0.15333226655705307
394,North,Liquid,0.12263768170998207
394,South,Total,0.06179616787293006
394,South,Solids,0.1269094064218641
394,South,Liquid,0.11998028905840269
394,West,Total,0.061622454323145975
394,West,Solids,0.12917690893357656
394,West,Liquid,0.11743276334323575
395,North,Total,0.06621486480727092
395,North,Solids,0.13373138637158394
395,North,Liquid,0.13011585458945496
395,South,Total,0.06028389843258413
395,South,Solids,0.11293383331649949
395,South,Liquid,0.12885452165292127
395,West,Total,0.06049003723507323
395,West,Solids,0.11488174587515687
395,West,Liquid,0.12779640101665152
396,North,Total,0.06367339371001246
396,North,Solids,0.15267900054975592
396,North,Liquid,0.11525388567117144
396,South,Total,0.05928454579961905
396,South,Solids,0.12709888781389073
396,South,Liquid,0.11388092812631967
396,West,Total,0.05929086426362431
396,West,Solids,0.1299395628215075
396,West,Liquid,0.11275928443335234
397,North,Total,0.07167774305454108
397,North,Solids,0.10932455395250092
397,North,Liquid,0.20988810698744303
397,South,Total,0.06293876758063566
397,South,Solids,0.09141636726467886
397,South,Liquid,0.20280677494706867
397,West,Total,0.06308649337642121
397,West,Solids,0.09327234849125048
397,West,Liquid,0.19599773418609132
398,North,Total,0.07689013624078628
398,North,Solids,0.14686744346838118
398,North,Liquid,0.1592881335839329
398,South,Total,0.06615808943688492
398,South,Solids,0.12135762015362728
398,South,Liquid,0.14906137394818617
398,West,Total,0.06565595855793234
398,West,Solids,0.12342896212454131
398,West,Liquid,0.13952009654734815
399,North,Total,0.06688444400062961
399,North,Solids,0.15625330732203122
399,North,Liquid,0.122767875101521
399,South,Total,0.06133349511467926
399,South,Solids,0.12817777526227858
399,South,Liquid,0.1197169010573723
399,West,Total,0.060948682316139376
399,West,Solids,0.13159555798294273
399,West,Liquid,0.11687435499107275
400,North,Total,0.0650118606494519
400,North,Solids,0.17274867347421802
400,North,Liquid,0.10226833415538107
400,South,Total,0.05970911722792831
400,South,Solids,0.14395248939699815
400,South,Liquid,0.10120852317759085
400,West,Total,0.05987393159886457
400,West,Solids,0.14684063127228753
400,West,Liquid,0.10039130658548746
401,North,Total,0.07511127591854892
401,North,Solids,0.1274800040201945
401,North,Liquid,0.17484978014413816
401,South,Total,0.06429080584252934
401,South,Solids,0.10398050116983827
401,South,Liquid,0.16776941041811785
401,West,Total,0.06464886847098311
401,West,Solids,0.10651623331702183
401,West,Liquid,0.1609494778268061
402,North,Total,0.06708687081259151
402,North,Solids,0.16268628448430617
402,North,Liquid,0.111253586931619
402,South,Total,0.060906126945090934
402,South,Solids,0.13585430111641728
402,South,Liquid,0.10932304268574378
402,West,Total,0.06087803430109037
402,West,Solids,0.13827779942484308
402,West,Liquid,0.10754993812322428
403,North,Total,0.06888157671428759
403,North,Solids,0.13002411571483685
403,North,Liquid,0.1471603210480006
403,South,Total,0.06178768316155594
403,South,Solids,0.1082331937710431
403,South,Liquid,0.1444140868075696
403,West,Total,0.061813171178485865
403,West,Solids,0.11014006650391014
403,West,Liquid,0.14189481844485197
404,North,Total,0.07140082929632782
404,North,Solids,0.15795706114208932
404,North,Liquid,0.11553630613708527
404,South,Total,0.062298821248840314
404,South,Solids,0.1296239164609654
404,South,Liquid,0.11397116093949666
404,West,Total,0.06293647636770953
404,West,Solids,0.13268708846873775
404,West,Liquid,0.11267101651871937
405,North,Total,0.06912215987155866
405,North,Solids,0.1341961269014644
405,North,Liquid,0.13400816174077618
405,South,Total,0.061353331786542134
405,South,Solids,0.11194225187212924
405,South,Liquid,0.13226634947774027
405,West,Total,0.06196984686441042
405,West,Solids,0.11466420124362361
405,West,Liquid,0.1307961116545728
406,North,Total,0.06992658418585207
406,North,Solids,0.11577391159351798
406,North,Liquid,0.17436423590586742
406,South,Total,0.061635062799056756
406,South,Solids,0.09575481870490647
406,South,Liquid,0.1721067625236252
406,West,Total,0.06232072352588938
406,West,Solids,0.09818805942501908
406,West,Liquid,0.17028662252181664
407,North,Total,0.06654251096868145
407,North,Solids,0.1389095004153545
407,North,Liquid,0.13672522513346375
407,South,Total,0.06105355523282254
407,South,Solids,0.11498547403038352
407,South,Liquid,0.13357288108426588
407,West,Total,0.06068785649178187
407,West,Solids,0.1175211030556646
407,West,Liquid,0.1306056241848703
408,North,Total,0.07135606233211261
408,North,Solids,0.13129070493656733
408,North,Liquid,0.15704065308887585
408,South,Total,0.06313754518608587
408,South,Solids,0.10821623147289619
408,South,Liquid,0.15203860526030888
408,West,Total,0.062997004878755
408,West,Solids,0.11045384938707235
408,West,Liquid,0.14733707015761816
409,North,Total,0.0707531474649899
409,North,Solids,0.1607874765054183
409,North,Liquid,0.12473737580779459
409,South,Total,0.06335534440723847
409,South,Solids,0.13460159814966655
409,South,Liquid,0.11979669968801732
409,West,Total,0.06282337008236283
409,West,Solids,0.13730045089185355
409,West,Liquid,0.11511370864858504
410,North,Total,0.07000927884680196
410,North,Solids,0.1401962421185327
410,North,Liquid,0.12637532824108197
410,South,Total,0.0617136746638493
410,South,Solids,0.11766561985480542
410,South,Liquid,0.12452917500719984
410,West,Total,0.06233921165119346
410,West,Solids,0.1202067435373688
410,West,Liquid,0.12293738893743512
411,North,Total,0.06934882641880194
411,North,Solids,0.1722379091684641
411,North,Liquid,0.11537743670086019
411,South,Total,0.06273719457398638
411,South,Solids,0.1430860304766471
411,South,Liquid,0.11166553986735894
411,West,Total,0.06215375009011717
411,West,Solids,0.1458452947644368
411,West,Liquid,0.10813198842078388
412,North,Total,0.07246495444665238
412,North,Solids,0.12646525881396045
412,North,Liquid,0.16383566018231954
412,South,Total,0.06347086034102574
412,South,Solids,0.10623121825492589
412,South,Liquid,0.1574247353387624
412,West,Total,0.06352150942495645
412,West,Solids,0.10815939926101506
412,West,Liquid,0.15124466444271878
413,North,Total,0.07205515864295127
413,North,Solids,0.14326780996219712
413,North,Liquid,0.13256545552059076
413,South,Total,0.06279265801784341
413,South,Solids,0.11788555339126772
413,South,Liquid,0.1298753947517431
413,West,Total,0.063293830739051593
413,West,Solids,0.12058559461480978
413,West,Liquid,0.12736920599709523
414,North,Total,0.06460541984336304
414,North,Solids,0.32653424090144506
414,North,Liquid,0.08042568095621097
414,South,Total,0.06065663772523692
414,South,Solids,0.26719731933811147
414,South,Liquid,0.07847715093934222
414,West,Total,0.059816179655680535
414,West,Solids,0.27322137229223015
414,West,Liquid,0.07664511699524544
415,North,Total,0.0655211378764246
415,North,Solids,0.2663203283056919
415,North,Liquid,0.08439120801720054
415,South,Total,0.06055222028154268
415,South,Solids,0.21949648434078334
415,South,Liquid,0.08271424147578413
415,West,Total,0.060182915182260356
415,West,Solids,0.22416387158041556
415,West,Liquid,0.0811622413474192
416,North,Total,0.07091267446881476
416,North,Solids,0.15896735942253004
416,North,Liquid,0.12199124860678627
416,South,Total,0.06272131520551512
416,South,Solids,0.13196772827511377
416,South,Liquid,0.11823214211365163
416,West,Total,0.06286384899580799
416,West,Solids,0.1352243805081204
416,West,Liquid,0.1146927488659042
417,North,Total,0.06439932806004717
417,North,Solids,0.15968985364778776
417,North,Liquid,0.11306231194625124
417,South,Total,0.05970435728626757
417,South,Solids,0.13171697407918623
417,South,Liquid,0.11159827364204432
417,West,Total,0.059620483317102166
417,West,Solids,0.1345448880823226
417,West,Liquid,0.11033503254713468
418,North,Total,0.06503587792597611
418,North,Solids,0.11726119564131926
418,North,Liquid,0.16588190242674844
418,South,Total,0.05978647495119621
418,South,Solids,0.09759249186144514
418,South,Liquid,0.16424078462973948
418,West,Total,0.05995733807567564
418,West,Solids,0.09974092020417147
418,West,Liquid,0.1629357007401429
419,North,Total,0.07095469880156088
419,North,Solids,0.1230298965091864
419,North,Liquid,0.16934356455676455
419,South,Total,0.06279807389896391
419,South,Solids,0.10200260016626048
419,South,Liquid,0.16410295710716494
419,West,Total,0.06277839409425835
419,West,Solids,0.10423932402966211
419,West,Liquid,0.1590412507014976
420,North,Total,0.0715739136381403
420,North,Solids,0.12323347479394231
420,North,Liquid,0.15834050736647307
420,South,Total,0.06219915227957968
420,South,Solids,0.1009131746433036
420,South,Liquid,0.15678172516823194
420,West,Total,0.06297010471718925
420,West,Solids,0.10336767707212621
420,West,Liquid,0.15553933245712723
421,North,Total,0.06792796013693356
421,North,Solids,0.1262055948493564
421,North,Liquid,0.14759244411509417
421,South,Total,0.06093520889286961
421,South,Solids,0.10479062083314929
421,South,Liquid,0.14593859325779493
421,West,Total,0.061253717602072766
421,West,Solids,0.10688865702044403
421,West,Liquid,0.14456844549194411
422,North,Total,0.06724354199539219
422,North,Solids,0.1844088815885059
422,North,Liquid,0.0965171392505286
422,South,Total,0.06037518081947363
422,South,Solids,0.15212589070129143
422,South,Liquid,0.09589903574062103
422,West,Total,0.06089830701883693
422,West,Solids,0.1557870067241791
422,West,Liquid,0.09540831178516948
423,North,Total,0.06383204591177019
423,North,Solids,0.19911963347845804
423,North,Liquid,0.09452253296772019
423,South,Total,0.059495863969102114
423,South,Solids,0.16571435479140256
423,South,Liquid,0.09312194225575778
423,West,Total,0.059282124548576995
423,West,Solids,0.16921441215478597
423,West,Liquid,0.09182088757837653
424,North,Total,0.0724311538842485
424,North,Solids,0.216260319743959
424,North,Liquid,0.09899649187218726
424,South,Total,0.06322500977221163
424,South,Solids,0.18055181761960995
424,South,Liquid,0.09558948579657406
424,West,Total,0.06344098651139202
424,West,Solids,0.1841283146444135
424,West,Liquid,0.09231513412555578
425,North,Total,0.0698671521985329
425,North,Solids,0.16595834689268535
425,North,Liquid,0.10854368382058849
425,South,Total,0.06164399573447974
425,South,Solids,0.1359346823139128
425,South,Liquid,0.10750356227256812
425,West,Total,0.06210612539697896
425,West,Solids,0.13877977212535825
425,West,Liquid,0.10667629992802607
426,North,Total,0.0741852103777389
426,North,Solids,0.13519559136832415
426,North,Liquid,0.15236460349230782
426,South,Total,0.06380340995539213
426,South,Solids,0.11066588047274402
426,South,Liquid,0.14761622915532036
426,West,Total,0.06428949420300928
426,West,Solids,0.11333170068490801
426,West,Liquid,0.1429720809186319
427,North,Total,0.07170499729050238
427,North,Solids,0.11460871633606445
427,North,Liquid,0.18604062766512183
427,South,Total,0.06256574357674415
427,South,Solids,0.094770812132691
427,South,Liquid,0.18226227276047924
427,West,Total,0.06300873237004315
427,West,Solids,0.09676717049317941
427,West,Liquid,0.1785687670032388
428,North,Total,0.07064341487259858
428,North,Solids,0.15777521792795504
428,North,Liquid,0.11484780820044921
428,South,Total,0.06180546234680945
428,South,Solids,0.12790496448178149
428,South,Liquid,0.11388035351129222
428,West,Total,0.06255814529799765
428,West,Solids,0.1313523009214455
428,West,Liquid,0.11314494591610502
429,North,Total,0.07079241721466079
429,North,Solids,0.1242995499765472
429,North,Liquid,0.15843375627761164
429,South,Total,0.06230098435340291
429,South,Solids,0.10262307654088304
429,South,Liquid,0.15605167189522018
429,West,Total,0.0627320758412887
429,West,Solids,0.10477729948796476
429,West,Liquid,0.153987651282833
430,North,Total,0.08016241574082197
430,North,Solids,0.14002815195641316
430,North,Liquid,0.20358674856311532
430,South,Total,0.06752818830175895
430,South,Solids,0.1154320691529098
430,South,Liquid,0.18220584739584944
430,West,Total,0.067122084513725
430,West,Solids,0.11772794212828777
430,West,Liquid,0.16405772216655087
431,North,Total,0.07251871962628204
431,North,Solids,0.12095992587242872
431,North,Liquid,0.1700890839329716
431,South,Total,0.06300238198032299
431,South,Solids,0.10039391209562698
431,South,Liquid,0.16580639876736056
431,West,Total,0.06353843493157009
431,West,Solids,0.10264101312507203
431,West,Liquid,0.16174437284200932
432,North,Total,0.06889842064743194
432,North,Solids,0.1466164461028662
432,North,Liquid,0.13092318598414837
432,South,Total,0.06160112747905019
432,South,Solids,0.11893768911952834
432,South,Liquid,0.12826849058868522
432,West,Total,0.06173832515960051
432,West,Solids,0.12203339799724293
432,West,Liquid,0.12589931800109894
433,North,Total,0.07320418774221102
433,North,Solids,0.14844779401279293
433,North,Liquid,0.12671211554248654
433,South,Total,0.06295614953197587
433,South,Solids,0.12268411656698526
433,South,Liquid,0.12379901460692525
433,West,Total,0.06372094603512089
433,West,Solids,0.1255593947234106
433,West,Liquid,0.12106341494503624
434,North,Total,0.0676540137773027
434,North,Solids,0.17918702191182076
434,North,Liquid,0.10440949049992046
434,South,Total,0.061060772799547684
434,South,Solids,0.1475344356352399
434,South,Liquid,0.10259206690808244
434,West,Total,0.06120664673237343
434,West,Solids,0.1511478457466199
434,West,Liquid,0.10094386392985769
435,North,Total,0.06406997483200588
435,North,Solids,0.1647310030764908
435,North,Liquid,0.10667974266334895
435,South,Total,0.05937024500793686
435,South,Solids,0.13700619887880985
435,South,Liquid,0.1056862060014533
435,West,Total,0.059466768043476864
435,West,Solids,0.13979307477628797
435,West,Liquid,0.10493349421837252
436,North,Total,0.07149268800031387
436,North,Solids,0.13259030924051843
436,North,Liquid,0.13730587424925406
436,South,Total,0.06210354563690705
436,South,Solids,0.11066537415987981
436,South,Liquid,0.13507556170736373
436,West,Total,0.06278333414257663
436,West,Solids,0.11289573290831946
436,West,Liquid,0.13301058557378023
437,North,Total,0.06993855851513209
437,North,Solids,0.12234651707006496
437,North,Liquid,0.16868350239503277
437,South,Total,0.06240946447122345
437,South,Solids,0.10147211865176564
437,South,Liquid,0.1640375913002614
437,West,Total,0.06236144313921508
437,West,Solids,0.10375183057636055
437,West,Liquid,0.15960573387011243
438,North,Total,0.0729331177467368
438,North,Solids,0.1255964365597876
438,North,Liquid,0.1611152906724623
438,South,Total,0.06314803208264695
438,South,Solids,0.10458564941529228
438,South,Liquid,0.1563117265774128
438,West,Total,0.0637420697432888
438,West,Solids,0.10695477417143769
438,West,Liquid,0.15179358556293612
439,North,Total,0.069708424909039
439,North,Solids,0.1851045734006386
439,North,Liquid,0.10549172670657854
439,South,Total,0.06210819908266194
439,South,Solids,0.15221284687428213
439,South,Liquid,0.1029381432575781
439,West,Total,0.06218594176307258
439,West,Solids,0.15602005412119274
439,West,Liquid,0.1004852321639847
440,North,Total,0.07305323466287876
440,North,Solids,0.11016553840313376
440,North,Liquid,0.23067690057348983
440,South,Total,0.0643247573805895
440,South,Solids,0.09098661344682976
440,South,Liquid,0.219993425422681
440,West,Total,0.06382089359516642
440,West,Solids,0.09296650894343736
440,West,Liquid,0.20973825977022054
441,North,Total,0.06580788608677211
441,North,Solids,0.14914531131491868
441,North,Liquid,0.11710863034145784
441,South,Total,0.06029702204396987
441,South,Solids,0.12614436879415136
441,South,Liquid,0.11528798932796595
441,West,Total,0.06029832942994926
441,West,Solids,0.12848078070994848
441,West,Liquid,0.11359751706119849
442,North,Total,0.06599117888442382
442,North,Solids,0.18948466431082228
442,North,Liquid,0.09917285551106245
442,South,Total,0.06048492755255355
442,South,Solids,0.1570930729456204
442,South,Liquid,0.09755557149557537
442,West,Total,0.06040201465077998
442,West,Solids,0.16025806981734525
442,West,Liquid,0.09611607455453167
443,North,Total,0.06793253443577786
443,North,Solids,0.1337512939738722
443,North,Liquid,0.13271660536418206
443,South,Total,0.060709756532669315
443,South,Solids,0.11120859988221965
443,South,Liquid,0.13143624563672093
443,West,Total,0.06125605406503831
443,West,Solids,0.11378793974689606
443,West,Liquid,0.13045797868037753
444,North,Total,0.06725396917862654
444,North,Solids,0.19128854510978896
444,North,Liquid,0.1046105625543346
444,South,Total,0.06159527186449557
444,South,Solids,0.15696305101783503
444,South,Liquid,0.10176123303786795
444,West,Total,0.061123532912667665
444,West,Solids,0.16116721861664815
444,West,Liquid,0.09908239079235996
445,North,Total,0.0661387030387364
445,North,Solids,0.12115682822710869
445,North,Liquid,0.15130734967104081
445,South,Total,0.06013469301998554
445,South,Solids,0.10162176852047161
445,South,Liquid,0.15015163441408613
445,West,Total,0.06045315490004685
445,West,Solids,0.1035671034027917
445,West,Liquid,0.14925247284858
446,North,Total,0.07735727277304691
446,North,Solids,0.14369747905486538
446,North,Liquid,0.16923575682641828
446,South,Total,0.06632185865647518
446,South,Solids,0.1185451051830096
446,South,Liquid,0.1566366223149275
446,West,Total,0.06598694104479372
446,West,Solids,0.12156187384542627
446,West,Liquid,0.14509663410859208
447,North,Total,0.06687260312666016
447,North,Solids,0.17727569032853047
447,North,Liquid,0.10605607820647657
447,South,Total,0.06095144569802278
447,South,Solids,0.1462434877036637
447,South,Liquid,0.10407990180360538
447,West,Total,0.060756671872157005
447,West,Solids,0.14905943009262604
447,West,Liquid,0.10221455852989321
448,North,Total,0.07033999174108993
448,North,Solids,0.12132012358854957
448,North,Liquid,0.1650393320825043
448,South,Total,0.06213818002080915
448,South,Solids,0.10034728374329449
448,South,Liquid,0.16234042416821767
448,West,Total,0.06242194528628737
448,West,Solids,0.1022485097100775
448,West,Liquid,0.15990865702580362
449,North,Total,0.07186084511867419
449,North,Solids,0.14040594344571752
449,North,Liquid,0.1425875178393782
449,South,Total,0.06296504491043609
449,South,Solids,0.1146252888571241
449,South,Liquid,0.13854437786222376
449,West,Total,0.06323461459458135
449,West,Solids,0.11764602022570154
449,West,Liquid,0.1347846356024368
450,North,Total,0.06810949741003564
450,North,Solids,0.16012584283473644
450,North,Liquid,0.11147770801381997
450,South,Total,0.06113598916168047
450,South,Solids,0.13245003791809334
450,South,Liquid,0.11033893659553927
450,West,Total,0.061389138114060236
450,West,Solids,0.1349600406888456
450,West,Liquid,0.10940055947802974
451,North,Total,0.07081747211653226
451,North,Solids,0.13988914052783658
451,North,Liquid,0.14674372241916947
451,South,Total,0.06378491000753173
451,South,Solids,0.11714054515377378
451,South,Liquid,0.1407355826448845
451,West,Total,0.06296231725577632
451,West,Solids,0.11926249331824655
451,West,Liquid,0.13502838573595333
452,North,Total,0.07049267349603602
452,North,Solids,0.14097211300528362
452,North,Liquid,0.13021332239007585
452,South,Total,0.06167618313060109
452,South,Solids,0.1143280583291727
452,South,Liquid,0.12917040589703507
452,West,Total,0.0623722736515458
452,West,Solids,0.11718707999322694
452,West,Liquid,0.12837181339173828
453,North,Total,0.06759787002076993
453,North,Solids,0.14563674695296966
453,North,Liquid,0.12736708803553015
453,South,Total,0.06107748861146958
453,South,Solids,0.11959700179731565
453,South,Liquid,0.12547802146393147
453,West,Total,0.061189902685253934
453,West,Solids,0.12227559320479132
453,West,Liquid,0.12377702337959852
454,North,Total,0.07269966801318278
454,North,Solids,0.1413780169523289
454,North,Liquid,0.14222951707875506
454,South,Total,0.0634149889044084
454,South,Solids,0.11597436137950558
454,South,Liquid,0.13798343132509241
454,West,Total,0.06362669638310622
454,West,Solids,0.11857667830218978
454,West,Liquid,0.1339546011937287
455,North,Total,0.06308886623747244
455,North,Solids,0.18919359291963309
455,North,Liquid,0.09600310927974459
455,South,Total,0.058873684420370026
455,South,Solids,0.15612739379772728
455,South,Liquid,0.09517103310453727
455,West,Total,0.05895445780448605
455,West,Solids,0.15980334727623743
455,West,Liquid,0.09451646822241319
456,North,Total,0.06958390881859551
456,North,Solids,0.12211967640162562
456,North,Liquid,0.16214619704935118
456,South,Total,0.06140700541717357
456,South,Solids,0.09940301611779305
456,South,Liquid,0.1609024565422674
456,West,Total,0.06201717945590231
456,West,Solids,0.10195029002680345
456,West,Liquid,0.15989727340017834
457,North,Total,0.06735471332765454
457,North,Solids,0.22090926451257195
457,North,Liquid,0.09196438749456584
457,South,Total,0.06107044017002411
457,South,Solids,0.18099967247772494
457,South,Liquid,0.09031348106956745
457,West,Total,0.06111440519468772
457,West,Solids,0.18548004614688463
457,West,Liquid,0.08886090267033574
458,North,Total,0.07216344267329106
458,North,Solids,0.1525748890854409
458,North,Liquid,0.13468671477855929
458,South,Total,0.06390523223116015
458,South,Solids,0.12740700610812689
458,South,Liquid,0.12868601940418326
458,West,Total,0.0634532372714509
458,West,Solids,0.12996260081763206
458,West,Liquid,0.1229679327318459
459,North,Total,0.0671452941144109
459,North,Solids,0.16088204039074708
459,North,Liquid,0.11533207389993372
459,South,Total,0.06123756419000814
459,South,Solids,0.1342344819698599
459,South,Liquid,0.11274142662972249
459,West,Total,0.06094760858896796
459,West,Solids,0.13674333852790205
459,West,Liquid,0.11027539763864755
460,North,Total,0.06523508183825745
460,North,Solids,0.15511367196191295
460,North,Liquid,0.11016942243226657
460,South,Total,0.05966819278029906
460,South,Solids,0.1296730295956188
460,South,Liquid,0.10940680706352829
460,West,Total,0.059948119057645445
460,West,Solids,0.13230286956361947
460,West,Liquid,0.10879976648591573
461,North,Total,0.06498793256173577
461,North,Solids,0.18041395492838017
461,North,Liquid,0.10107073877841247
461,South,Total,0.059998082011733664
461,South,Solids,0.15027699550914528
461,South,Liquid,0.0997118602857624
461,West,Total,0.05997657168446529
461,West,Solids,0.1531552977943406
461,West,Liquid,0.09862589657129155
462,North,Total,0.0693222861099129
462,North,Solids,0.13494527529329267
462,North,Liquid,0.14096996165097084
462,South,Total,0.06177484376479243
462,South,Solids,0.11120121260767611
462,South,Liquid,0.13844349059945862
462,West,Total,0.062021550468861264
462,West,Solids,0.11359838106528998
462,West,Liquid,0.13636802249813024
463,North,Total,0.07226178064815951
463,North,Solids,0.16937805586548477
463,North,Liquid,0.10635360488057542
463,South,Total,0.06253471633564897
463,South,Solids,0.1392866072398589
463,South,Liquid,0.10525052695494637
463,West,Total,0.06335082368144658
463,West,Solids,0.14255850248485752
463,West,Liquid,0.10437254959509693
464,North,Total,0.07122931798116139
464,North,Solids,0.15432485849349487
464,North,Liquid,0.12871999893022465
464,South,Total,0.06330411271573476
464,South,Solids,0.128379081931165
464,South,Liquid,0.12427058699714891
464,West,Total,0.06297320045580415
464,West,Solids,0.13059081390777047
464,West,Liquid,0.12005736311661035
465,North,Total,0.06649076433680136
465,North,Solids,0.12869977438536034
465,North,Liquid,0.14013067061913476
465,South,Total,0.060388578873813985
465,South,Solids,0.10775081548515562
465,South,Liquid,0.13864070989538954
465,West,Total,0.060658219228241245
465,West,Solids,0.10986287404574786
465,West,Liquid,0.13751116099845537
466,North,Total,0.06851758566905565
466,North,Solids,0.13138156584793642
466,North,Liquid,0.1483865933363436
466,South,Total,0.06194820973156398
466,South,Solids,0.10957609734802314
466,South,Liquid,0.1442657089720149
466,West,Total,0.06161290836753044
466,West,Solids,0.1117152146585858
466,West,Liquid,0.1402833835870408
467,North,Total,0.06785397466388153
467,North,Solids,0.14237033374397398
467,North,Liquid,0.12756970075885918
467,South,Total,0.061065153747279034
467,South,Solids,0.11803669462894682
467,South,Liquid,0.12570477606731692
467,West,Total,0.06136506665504147
467,West,Solids,0.12091293503124925
467,West,Liquid,0.12403768755119048
468,North,Total,0.06628271664353731
468,North,Solids,0.26592931209404375
468,North,Liquid,0.07906543707326533
468,South,Total,0.059973105624704745
468,South,Solids,0.21899837386869161
468,South,Liquid,0.07853071143542356
468,West,Total,0.06041516373845166
468,West,Solids,0.2243360015731325
468,West,Liquid,0.07811851604693656
469,North,Total,0.07387894013695498
469,North,Solids,0.14261327551800276
469,North,Liquid,0.1456253299771992
469,South,Total,0.06397291822094368
469,South,Solids,0.11675317241488152
469,South,Liquid,0.1402618424841552
469,West,Total,0.06417660593676668
469,West,Solids,0.11957884276300106
469,West,Liquid,0.13505321059586894
470,North,Total,0.0686283314337659
470,North,Solids,0.1737790918149303
470,North,Liquid,0.10542800291561537
470,South,Total,0.061031136287366956
470,South,Solids,0.1414120745450301
470,South,Liquid,0.10416182239856348
470,West,Total,0.06151130361468289
470,West,Solids,0.14505229944598894
470,West,Liquid,0.10312631168056546
471,North,Total,0.07239670517809647
471,North,Solids,0.12766098810458887
471,North,Liquid,0.1658079452835678
471,South,Total,0.06385517836667652
471,South,Solids,0.10730447771422609
471,South,Liquid,0.15833401116060053
471,West,Total,0.0636304892148256
471,West,Solids,0.10953712091730948
471,West,Liquid,0.1511545249078365
472,North,Total,0.0691931039672573
472,North,Solids,0.12527143849043834
472,North,Liquid,0.15930007118207287
472,South,Total,0.06170093160745795
472,South,Solids,0.1028901260093218
472,South,Liquid,0.15615565199910497
472,West,Total,0.06189437393909024
472,West,Solids,0.1053629166771267
472,West,Liquid,0.15322726806766887
473,North,Total,0.06630234611550453
473,North,Solids,0.16294029209477262
473,North,Liquid,0.1095833837048241
473,South,Total,0.0602986189964546
473,South,Solids,0.1348846988010819
473,South,Liquid,0.10819849656363698
473,West,Total,0.060453549138462494
473,West,Solids,0.13768530720712518
473,West,Liquid,0.10701044175727364
474,North,Total,0.07006406657052885
474,North,Solids,0.1997779021921082
474,North,Liquid,0.10423119808826149
474,South,Total,0.0628788270418771
474,South,Solids,0.1646966018781174
474,South,Liquid,0.10086445869590369
474,West,Total,0.06238296203637452
474,West,Solids,0.16818601727051208
474,West,Liquid,0.09753416726651289
475,North,Total,0.07446117974779322
475,North,Solids,0.1477399347750602
475,North,Liquid,0.15052520431324723
475,South,Total,0.0655573286456397
475,South,Solids,0.12346960959959544
475,South,Liquid,0.14132733787649013
475,West,Total,0.06468524324668044
475,West,Solids,0.12612846624487303
475,West,Liquid,0.13277123838549407
476,North,Total,0.0735388533974131
476,North,Solids,0.14984617089276808
476,North,Liquid,0.1365939312590437
476,South,Total,0.063851568722779
476,South,Solids,0.12386712931073843
476,South,Liquid,0.1311395020723698
476,West,Total,0.0640218834189131
476,West,Solids,0.12675748436456136
476,West,Liquid,0.12579650845127707
477,North,Total,0.06839601493481993
477,North,Solids,0.14468705173749974
477,North,Liquid,0.12362617299577482
477,South,Total,0.06091599480595922
477,South,Solids,0.11875505620297667
477,South,Liquid,0.12245513226869864
477,West,Total,0.06142993631896112
477,West,Solids,0.12164380172857976
477,West,Liquid,0.12153092989286443
478,North,Total,0.0689720112237628
478,North,Solids,0.17090015446789306
478,North,Liquid,0.11494535308474688
478,South,Total,0.06223449037441466
478,South,Solids,0.1403193807436337
478,South,Liquid,0.11175466375495267
478,West,Total,0.06186964295977397
478,West,Solids,0.14345131059087887
478,West,Liquid,0.10868687726002416
479,North,Total,0.06970968003233748
479,North,Solids,0.12317391450580359
479,North,Liquid,0.16090902552446706
479,South,Total,0.06177817991934278
479,South,Solids,0.10139896668324595
479,South,Liquid,0.15835791910200125
479,West,Total,0.062162885049922185
479,West,Solids,0.10373245442313841
479,West,Liquid,0.15605474882583661
480,North,Total,0.06829213548427085
480,North,Solids,0.18314299356335217
480,North,Liquid,0.10615596928230198
480,South,Total,0.06163336596146877
480,South,Solids,0.14991553047515155
480,South,Liquid,0.10377490650598402
480,West,Total,0.06153827471124893
480,West,Solids,0.15345048940342448
480,West,Liquid,0.10161727950876004
481,North,Total,0.06910762609221277
481,North,Solids,0.19945785619333067
481,North,Liquid,0.10518237573007906
481,South,Total,0.0629477972726974
481,South,Solids,0.16665586237911326
481,South,Liquid,0.10123417513158119
481,West,Total,0.06198131672951854
481,West,Solids,0.1697357324842749
481,West,Liquid,0.09740946629040192
482,North,Total,0.06681716418039288
482,North,Solids,0.14338554382313617
482,North,Liquid,0.12753339115234094
482,South,Total,0.060592593319267654
482,South,Solids,0.11778741343577423
482,South,Liquid,0.12597403841913968
482,West,Total,0.0607525882186626
482,West,Solids,0.12042738220889218
482,West,Liquid,0.12460716136405002
483,North,Total,0.06911823505494169
483,North,Solids,0.16734113043268273
483,North,Liquid,0.11528326194793767
483,South,Total,0.062172827452884376
483,South,Solids,0.1390307329739947
483,South,Liquid,0.11193001479293187
483,West,Total,0.061951331089232266
483,West,Solids,0.1423035213144806
483,West,Liquid,0.10863539348943095
484,North,Total,0.07326830562031711
484,North,Solids,0.14155256665344687
484,North,Liquid,0.15328636930497536
484,South,Total,0.06515736176760473
484,South,Solids,0.11866421287463637
484,South,Liquid,0.14472251089798877
484,West,Total,0.06409676017308882
484,West,Solids,0.12106645381965724
484,West,Liquid,0.1365529605240903
485,North,Total,0.06917708175414315
485,North,Solids,0.1674352451233382
485,North,Liquid,0.10885546008642401
485,South,Total,0.06161824325012662
485,South,Solids,0.13899892445624118
485,South,Liquid,0.10712195920467732
485,West,Total,0.06187616154178363
485,West,Solids,0.14175810052333146
485,West,Liquid,0.10550602315681429
486,North,Total,0.06323073313137577
486,North,Solids,0.1684244134248372
486,North,Liquid,0.1079255373886472
486,South,Total,0.05899486862164562
486,South,Solids,0.13692376035660503
486,South,Liquid,0.10689406889219095
486,West,Total,0.05905302026050292
486,West,Solids,0.14052900741945942
486,West,Liquid,0.10610821654722322
487,North,Total,0.0668031995018054
487,North,Solids,0.11641140669316458
487,North,Liquid,0.1702429674369021
487,South,Total,0.060400764713973355
487,South,Solids,0.09630805642090223
487,South,Liquid,0.16844629461236815
487,West,Total,0.06068480288360993
487,West,Solids,0.09839352233878913
487,West,Liquid,0.16692239851886925
488,North,Total,0.06895397675030474
488,North,Solids,0.2687526566522487
488,North,Liquid,0.08604655150594528
488,South,Total,0.061978483268225915
488,South,Solids,0.2214492088472763
488,South,Liquid,0.08393807488815822
488,West,Total,0.06185299946401599
488,West,Solids,0.2262965346230351
488,West,Liquid,0.08195707279613663
489,North,Total,0.08403059304272982
489,North,Solids,0.1268309970754234
489,North,Liquid,0.2572459188207059
489,South,Total,0.07112849664567386
489,South,Solids,0.10447738698082668
489,South,Liquid,0.2255807159769641
489,West,Total,0.06950172727577819
489,West,Solids,0.10697358940703341
489,West,Liquid,0.1994400785511198
490,North,Total,0.0668221186237882
490,North,Solids,0.15727192248042005
490,North,Liquid,0.11371456509461114
490,South,Total,0.06052184569968038
490,South,Solids,0.12992664323049605
490,South,Liquid,0.11227502611429506
490,West,Total,0.060768828510792905
490,West,Solids,0.1330881602345796
490,West,Liquid,0.11096854683234482
491,North,Total,0.06701201430343734
491,North,Solids,0.16409014170250852
491,North,Liquid,0.10755730858754298
491,South,Total,0.06049728871195996
491,South,Solids,0.1365189286457587
491,South,Liquid,0.10628297737405984
491,West,Total,0.06081565744675846
491,West,Solids,0.1395224568895844
491,West,Liquid,0.10517365471542463
492,North,Total,0.0773083478581433
492,North,Solids,0.1634714738081808
492,North,Liquid,0.14444806827119222
492,South,Total,0.06626029745105191
492,South,Solids,0.13212475854753647
492,South,Liquid,0.13541865518172871
492,West,Total,0.06584386609804438
492,West,Solids,0.13571028082620532
492,West,Liquid,0.12704083130426408
493,North,Total,0.07289203995444514
493,North,Solids,0.1390184344213189
493,North,Liquid,0.13818053145700548
493,South,Total,0.06298354144075509
493,South,Solids,0.11409673936899377
493,South,Liquid,0.13533507394796043
493,West,Total,0.06363991891855425
493,West,Solids,0.11680515034167702
493,West,Liquid,0.13274911511605292
494,North,Total,0.07285608760012367
494,North,Solids,0.13410696408038253
494,North,Liquid,0.1509230903032037
494,South,Total,0.06332287253701849
494,South,Solids,0.11046017234139134
494,South,Liquid,0.14633090216191122
494,West,Total,0.06366493073124654
494,West,Solids,0.11295086810398315
494,West,Liquid,0.14209350708621257
495,North,Total,0.06880674396020826
495,North,Solids,0.24737724219457483
495,North,Liquid,0.0855020941809505
495,South,Total,0.06144652895357232
495,South,Solids,0.2070832990767045
495,South,Liquid,0.08391469128942404
495,West,Total,0.06181140630528599
495,West,Solids,0.21191761325248482
495,West,Liquid,0.0824562834361541
496,North,Total,0.06962938298587779
496,North,Solids,0.1658393813770474
496,North,Liquid,0.10760253552407996
496,South,Total,0.061474847424640454
496,South,Solids,0.13588464787117038
496,South,Liquid,0.10671761209745555
496,West,Total,0.06206932668457786
496,West,Solids,0.13920592646393395
496,West,Liquid,0.10599555439073764
497,North,Total,0.07272922352035299
497,North,Solids,0.12827585918581033
497,North,Liquid,0.14766110464167417
497,South,Total,0.06265990376428009
497,South,Solids,0.10555962957123664
497,South,Liquid,0.14586045212757326
497,West,Total,0.06342122324859338
497,West,Solids,0.10784890005951038
497,West,Liquid,0.14428403122904201
498,North,Total,0.06846989316205532
498,North,Solids,0.12895778614626588
498,North,Liquid,0.1453792202594679
498,South,Total,0.06120095467213763
498,South,Solids,0.10635803288934906
498,South,Liquid,0.1439415466822157
498,West,Total,0.06153858490506077
498,West,Solids,0.10844622812340246
498,West,Liquid,0.14283082295848817
499,North,Total,0.07609928406263604
499,North,Solids,0.13831346318264692
499,North,Liquid,0.17181636651251975
499,South,Total,0.06662957269320413
499,South,Solids,0.11351943267096437
499,South,Liquid,0.16079186385033184
499,West,Total,0.06550934642456119
499,West,Solids,0.11623121107938715
499,West,Liquid,0.15069271745179635
500,North,Total,0.06997919999299958
500,North,Solids,0.18835089613911196
500,North,Liquid,0.10299351350621366
500,South,Total,0.06231788678075373
500,South,Solids,0.15609887426766675
500,South,Liquid,0.10072819016045595
500,West,Total,0.062371997540000904
500,West,Solids,0.15914379250734279
500,West,Liquid,0.09861122396698546
1,City,Total,0.06279987939561502
1,City,Solids,0.23982480668596143
1,City,Liquid,0.0817317810413913
2,City,Total,0.07240821505372957
2,City,Solids,0.21781233933180047
2,City,Liquid,0.10845159404598555
3,City,Total,0.06463658481312126
3,City,Solids,0.18338205271701494
3,City,Liquid,0.09660076814999692
4,City,Total,0.06664846843548648
4,City,Solids,0.1325322274440185
4,City,Liquid,0.1321074073834305
5,City,Total,0.06344805771480386
5,City,Solids,0.1524821234891589
5,City,Liquid,0.10783965979180592
6,City,Total,0.06893423687569848
6,City,Solids,0.12263290781368089
6,City,Liquid,0.15383402615155442
7,City,Total,0.06476604049053115
7,City,Solids,0.12532644076752167
7,City,Liquid,0.13818405355897007
8,City,Total,0.06518789805132372
8,City,Solids,0.1314393617685672
8,City,Liquid,0.1256456613842061
9,City,Total,0.06281368418650297
9,City,Solids,0.12358535902440579
9,City,Liquid,0.13813430061605694
10,City,Total,0.06732229987840109
10,City,Solids,0.11875083558280665
10,City,Liquid,0.1564850801362437
11,City,Total,0.06462556177061168
11,City,Solids,0.15428179854661922
11,City,Liquid,0.10983857462992412
12,City,Total,0.06939031413192875
12,City,Solids,0.13715299582579257
12,City,Liquid,0.12207751970025797
13,City,Total,0.06833272364610377
13,City,Solids,0.12534380077887625
13,City,Liquid,0.15107164581501326
14,City,Total,0.06526196367921662
14,City,Solids,0.11972844897897773
14,City,Liquid,0.14769524660158184
15,City,Total,0.06581432634408646
15,City,Solids,0.12181158990023724
15,City,Liquid,0.13376236606435743
16,City,Total,0.06883419302761037
16,City,Solids,0.12056535899464911
16,City,Liquid,0.1462854601369579
17,City,Total,0.06749970601466754
17,City,Solids,0.14048439994671005
17,City,Liquid,0.118484884378495
18,City,Total,0.06497877245325881
18,City,Solids,0.1301816602932105
18,City,Liquid,0.12611343339986003
19,City,Total,0.06860114464205465
19,City,Solids,0.1347845517428739
19,City,Liquid,0.13080190260755734
20,City,Total,0.06997781319855374
20,City,Solids,0.14980409033588835
20,City,Liquid,0.12326006508765115
21,City,Total,0.06712629455693066
21,City,Solids,0.1603634026013682
21,City,Liquid,0.10604335929217054
22,City,Total,0.0660425488839337
22,City,Solids,0.1420162789658567
22,City,Liquid,0.11885548843619381
23,City,Total,0.06517396046493852
23,City,Solids,0.18414564371744785
23,City,Liquid,0.10067846162876766
24,City,Total,0.06665687619643716
24,City,Solids,0.12316752921845624
24,City,Liquid,0.1366015796677681
25,City,Total,0.06301152338418547
25,City,Solids,0.13043058186026588
25,City,Liquid,0.12887095611108246
26,City,Total,0.06862524376368195
26,City,Solids,0.13779419912203955
26,City,Liquid,0.13493841899405512
27,City,Total,0.0623838818488882
27,City,Solids,0.16834044603578735
27,City,Liquid,0.098948733213682
28,City,Total,0.0691696602269263
28,City,Solids,0.17350060663050004
28,City,Liquid,0.10098978788540725
29,City,Total,0.0662978657573608
29,City,Solids,0.1548279298186815
29,City,Liquid,0.1084361021540329
30,City,Total,0.06768811397350177
30,City,Solids,0.14765428396057614
30,City,Liquid,0.12013312627241429
31,City,Total,0.0677250633490168
31,City,Solids,0.1707061346798959
31,City,Liquid,0.10614955464640552
32,City,Total,0.07021194534155273
32,City,Solids,0.16943893892066123
32,City,Liquid,0.11960963735130908
33,City,Total,0.06320461556520725
33,City,Solids,0.20100128118927238
33,City,Liquid,0.09117870089013944
34,City,Total,0.07074789313999212
34,City,Solids,0.1367026471414951
34,City,Liquid,0.14602221795817427
35,City,Total,0.06568177392658267
35,City,Solids,0.1182648813194908
35,City,Liquid,0.14684060169841145
36,City,Total,0.06753547797646103
36,City,Solids,0.11655589112083882
36,City,Liquid,0.16361144410373857
37,City,Total,0.062400973828285
37,City,Solids,0.12629727198066037
37,City,Liquid,0.13552977829451301
38,City,Total,0.06481938810345358
38,City,Solids,0.15875073510555748
38,City,Liquid,0.10520307248171731
39,City,Total,0.06661432931793027
39,City,Solids,0.11057107055608985
39,City,Liquid,0.16671021044818587
40,City,Total,0.06928090767835261
40,City,Solids,0.13566337597877987
40,City,Liquid,0.1361109914726117
41,City,Total,0.07441045304711587
41,City,Solids,0.13284912328571197
41,City,Liquid,0.17467273941504008
42,City,Total,0.06449518261093201
42,City,Solids,0.16598328251108344
42,City,Liquid,0.10252032340445913
43,City,Total,0.06923209708304785
43,City,Solids,0.178891086006765
43,City,Liquid,0.10744911351355675
44,City,Total,0.06583036274883318
44,City,Solids,0.11539339199841366
44,City,Liquid,0.15346475222150913
45,City,Total,0.06809174355377337
45,City,Solids,0.11585338498794394
45,City,Liquid,0.16502683927088896
46,City,Total,0.06464874908311681
46,City,Solids,0.14537615489705105
46,City,Liquid,0.11955569226913362
47,City,Total,0.06843909312748024
47,City,Solids,0.13375978220502677
47,City,Liquid,0.1279034053627251
48,City,Total,0.06521045732687523
48,City,Solids,0.13012024292591595
48,City,Liquid,0.13522413540842726
49,City,Total,0.06935581847442215
49,City,Solids,0.11058754150661193
49,City,Liquid,0.18487990783160893
50,City,Total,0.0667917032694959
50,City,Solids,0.14274914960207408
50,City,Liquid,0.12361158483957388
51,City,Total,0.06747950970995588
51,City,Solids,0.2439346706841443
51,City,Liquid,0.09144506376768752
52,City,Total,0.0698725279609356
52,City,Solids,0.14658735473671866
52,City,Liquid,0.1279282722996271
53,City,Total,0.06686148588736678
53,City,Solids,0.17570723708531266
53,City,Liquid,0.10857102546910904
54,City,Total,0.0689218328670959
54,City,Solids,0.12442800090402623
54,City,Liquid,0.14755258213406827
55,City,Total,0.06971423935010572
55,City,Solids,0.12002463384542215
55,City,Liquid,0.16741515121918943
56,City,Total,0.06536090575814235
56,City,Solids,0.14088358484224983
56,City,Liquid,0.11510241062102919
57,City,Total,0.06503843922200556
57,City,Solids,0.12375148156829692
57,City,Liquid,0.13830731325514575
58,City,Total,0.06540487047012127
58,City,Solids,0.1270874827087531
58,City,Liquid,0.13054174964417495
59,City,Total,0.06355662774188191
59,City,Solids,0.18992234252268833
59,City,Liquid,0.0962832229292319
60,City,Total,0.06465507788036459
60,City,Solids,0.1609429224321756
60,City,Liquid,0.10443828050727808
61,City,Total,0.06417943375758817
61,City,Solids,0.15901159125146147
61,City,Liquid,0.10347035789875333
62,City,Total,0.06318921804292542
62,City,Solids,0.1643867034649501
62,City,Liquid,0.10169593156448722
63,City,Total,0.06789706621035417
63,City,Solids,0.2995283310725626
63,City,Liquid,0.08361085490476515
64,City,Total,0.06879095272241707
64,City,Solids,0.14281129856284108
64,City,Liquid,0.11568875631182118
65,City,Total,0.06795861238258921
65,City,Solids,0.13331051113763867
65,City,Liquid,0.1305608493133618
66,City,Total,0.06558540209347907
66,City,Solids,0.15455247587233373
66,City,Liquid,0.10817014216640405
67,City,Total,0.06355822618717287
67,City,Solids,0.1446003370692966
67,City,Liquid,0.11374491331278473
68,City,Total,0.0674011239781567
68,City,Solids,0.11123987242786788
68,City,Liquid,0.16889263738235555
69,City,Total,0.0674621050355248
69,City,Solids,0.1162116915678191
69,City,Liquid,0.1547690540548372
70,City,Total,0.06682158097875955
70,City,Solids,0.12538783708461781
70,City,Liquid,0.13591450109527048
71,City,Total,0.0655076631537329
71,City,Solids,0.19310364651571166
71,City,Liquid,0.09828017256721783
72,City,Total,0.06679942732750264
72,City,Solids,0.1392394407636831
72,City,Liquid,0.11908033379996703
73,City,Total,0.06964723839421483
73,City,Solids,0.18648090032127332
73,City,Liquid,0.10622570244568665
74,City,Total,0.06662760291968119
74,City,Solids,0.13209782905774958
74,City,Liquid,0.13238663264204312
75,City,Total,0.06842386058723543
75,City,Solids,0.11417770351079175
75,City,Liquid,0.1679301115689763
76,City,Total,0.06295483948068056
76,City,Solids,0.14907372094387905
76,City,Liquid,0.10839809134160902
77,City,Total,0.0662810183652063
77,City,Solids,0.1609710951073686
77,City,Liquid,0.11319617509869795
78,City,Total,0.0628640072717167
78,City,Solids,0.2023114605797677
78,City,Liquid,0.09187289556374846
79,City,Total,0.06598202850027426
79,City,Solids,0.13664772317280768
79,City,Liquid,0.12213330636641774
80,City,Total,0.06688497871914854
80,City,Solids,0.14222729544894347
80,City,Liquid,0.12034088121159404
81,City,Total,0.06636543377790252
81,City,Solids,0.14584744857044574
81,City,Liquid,0.11380154657696501
82,City,Total,0.0742117517545827
82,City,Solids,0.1624089497874835
82,City,Liquid,0.14229376945341093
83,City,Total,0.06239011670460194
83,City,Solids,0.17361427946543465
83,City,Liquid,0.09580516768478271
84,City,Total,0.06657671805795247
84,City,Solids,0.1656766421579703
84,City,Liquid,0.10977903421523992
85,City,Total,0.06662613132272403
85,City,Solids,0.13303279730359668
85,City,Liquid,0.13347971661532843
86,City,Total,0.0672905503297782
86,City,Solids,0.12465032481213525
86,City,Liquid,0.1444958654702582
87,City,Total,0.06599687571438095
87,City,Solids,0.17293848092629396
87,City,Liquid,0.09731919994435706
88,City,Total,0.06670638277448089
88,City,Solids,0.136887694606919
88,City,Liquid,0.12261814218548665
89,City,Total,0.06988840527457553
89,City,Solids,0.18738790991518744
89,City,Liquid,0.10532795738423678
90,City,Total,0.06991442911313499
90,City,Solids,0.12376903675871802
90,City,Liquid,0.1486844615661551
91,City,Total,0.06482550474217565
91,City,Solids,0.13279377005226503
91,City,Liquid,0.12323136440228592
92,City,Total,0.06698241255266638
92,City,Solids,0.1563724428878421
92,City,Liquid,0.1062553079150808
93,City,Total,0.07421915753893182
93,City,Solids,0.1612960161670814
93,City,Liquid,0.1391855431109424
94,City,Total,0.06484993299509978
94,City,Solids,0.1433671095422247
94,City,Liquid,0.11507866651261234
95,City,Total,0.06687268246831578
95,City,Solids,0.17899965780801186
95,City,Liquid,0.09677431094801636
96,City,Total,0.06629274128231628
96,City,Solids,0.131318478018708
96,City,Liquid,0.1304053147585024
97,City,Total,0.06622845295980272
97,City,Solids,0.14385136226519318
97,City,Liquid,0.11404800728739782
98,City,Total,0.06783362408074886
98,City,Solids,0.12883666864394078
98,City,Liquid,0.1363449987488184
99,City,Total,0.06728358576414223
99,City,Solids,0.1751019225689283
99,City,Liquid,0.10948938633645414
100,City,Total,0.0677862898497504
100,City,Solids,0.1259722587840822
100,City,Liquid,0.13895276120368527
101,City,Total,0.06748016663126885
101,City,Solids,0.16984293524182437
101,City,Liquid,0.10831955604519755
102,City,Total,0.06317624193205666
102,City,Solids,0.15555532986814374
102,City,Liquid,0.10680785220134849
103,City,Total,0.06456407624009843
103,City,Solids,0.2693187138577456
103,City,Liquid,0.0812161965100676
104,City,Total,0.06312111136221886
104,City,Solids,0.14549677065284514
104,City,Liquid,0.11360233479302154
105,City,Total,0.07267311710583274
105,City,Solids,0.1419646695525746
105,City,Liquid,0.1495657997089812
106,City,Total,0.06506950484878532
106,City,Solids,0.14688133814511622
106,City,Liquid,0.1153105630060981
107,City,Total,0.06796159558185663
107,City,Solids,0.14290920625995984
107,City,Liquid,0.12554784897595384
108,City,Total,0.06935529115911426
108,City,Solids,0.14736110990584053
108,City,Liquid,0.12948790877517968
109,City,Total,0.06639452998128037
109,City,Solids,0.15012811692085215
109,City,Liquid,0.11120846422895733
110,City,Total,0.06291140144924975
110,City,Solids,0.19168566224134537
110,City,Liquid,0.09035640960256427
111,City,Total,0.06604518716727309
111,City,Solids,0.16828381238085047
111,City,Liquid,0.09938609219976835
112,City,Total,0.06133391616985135
112,City,Solids,0.1640902891471111
112,City,Liquid,0.10079880760494135
113,City,Total,0.06497780433846827
113,City,Solids,0.16441959546044918
113,City,Liquid,0.10620856078836045
114,City,Total,0.06648175880701047
114,City,Solids,0.15159283483976405
114,City,Liquid,0.11095963098373843
115,City,Total,0.06304996560871381
115,City,Solids,0.133714730993463
115,City,Liquid,0.12222340543081454
116,City,Total,0.06458469237659155
116,City,Solids,0.19599822134438882
116,City,Liquid,0.09577775639057923
117,City,Total,0.0676083718583604
117,City,Solids,0.12369949889533337
117,City,Liquid,0.1525596586729551
118,City,Total,0.061330763334668144
118,City,Solids,0.2427604985406251
118,City,Liquid,0.0816519286050922
119,City,Total,0.0633069932428049
119,City,Solids,0.20109629794698192
119,City,Liquid,0.09005597082196322
120,City,Total,0.06861180715709653
120,City,Solids,0.12353341733624666
120,City,Liquid,0.14063026919983568
121,City,Total,0.06733121307389442
121,City,Solids,0.13042820937478608
121,City,Liquid,0.14243739498544006
122,City,Total,0.08093057410828637
122,City,Solids,0.16799846963529957
122,City,Liquid,0.1615145869296594
123,City,Total,0.06327403305655353
123,City,Solids,0.27446850835319286
123,City,Liquid,0.08110437300949548
124,City,Total,0.06786496806347549
124,City,Solids,0.13673397902460066
124,City,Liquid,0.12274126033561204
125,City,Total,0.06809293466601535
125,City,Solids,0.1071806020822427
125,City,Liquid,0.17356794868444317
126,City,Total,0.06304358433789548
126,City,Solids,0.14595004414862145
126,City,Liquid,0.11311725313066674
127,City,Total,0.06354665382232465
127,City,Solids,0.16529120794062596
127,City,Liquid,0.10174960337350876
128,City,Total,0.06997900012411282
128,City,Solids,0.13640499798278188
128,City,Liquid,0.1439298219644762
129,City,Total,0.0649588978788532
129,City,Solids,0.15370163905746395
129,City,Liquid,0.11511763548673379
130,City,Total,0.06397521204106522
130,City,Solids,0.15704076876040915
130,City,Liquid,0.10350206202731865
131,City,Total,0.06588248533084741
131,City,Solids,0.12358316438645543
131,City,Liquid,0.14218572056011416
132,City,Total,0.0633030036611516
132,City,Solids,0.12739250814508218
132,City,Liquid,0.13365753487502227
133,City,Total,0.0648146277714269
133,City,Solids,0.12534420085171172
133,City,Liquid,0.13385284978168055
134,City,Total,0.0615627747214576
134,City,Solids,0.2443668603575469
134,City,Liquid,0.08000504589252387
135,City,Total,0.06784316619664515
135,City,Solids,0.12143600393400832
135,City,Liquid,0.14580037619555603
136,City,Total,0.06666183024150173
136,City,Solids,0.14845896096913086
136,City,Liquid,0.11337150832483057
137,City,Total,0.06564295964725902
137,City,Solids,0.11430156689804169
137,City,Liquid,0.15960596987246575
138,City,Total,0.06546068960165587
138,City,Solids,0.1492491660603382
138,City,Liquid,0.11446430064027838
139,City,Total,0.07109951839449147
139,City,Solids,0.16603252532708015
139,City,Liquid,0.12177501393085632
140,City,Total,0.06447671710859376
140,City,Solids,0.1860346060323302
140,City,Liquid,0.09595180121853945
141,City,Total,0.07341974708729493
141,City,Solids,0.18041756423000704
141,City,Liquid,0.12523727932233664
142,City,Total,0.06792351352838012
142,City,Solids,0.11224292001971736
142,City,Liquid,0.16384459838575852
143,City,Total,0.0689804558612607
143,City,Solids,0.18410596506936128
143,City,Liquid,0.1029718182475233
144,City,Total,0.06489222264519251
144,City,Solids,0.16732584015230945
144,City,Liquid,0.10423489110190569
145,City,Total,0.06584947034612909
145,City,Solids,0.17813698620456928
145,City,Liquid,0.09810828482520488
146,City,Total,0.0654410594881847
146,City,Solids,0.15953688383065764
146,City,Liquid,0.10279502738238891
147,City,Total,0.06849842527120911
147,City,Solids,0.11621582286824253
147,City,Liquid,0.1493300785726877
148,City,Total,0.06537884489767493
148,City,Solids,0.20777843925673173
148,City,Liquid,0.09604885318350746
149,City,Total,0.06532619051500653
149,City,Solids,0.1522796699281213
149,City,Liquid,0.11551375959696117
150,City,Total,0.06738886022272034
150,City,Solids,0.13279516691921128
150,City,Liquid,0.1311680759673555
151,City,Total,0.06376471979956932
151,City,Solids,0.13873758309647508
151,City,Liquid,0.11933248824236865
152,City,Total,0.06989874319874467
152,City,Solids,0.13198566365296605
152,City,Liquid,0.14023896311678963
153,City,Total,0.06514026465171921
153,City,Solids,0.15444779003034567
153,City,Liquid,0.11623500760937303
154,City,Total,0.06763733438733764
154,City,Solids,0.23368773373966756
154,City,Liquid,0.09159885765421893
155,City,Total,0.06644021332400195
155,City,Solids,0.13595209760384538
155,City,Liquid,0.12252600856070225
156,City,Total,0.06447386347628889
156,City,Solids,0.16173151546025175
156,City,Liquid,0.10176811876248996
157,City,Total,0.06599065207917293
157,City,Solids,0.15117319481078242
157,City,Liquid,0.10985727979565969
158,City,Total,0.07189126002920582
158,City,Solids,0.10709401087073997
158,City,Liquid,0.2218587914306861
159,City,Total,0.06816326720250104
159,City,Solids,0.1311046571882171
159,City,Liquid,0.14326686277605372
160,City,Total,0.06640322506675093
160,City,Solids,0.1278059003377224
160,City,Liquid,0.13555559952624496
161,City,Total,0.06584056795732293
161,City,Solids,0.12717877571461578
161,City,Liquid,0.13348795418705764
162,City,Total,0.061667205566367296
162,City,Solids,0.1370761390008296
162,City,Liquid,0.11778684810111856
163,City,Total,0.0716910342378444
163,City,Solids,0.14173607388152074
163,City,Liquid,0.14177932228955284
164,City,Total,0.06387364864566691
164,City,Solids,0.150928947651701
164,City,Liquid,0.10994620968872171
165,City,Total,0.06570550831465508
165,City,Solids,0.12681026766942766
165,City,Liquid,0.1377639714388448
166,City,Total,0.06630743273575368
166,City,Solids,0.18067720862375292
166,City,Liquid,0.10351634361491552
167,City,Total,0.06643048332242939
167,City,Solids,0.15793449827230546
167,City,Liquid,0.10490231184082141
168,City,Total,0.0674246636610663
168,City,Solids,0.16165970153202094
168,City,Liquid,0.10935179131612116
169,City,Total,0.07364710303852476
169,City,Solids,0.18343603385372087
169,City,Liquid,0.12390867980888601
170,City,Total,0.06726809566526286
170,City,Solids,0.15644338021026116
170,City,Liquid,0.10788554072170521
171,City,Total,0.06988330055753887
171,City,Solids,0.12409175670124621
171,City,Liquid,0.1582500806494206
172,City,Total,0.06568310578682088
172,City,Solids,0.11968658052373574
172,City,Liquid,0.14358846789884921
173,City,Total,0.06628173391408353
173,City,Solids,0.13036275998810098
173,City,Liquid,0.12931345993554422
174,City,Total,0.06887240099136349
174,City,Solids,0.11548205179451625
174,City,Liquid,0.15948253787757816
175,City,Total,0.06491826899168837
175,City,Solids,0.1519127819322703
175,City,Liquid,0.1096120495440499
176,City,Total,0.06503853983256905
176,City,Solids,0.15504529535538727
176,City,Liquid,0.10888299384438303
177,City,Total,0.06558666232517193
177,City,Solids,0.16984062244613304
177,City,Liquid,0.10489828951895745
178,City,Total,0.06321091377347374
178,City,Solids,0.12753869378599286
178,City,Liquid,0.1314242624840693
179,City,Total,0.0697026297647564
179,City,Solids,0.14230956516665935
179,City,Liquid,0.12792696861251793
180,City,Total,0.0667112017407397
180,City,Solids,0.1195938358298565
180,City,Liquid,0.14316474976829835
181,City,Total,0.06540930008663541
181,City,Solids,0.14480292380343207
181,City,Liquid,0.11861493963065549
182,City,Total,0.06742801403830795
182,City,Solids,0.11943847005928898
182,City,Liquid,0.15168094769783907
183,City,Total,0.06495316825247893
183,City,Solids,0.12580342580852572
183,City,Liquid,0.12982749905866614
184,City,Total,0.06971839193024404
184,City,Solids,0.11210976383451626
184,City,Liquid,0.178252118379443
185,City,Total,0.06811381557012174
185,City,Solids,0.1706273533326107
185,City,Liquid,0.1123973621898455
186,City,Total,0.06775210745229196
186,City,Solids,0.1389573597757077
186,City,Liquid,0.12101936540519771
187,City,Total,0.06585296036616636
187,City,Solids,0.1572955418329957
187,City,Liquid,0.11319328178956758
188,City,Total,0.06989264424386595
188,City,Solids,0.12162191573584687
188,City,Liquid,0.14756028918422107
189,City,Total,0.06450595043861267
189,City,Solids,0.19368302305566878
189,City,Liquid,0.09571448443139699
190,City,Total,0.06624040096462953
190,City,Solids,0.16770286313559338
190,City,Liquid,0.11070822494998613
191,City,Total,0.06472571796260443
191,City,Solids,0.12230747764098851
191,City,Liquid,0.14147702595213954
192,City,Total,0.062406836892934
192,City,Solids,0.12438069837956824
192,City,Liquid,0.13953809558025196
193,City,Total,0.07118651846000298
193,City,Solids,0.13062794934939936
193,City,Liquid,0.15624415426348526
194,City,Total,0.067167333415001515
194,City,Solids,0.14523064883160972
194,City,Liquid,0.12311025210879477
195,City,Total,0.0639785437026963
195,City,Solids,0.13938283765972653
195,City,Liquid,0.11835978234355624
196,City,Total,0.06294610731812453
196,City,Solids,0.20781073237801104
196,City,Liquid,0.08716801402594068
197,City,Total,0.06746312908122028
197,City,Solids,0.148321069113466
197,City,Liquid,0.12283110178164001
198,City,Total,0.06511698969938555
198,City,Solids,0.16077075027539897
198,City,Liquid,0.10660827298923344
199,City,Total,0.06894722218385539
199,City,Solids,0.12067950643763176
199,City,Liquid,0.16368950362369802
200,City,Total,0.06617079993025961
200,City,Solids,0.12310753220417432
200,City,Liquid,0.1422296581844928
201,City,Total,0.0694037666239665
201,City,Solids,0.16861974716587272
201,City,Liquid,0.1056639246094509
202,City,Total,0.06661446870216588
202,City,Solids,0.15454716581986297
202,City,Liquid,0.10853496477716346
203,City,Total,0.0645639681067875
203,City,Solids,0.12020614068423215
203,City,Liquid,0.14988496700894285
204,City,Total,0.06765770443567498
204,City,Solids,0.116814112188297
204,City,Liquid,0.15076880239018395
205,City,Total,0.06315948712536137
205,City,Solids,0.13673803392526504
205,City,Liquid,0.12404741542741905
206,City,Total,0.07013813733908442
206,City,Solids,0.13791940828564833
206,City,Liquid,0.13516201497493951
207,City,Total,0.0677514760599781
207,City,Solids,0.14076340478088237
207,City,Liquid,0.11643643132660816
208,City,Total,0.06362489926001144
208,City,Solids,0.16487143590197126
208,City,Liquid,0.10505152834446746
209,City,Total,0.062354346126333955
209,City,Solids,0.19149989098201123
209,City,Liquid,0.09206533720042742
210,City,Total,0.06786368725250778
210,City,Solids,0.15177962287168617
210,City,Liquid,0.11301011751919361
211,City,Total,0.06092876070057584
211,City,Solids,0.21477591542851418
211,City,Liquid,0.08468605928941161
212,City,Total,0.06582489564357151
212,City,Solids,0.2114803156951855
212,City,Liquid,0.08814156233587861
213,City,Total,0.07009033307118272
213,City,Solids,0.1379974233262068
213,City,Liquid,0.13558243389677221
214,City,Total,0.06661195938198668
214,City,Solids,0.17912709931729567
214,City,Liquid,0.1020139039803221
215,City,Total,0.06375289566364789
215,City,Solids,0.1452190669834237
215,City,Liquid,0.11770678739637343
216,City,Total,0.06937073428976492
216,City,Solids,0.11561037380403102
216,City,Liquid,0.15570644553579868
217,City,Total,0.06525297787594338
217,City,Solids,0.19153744538287512
217,City,Liquid,0.09146334355983639
218,City,Total,0.06623519304243847
218,City,Solids,0.14815714934993426
218,City,Liquid,0.11367602561508292
219,City,Total,0.06658024143738543
219,City,Solids,0.18731282489432471
219,City,Liquid,0.09859283138426427
220,City,Total,0.06703688765830663
220,City,Solids,0.13598420002513786
220,City,Liquid,0.12302246727606564
221,City,Total,0.07155175316875427
221,City,Solids,0.15273345210355022
221,City,Liquid,0.13574394464746484
222,City,Total,0.06217020437150515
222,City,Solids,0.18953061114730607
222,City,Liquid,0.09122433788276973
223,City,Total,0.06611794209141475
223,City,Solids,0.12632715208280454
223,City,Liquid,0.13556288428630656
224,City,Total,0.06549318162052065
224,City,Solids,0.14844777910836104
224,City,Liquid,0.11157496057898134
225,City,Total,0.06682491830769945
225,City,Solids,0.1590279673454712
225,City,Liquid,0.11088078277377651
226,City,Total,0.06692141142727184
226,City,Solids,0.1044075405483565
226,City,Liquid,0.1920067315043175
227,City,Total,0.06360992610789952
227,City,Solids,0.12526747242488886
227,City,Liquid,0.14095637318523963
228,City,Total,0.06976969090319304
228,City,Solids,0.12577015217224768
228,City,Liquid,0.15906062797944626
229,City,Total,0.06655568969381304
229,City,Solids,0.11536176756633962
229,City,Liquid,0.15471567838441147
230,City,Total,0.06440922223198432
230,City,Solids,0.12983524764322724
230,City,Liquid,0.1306950428428573
231,City,Total,0.06435656983153605
231,City,Solids,0.1465848502151445
231,City,Liquid,0.11285434693928903
232,City,Total,0.06351274059093946
232,City,Solids,0.14414655820260353
232,City,Liquid,0.1142185300253306
233,City,Total,0.06691668839589339
233,City,Solids,0.12895540368185637
233,City,Liquid,0.14104307787134954
234,City,Total,0.0673708198163926
234,City,Solids,0.1266996068755067
234,City,Liquid,0.13731913783401936
235,City,Total,0.06381957476777018
235,City,Solids,0.1756224937659781
235,City,Liquid,0.09822602142739442
236,City,Total,0.06622859120937971
236,City,Solids,0.1359430662211732
236,City,Liquid,0.12564456763639067
237,City,Total,0.06258131068044179
237,City,Solids,0.19334255893747102
237,City,Liquid,0.09140555577502173
238,City,Total,0.061546977112929474
238,City,Solids,0.14560862931634289
238,City,Liquid,0.11233645839126495
239,City,Total,0.07332897424843224
239,City,Solids,0.169989543608009
239,City,Liquid,0.13048562111189874
240,City,Total,0.06760976746064533
240,City,Solids,0.1715068144383517
240,City,Liquid,0.09763804701749994
241,City,Total,0.06673886665539144
241,City,Solids,0.12652680056287416
241,City,Liquid,0.1317044332559488
242,City,Total,0.06638204920232996
242,City,Solids,0.11369116468075702
242,City,Liquid,0.1680975373377506
243,City,Total,0.06497707430750173
243,City,Solids,0.1624563970197824
243,City,Liquid,0.10140301031728267
244,City,Total,0.06441424672751765
244,City,Solids,0.15335020045643882
244,City,Liquid,0.11512548888399465
245,City,Total,0.06852747201680706
245,City,Solids,0.10921401626347062
245,City,Liquid,0.19152591237255795
246,City,Total,0.06752184666540567
246,City,Solids,0.12233039903574512
246,City,Liquid,0.14493624598258356
247,City,Total,0.06458206743039452
247,City,Solids,0.11577701138962054
247,City,Liquid,0.14667401049301346
248,City,Total,0.06357649800367916
248,City,Solids,0.15305202556851458
248,City,Liquid,0.10619922050850363
249,City,Total,0.0641411926736441
249,City,Solids,0.11868826235088056
249,City,Liquid,0.14184875901347271
250,City,Total,0.07183102107979192
250,City,Solids,0.1259346199095291
250,City,Liquid,0.16868823624538135
251,City,Total,0.06363242589767476
251,City,Solids,0.17798235264756934
251,City,Liquid,0.09915226066029037
252,City,Total,0.06845731112634955
252,City,Solids,0.1203355073011766
252,City,Liquid,0.15655010415397616
253,City,Total,0.06473723712961127
253,City,Solids,0.12807575247217104
253,City,Liquid,0.13349622004999553
254,City,Total,0.06252429629392053
254,City,Solids,0.130976929097033
254,City,Liquid,0.12772735512649178
255,City,Total,0.06934462189404388
255,City,Solids,0.1192945070256376
255,City,Liquid,0.16773847757637256
256,City,Total,0.06638584562221782
256,City,Solids,0.15938221960827
256,City,Liquid,0.10523762965092547
257,City,Total,0.06960921691528794
257,City,Solids,0.12307886967634434
257,City,Liquid,0.16302166847106864
258,City,Total,0.06287101263415762
258,City,Solids,0.1516113332234817
258,City,Liquid,0.10595243088182602
259,City,Total,0.06082275286256904
259,City,Solids,0.1492825834517758
259,City,Liquid,0.10994983666332006
260,City,Total,0.06781545793169645
260,City,Solids,0.15736868156979866
260,City,Liquid,0.11488343350450796
261,City,Total,0.06641946749870167
261,City,Solids,0.11485301048417161
261,City,Liquid,0.1541899715446423
262,City,Total,0.06349496586606516
262,City,Solids,0.14518714151524037
262,City,Liquid,0.1124013365905716
263,City,Total,0.06822225778960413
263,City,Solids,0.15101489831731704
263,City,Liquid,0.12115585979151343
264,City,Total,0.06490937542655455
264,City,Solids,0.18562981215614072
264,City,Liquid,0.09594684078978451
265,City,Total,0.07000188225410589
265,City,Solids,0.12626870893346712
265,City,Liquid,0.15256908458403062
266,City,Total,0.06624897833587415
266,City,Solids,0.12516582896749853
266,City,Liquid,0.13769414618113515
267,City,Total,0.06459758222635588
267,City,Solids,0.1433638003106427
267,City,Liquid,0.11926664687621771
268,City,Total,0.06885057574663288
268,City,Solids,0.12097514094402488
268,City,Liquid,0.1573661741162622
269,City,Total,0.06726855939362503
269,City,Solids,0.12381090562412135
269,City,Liquid,0.14064540624242283
270,City,Total,0.06639571643477926
270,City,Solids,0.14201245554443456
270,City,Liquid,0.11412319406639834
271,City,Total,0.06980637705493048
271,City,Solids,0.17128275262169376
271,City,Liquid,0.11458132439709746
272,City,Total,0.07171284643078114
272,City,Solids,0.1455619595883488
272,City,Liquid,0.1423062918566464
273,City,Total,0.0744948708604537
273,City,Solids,0.11913416921123
273,City,Liquid,0.2005102961041904
274,City,Total,0.06839920311479016
274,City,Solids,0.11899738631087758
274,City,Liquid,0.14789675781172332
275,City,Total,0.06704871166772133
275,City,Solids,0.12943274309443245
275,City,Liquid,0.13081743607230234
276,City,Total,0.06530661270278719
276,City,Solids,0.13948969727295946
276,City,Liquid,0.12163834086159322
277,City,Total,0.06732805474733776
277,City,Solids,0.1647421978766187
277,City,Liquid,0.10407342342798716
278,City,Total,0.06658839461222159
278,City,Solids,0.1377616449418341
278,City,Liquid,0.11745104727435282
279,City,Total,0.0666059163714063
279,City,Solids,0.14387787522377699
279,City,Liquid,0.12059034623080978
280,City,Total,0.06164760090677596
280,City,Solids,0.196683866499426
280,City,Liquid,0.08908221491388249
281,City,Total,0.06494019266933448
281,City,Solids,0.16085312330057644
281,City,Liquid,0.10333751493463415
282,City,Total,0.06888766625652495
282,City,Solids,0.11312485407799885
282,City,Liquid,0.16681745427549777
283,City,Total,0.06629477393621253
283,City,Solids,0.13319487510956352
283,City,Liquid,0.12475677746091265
284,City,Total,0.06644590487821048
284,City,Solids,0.1511805011284475
284,City,Liquid,0.11360735271973958
285,City,Total,0.065694723633367
285,City,Solids,0.13525903520881818
285,City,Liquid,0.12348499075826075
286,City,Total,0.06997176904877289
286,City,Solids,0.1216191386324733
286,City,Liquid,0.15996017058583809
287,City,Total,0.06380533072168713
287,City,Solids,0.15574568823778043
287,City,Liquid,0.10797596680545223
288,City,Total,0.06368480168280617
288,City,Solids,0.152201394856281
288,City,Liquid,0.10755767245937808
289,City,Total,0.06649482003457369
289,City,Solids,0.13107095874924923
289,City,Liquid,0.13372722529015857
290,City,Total,0.06859287816653842
290,City,Solids,0.1527086218405878
290,City,Liquid,0.12267514333968031
291,City,Total,0.06470633023729158
291,City,Solids,0.1383208791791176
291,City,Liquid,0.11876819507474824
292,City,Total,0.06855009903210998
292,City,Solids,0.13719639310214835
292,City,Liquid,0.12817514400734697
293,City,Total,0.06437108799448252
293,City,Solids,0.1801177387194638
293,City,Liquid,0.0993570737749793
294,City,Total,0.06790391429867763
294,City,Solids,0.14923392068306182
294,City,Liquid,0.11802502147280787
295,City,Total,0.0630205252600533
295,City,Solids,0.2095997346756976
295,City,Liquid,0.08872807878527023
296,City,Total,0.06934341206568245
296,City,Solids,0.1332518959449734
296,City,Liquid,0.13122000856664462
297,City,Total,0.06460004392412849
297,City,Solids,0.13247150521003495
297,City,Liquid,0.13085020193659086
298,City,Total,0.06493999411968933
298,City,Solids,0.13278068543084706
298,City,Liquid,0.12817688935401328
299,City,Total,0.06681115553712969
299,City,Solids,0.14743612016544597
299,City,Liquid,0.1209620299630864
300,City,Total,0.06317952198487958
300,City,Solids,0.17539652692367214
300,City,Liquid,0.09999077252022606
301,City,Total,0.06616349096497207
301,City,Solids,0.10402954116422321
301,City,Liquid,0.18987416916047523
302,City,Total,0.0647142873777494
302,City,Solids,0.14038377426478896
302,City,Liquid,0.11946153786256782
303,City,Total,0.06791306563462983
303,City,Solids,0.11188437559127838
303,City,Liquid,0.1676212072912854
304,City,Total,0.0706009420168149
304,City,Solids,0.1192269839770487
304,City,Liquid,0.16124837888822777
305,City,Total,0.0672419398825107
305,City,Solids,0.11178546405176278
305,City,Liquid,0.16115484948662928
306,City,Total,0.06773508035566532
306,City,Solids,0.1223018931204366
306,City,Liquid,0.13842398362965463
307,City,Total,0.06629038510959341
307,City,Solids,0.16212296378138427
307,City,Liquid,0.10385856125721322
308,City,Total,0.06689928867354986
308,City,Solids,0.11239803197039891
308,City,Liquid,0.1612026599205808
309,City,Total,0.06550694896057128
309,City,Solids,0.1182051171338323
309,City,Liquid,0.14538060583263573
310,City,Total,0.069849499615931
310,City,Solids,0.1499693773359681
310,City,Liquid,0.1283742954873009
311,City,Total,0.06604585311693792
311,City,Solids,0.10920111334414562
311,City,Liquid,0.17546423076422252
312,City,Total,0.06372098864420284
312,City,Solids,0.15303661520463632
312,City,Liquid,0.1113974549317284
313,City,Total,0.06808080105749599
313,City,Solids,0.13257033980290572
313,City,Liquid,0.12805483444740445
314,City,Total,0.0643881940625729
314,City,Solids,0.15070185731517258
314,City,Liquid,0.10994020509778793
315,City,Total,0.06893392116818056
315,City,Solids,0.15948099254764045
315,City,Liquid,0.1152212635846674
316,City,Total,0.06484342581808954
316,City,Solids,0.10830453721144821
316,City,Liquid,0.17250817242344657
317,City,Total,0.06199935942470728
317,City,Solids,0.1253758372803022
317,City,Liquid,0.1384967625923692
318,City,Total,0.06523342185585444
318,City,Solids,0.133149264767367
318,City,Liquid,0.12745536936010646
319,City,Total,0.06417465246088394
319,City,Solids,0.11551355455553305
319,City,Liquid,0.15879181671981532
320,City,Total,0.06420919360303577
320,City,Solids,0.17817361338934715
320,City,Liquid,0.0984081785306447
321,City,Total,0.06045435329339807
321,City,Solids,0.4155394754973037
321,City,Liquid,0.0699696972466966
322,City,Total,0.06660714620171347
322,City,Solids,0.12337781219718504
322,City,Liquid,0.14543738574191287
323,City,Total,0.06482064994173335
323,City,Solids,0.17287971087436943
323,City,Liquid,0.09920186187531455
324,City,Total,0.06601863667895838
324,City,Solids,0.11582529532951875
324,City,Liquid,0.15546209874091352
325,City,Total,0.05943871716738775
325,City,Solids,0.2690789150062098
325,City,Liquid,0.07619124408117971
326,City,Total,0.06835664209485605
326,City,Solids,0.15371679293233875
326,City,Liquid,0.1197905752465262
327,City,Total,0.06764243707735697
327,City,Solids,0.15401046741571278
327,City,Liquid,0.11417495919527004
328,City,Total,0.06340768528234558
328,City,Solids,0.1142248067341175
328,City,Liquid,0.1543723978652207
329,City,Total,0.0660976091368384
329,City,Solids,0.13734091803951418
329,City,Liquid,0.12055221402551475
330,City,Total,0.07258940056558498
330,City,Solids,0.16672265876882386
330,City,Liquid,0.12929313098946343
331,City,Total,0.06497592041163924
331,City,Solids,0.11986248816824364
331,City,Liquid,0.1489290850188283
332,City,Total,0.06620505809585467
332,City,Solids,0.09960992606175757
332,City,Liquid,0.19802179401947986
333,City,Total,0.06709887654905591
333,City,Solids,0.13857608251237086
333,City,Liquid,0.12129866048776441
334,City,Total,0.06610888762164567
334,City,Solids,0.1765150997776469
334,City,Liquid,0.09690003590515837
335,City,Total,0.0662528724756855
335,City,Solids,0.1356217015134315
335,City,Liquid,0.12265986756077638
336,City,Total,0.06444337482888646
336,City,Solids,0.1709574234835182
336,City,Liquid,0.09826498126458662
337,City,Total,0.06882067210845316
337,City,Solids,0.13741691906946063
337,City,Liquid,0.12380544521392392
338,City,Total,0.07463262795432393
338,City,Solids,0.17772458269145472
338,City,Liquid,0.12980582641575544
339,City,Total,0.07227105117768155
339,City,Solids,0.12207587096465282
339,City,Liquid,0.174691903084361
340,City,Total,0.06468842427576782
340,City,Solids,0.12713483905289302
340,City,Liquid,0.1360712108449947
341,City,Total,0.06788432183151785
341,City,Solids,0.12800321103984225
341,City,Liquid,0.13888556370870359
342,City,Total,0.06370336920945521
342,City,Solids,0.14239774004670058
342,City,Liquid,0.11435733815067263
343,City,Total,0.06963939853853049
343,City,Solids,0.1121018156168246
343,City,Liquid,0.1832413730409549
344,City,Total,0.06304698488423821
344,City,Solids,0.12101483570699678
344,City,Liquid,0.14290930587394793
345,City,Total,0.06508706309013168
345,City,Solids,0.151455918242102
345,City,Liquid,0.11397172399541708
346,City,Total,0.06267698934189002
346,City,Solids,0.21909567789321316
346,City,Liquid,0.08539745816801647
347,City,Total,0.0681004637810442
347,City,Solids,0.18349222252458341
347,City,Liquid,0.10638773030745251
348,City,Total,0.06906676529953733
348,City,Solids,0.12175775541871087
348,City,Liquid,0.1584133567106691
349,City,Total,0.06746225699188767
349,City,Solids,0.1890003677006916
349,City,Liquid,0.09666343800985823
350,City,Total,0.08184418211246194
350,City,Solids,0.15503159967934188
350,City,Liquid,0.19520439729386624
351,City,Total,0.06710886651875148
351,City,Solids,0.13289738429665107
351,City,Liquid,0.1312280319171156
352,City,Total,0.06819964049854504
352,City,Solids,0.11925300174483182
352,City,Liquid,0.15662969481416597
353,City,Total,0.06648841023473434
353,City,Solids,0.16539216109378352
353,City,Liquid,0.11002862930032953
354,City,Total,0.07154393056983771
354,City,Solids,0.13559083576379188
354,City,Liquid,0.15095503964553178
355,City,Total,0.06763732071243941
355,City,Solids,0.14759407282248535
355,City,Liquid,0.11719914579819914
356,City,Total,0.0627319841731468
356,City,Solids,0.11405661650470379
356,City,Liquid,0.1542865760037092
357,City,Total,0.06405256075455129
357,City,Solids,0.1520582520711238
357,City,Liquid,0.10575849145747938
358,City,Total,0.06339714075307873
358,City,Solids,0.22104547600674246
358,City,Liquid,0.08498504890717375
359,City,Total,0.061564698320218283
359,City,Solids,0.24589401603770827
359,City,Liquid,0.08077017381784814
360,City,Total,0.07093147099133684
360,City,Solids,0.13410883051069125
360,City,Liquid,0.15038065951818233
361,City,Total,0.06899675643531841
361,City,Solids,0.11102983871231326
361,City,Liquid,0.16341373176316903
362,City,Total,0.06909747794871324
362,City,Solids,0.13139235149746906
362,City,Liquid,0.1319763901550592
363,City,Total,0.06841481599156464
363,City,Solids,0.1485724795539186
363,City,Liquid,0.11810595940597969
364,City,Total,0.062399504388902696
364,City,Solids,0.19145563263632734
364,City,Liquid,0.09193585377411599
365,City,Total,0.06772252156119526
365,City,Solids,0.1292176873793789
365,City,Liquid,0.13448710548790446
366,City,Total,0.0664409737627429
366,City,Solids,0.12928573595075232
366,City,Liquid,0.13227677551710829
367,City,Total,0.06486054118845005
367,City,Solids,0.18702209161546945
367,City,Liquid,0.09185316855505773
368,City,Total,0.06570620497928803
368,City,Solids,0.18353361392769205
368,City,Liquid,0.10221300571612443
369,City,Total,0.06544530733402555
369,City,Solids,0.12850117005474998
369,City,Liquid,0.12418343983133244
370,City,Total,0.06798109895251295
370,City,Solids,0.1751451802344732
370,City,Liquid,0.09895383709923125
371,City,Total,0.062107441252700867
371,City,Solids,0.1509192523419948
371,City,Liquid,0.11143672929784423
372,City,Total,0.06685753124726673
372,City,Solids,0.15117744147109788
372,City,Liquid,0.11162538906201172
373,City,Total,0.06771499099896607
373,City,Solids,0.15843126023245632
373,City,Liquid,0.11536348627976326
374,City,Total,0.06449710351361537
374,City,Solids,0.14135752908541654
374,City,Liquid,0.113953301703345
375,City,Total,0.06982615053070912
375,City,Solids,0.17365014738520113
375,City,Liquid,0.11031135615245159
376,City,Total,0.061168624935532226
376,City,Solids,0.24607679959933373
376,City,Liquid,0.07992287029397205
377,City,Total,0.06502413108426232
377,City,Solids,0.13133321238410037
377,City,Liquid,0.13110480758660994
378,City,Total,0.06405481284941916
378,City,Solids,0.16722942158113527
378,City,Liquid,0.10015055892798522
379,City,Total,0.06220580228649142
379,City,Solids,0.13411347984737254
379,City,Liquid,0.12414207790500414
380,City,Total,0.06607825933002401
380,City,Solids,0.1352072227481653
380,City,Liquid,0.12496702651485314
381,City,Total,0.06555473228676967
381,City,Solids,0.1533341111005085
381,City,Liquid,0.10950794112327493
382,City,Total,0.06572131340948187
382,City,Solids,0.1319400865594182
382,City,Liquid,0.12542625766666618
383,City,Total,0.06453354262783088
383,City,Solids,0.1594939163684163
383,City,Liquid,0.10209401692648544
384,City,Total,0.06564465677956549
384,City,Solids,0.1736800077918378
384,City,Liquid,0.10207517128789931
385,City,Total,0.06908992883591686
385,City,Solids,0.13736801403782295
385,City,Liquid,0.12666011653842038
386,City,Total,0.06690801628733611
386,City,Solids,0.1286819949015839
386,City,Liquid,0.13067924303045383
387,City,Total,0.06779533974833396
387,City,Solids,0.1680719207161252
387,City,Liquid,0.11205371790438069
388,City,Total,0.06468347454392602
388,City,Solids,0.14747046696296479
388,City,Liquid,0.11564444143668536
389,City,Total,0.06372931001817995
389,City,Solids,0.1276706996611349
389,City,Liquid,0.12970062567470106
390,City,Total,0.06622406453082173
390,City,Solids,0.11477950240683008
390,City,Liquid,0.16057476497611556
391,City,Total,0.06819090755136724
391,City,Solids,0.11179439639804527
391,City,Liquid,0.1662651500851499
392,City,Total,0.06689909585666283
392,City,Solids,0.1306535361122163
392,City,Liquid,0.1303173623979366
393,City,Total,0.06349107950769567
393,City,Solids,0.21778531323139524
393,City,Liquid,0.08978656206548644
394,City,Total,0.06590507404374013
394,City,Solids,0.14326682203587446
394,City,Liquid,0.12120484131463762
395,City,Total,0.06390965666004417
395,City,Solids,0.12583354919210482
395,City,Liquid,0.12945864454835537
396,City,Total,0.06194541096713101
396,City,Solids,0.14303239174587218
396,City,Liquid,0.11454307759396205
397,City,Total,0.0682574990490307
397,City,Solids,0.10255102301890005
397,City,Liquid,0.20606681849260206
398,City,Total,0.07258627979092322
398,City,Solids,0.13713195882482873
398,City,Liquid,0.15381376200002692
399,City,Total,0.06463940159123403
399,City,Solids,0.14571109510465352
399,City,Liquid,0.12113528743772006
400,City,Total,0.06294787299414506
400,City,Solids,0.16184231942490251
400,City,Liquid,0.10172701216532684
401,City,Total,0.07090291840806451
401,City,Solids,0.11860682594993044
401,City,Liquid,0.1710272204655072
402,City,Total,0.0646477758581215
402,City,Solids,0.15248330593156595
402,City,Liquid,0.11022441729498338
403,City,Total,0.06609087440820087
403,City,Solids,0.12172873324195856
403,City,Liquid,0.14569676386802508
404,City,Total,0.06791180417441899
404,City,Solids,0.1472596362688848
404,City,Liquid,0.1147227422076144
405,City,Total,0.0661551238195625
405,City,Solids,0.12584186543104364
405,City,Liquid,0.13309922996697907
406,City,Total,0.06676411526481643
406,City,Solids,0.10825627511014263
406,City,Liquid,0.1731991494216798
407,City,Total,0.06432478617257936
407,City,Solids,0.12986907017662064
407,City,Liquid,0.13503380825053798
408,City,Total,0.06809717068256711
408,City,Solids,0.12253979386211752
408,City,Liquid,0.15435779559539634
409,City,Total,0.06775825924150061
409,City,Solids,0.1508807445383323
409,City,Liquid,0.122081504754635
410,City,Total,0.06683609189402427
410,City,Solids,0.13170556117866491
410,City,Liquid,0.1254068760474671
411,City,Total,0.06665584349753079
411,City,Solids,0.16117190609104978
411,City,Liquid,0.11337978772909074
412,City,Total,0.06892950056927381
412,City,Solids,0.11878642177647548
412,City,Liquid,0.16037376995666922
413,City,Total,0.06848223002112214
413,City,Solids,0.1336778363469131
413,City,Liquid,0.13112600904276475
414,City,Total,0.06292249687719875
414,City,Solids,0.30407182527863463
414,City,Liquid,0.07938049732167225
415,City,Total,0.06350773017248895
415,City,Solids,0.24858175147703587
415,City,Liquid,0.08349543329961757
416,City,Total,0.06770737139392291
416,City,Solids,0.14882457324824586
416,City,Liquid,0.11997411676892301
417,City,Total,0.06253708594171499
417,City,Solids,0.14909870624245025
417,City,Liquid,0.1122941694180925
418,City,Total,0.06299381965174153
418,City,Solids,0.1098384378405698
418,City,Liquid,0.16503766149313936
419,City,Total,0.06773850114224912
419,City,Solids,0.11508531368673097
419,City,Liquid,0.16651215762121513
420,City,Total,0.06799763680561786
420,City,Solids,0.1148125235874517
420,City,Liquid,0.15753820033215007
421,City,Total,0.06522149884521186
421,City,Solids,0.11808727723498615
421,City,Liquid,0.14673332896436253
422,City,Total,0.06461708550175205
422,City,Solids,0.17224605427276804
422,City,Liquid,0.09619929181398144
423,City,Total,0.06209146826457896
423,City,Solids,0.1864902899598276
423,City,Liquid,0.09377365561491964
424,City,Total,0.06883721480059465
424,City,Solids,0.20273522754721598
424,City,Liquid,0.09715822407406413
425,City,Total,0.0666977465706482
425,City,Solids,0.15456191687853943
425,City,Liquid,0.10800859618886197
426,City,Total,0.07016905933978672
426,City,Solids,0.12593628407796895
426,City,Liquid,0.14979037296005693
427,City,Total,0.06817180473558232
427,City,Solids,0.1070962629166277
427,City,Liquid,0.18399256273946862
428,City,Total,0.06727584008231623
428,City,Solids,0.14653047209153275
428,City,Liquid,0.11435526429332868
429,City,Total,0.06751262419172371
429,City,Solids,0.1160867305847828
429,City,Liquid,0.1571826290038836
430,City,Total,0.07512376496361019
430,City,Solids,0.13068664554524181
430,City,Liquid,0.1924142533715714
431,City,Total,0.06885107948563864
431,City,Solids,0.11319863272239243
431,City,Liquid,0.16778650706085949
432,City,Total,0.06604451692663765
432,City,Solids,0.13618174015150805
432,City,Liquid,0.12951843134539223
433,City,Total,0.06928296003865551
433,City,Solids,0.1387341147396604
433,City,Liquid,0.12515004552819134
434,City,Total,0.06507877853346371
434,City,Solids,0.16726530763792224
434,City,Liquid,0.10344380802764719
435,City,Total,0.062233190815787785
435,City,Solids,0.15423136443762833
435,City,Liquid,0.10617430219304448
436,City,Total,0.06789693320649748
436,City,Solids,0.12429114674639406
436,City,Liquid,0.1361143911064513
437,City,Total,0.06696527581116682
437,City,Solids,0.11446868010597658
437,City,Liquid,0.16618180144403966
438,City,Total,0.06916839273673805
438,City,Solids,0.11767841810228118
438,City,Liquid,0.1585384107237342
439,City,Total,0.06672617574719511
439,City,Solids,0.1727240761700907
439,City,Liquid,0.10411411639430664
440,City,Total,0.06953840061448859
440,City,Solids,0.1029101884955909
440,City,Liquid,0.2249144458697681
441,City,Total,0.06363713773445295
441,City,Solids,0.1404383357636766
441,City,Liquid,0.1161352759623902
442,City,Total,0.06380948701099408
442,City,Solids,0.1772038854202465
442,City,Liquid,0.09831763802904576
443,City,Total,0.06516997003945767
443,City,Solids,0.12526164779605095
443,City,Liquid,0.132063998963009
444,City,Total,0.0649533097894495
444,City,Solids,0.17840337586126365
444,City,Liquid,0.10308221422277078
445,City,Total,0.06382173877075292
445,City,Solids,0.11375594635514864
445,City,Liquid,0.1507158313023153
446,City,Total,0.07295924333141539
446,City,Solids,0.13424605429662168
446,City,Liquid,0.16252397835123472
447,City,Total,0.06451051477206578
447,City,Solids,0.16547754117160757
447,City,Liquid,0.10499495670326789
448,City,Total,0.06715196973999117
448,City,Solids,0.11334616031114349
448,City,Liquid,0.16360767636741955
449,City,Total,0.0683972828675721
449,City,Solids,0.13070761457272276
449,City,Liquid,0.1404251078090163
450,City,Total,0.06540071369892296
450,City,Solids,0.14960355646920315
450,City,Liquid,0.11088692274032914
451,City,Total,0.06792243359605396
451,City,Solids,0.13124907995085316
451,City,Liquid,0.14351215267340098
452,City,Total,0.06712497888555329
452,City,Solids,0.13090915535470268
452,City,Liquid,0.12968147763443907
453,City,Total,0.06504626735555834
453,City,Solids,0.1357845127109659
453,City,Liquid,0.1263651833127287
454,City,Total,0.06907414404286225
454,City,Solids,0.13176480671495672
454,City,Liquid,0.13994638782256014
455,City,Total,0.06144057845863149
455,City,Solids,0.1767244771259293
455,City,Liquid,0.09557614519828048
456,City,Total,0.06645515506026697
456,City,Solids,0.11355663960935983
456,City,Liquid,0.16150393819169861
457,City,Total,0.06488575193596129
457,City,Solids,0.2058661485093231
457,City,Liquid,0.0910939427818041
458,City,Total,0.06884172417188959
458,City,Solids,0.14304747983824223
458,City,Liquid,0.1314564277110267
459,City,Total,0.06477407390160979
459,City,Solids,0.15076464715797971
459,City,Liquid,0.1139378751281725
460,City,Total,0.06308447800896269
460,City,Solids,0.1454900613279184
460,City,Liquid,0.10977702235100413
461,City,Total,0.06301897471972458
461,City,Solids,0.16897792580643842
461,City,Liquid,0.10037088305184262
462,City,Total,0.0663864310503304
462,City,Solids,0.1259547609713246
462,City,Liquid,0.13966022031229505
463,City,Total,0.06855355945623075
463,City,Solids,0.15801959053493497
463,City,Liquid,0.10578603215838074
464,City,Total,0.06805712920085231
464,City,Solids,0.14443890590479
464,City,Liquid,0.12632883303529502
465,City,Total,0.06412772769296197
465,City,Solids,0.12076716308536944
465,City,Liquid,0.13937257262236633
466,City,Total,0.06587884645670536
466,City,Solids,0.12311564148593462
466,City,Liquid,0.14615983201327865
467,City,Total,0.06522503201609303
467,City,Solids,0.13322014869900908
467,City,Liquid,0.12658244428702034
468,City,Total,0.06386409080486795
468,City,Solids,0.2482500982029112
468,City,Liquid,0.07879233373282964
469,City,Total,0.07000742964213584
469,City,Solids,0.13285409404527612
469,City,Liquid,0.1427232543150476
470,City,Total,0.0657082496075051
470,City,Solids,0.1615799978754179
470,City,Liquid,0.10477230896677704
471,City,Total,0.06899781747180211
471,City,Solids,0.11998003601188284
471,City,Liquid,0.16177586725743465
472,City,Total,0.06627095157273517
472,City,Solids,0.1168292230687568
472,City,Liquid,0.157617666059777
473,City,Total,0.06396071575678909
473,City,Solids,0.15231242328302225
473,City,Liquid,0.10885781379975593
474,City,Total,0.06715838660386261
474,City,Solids,0.18648669530968676
474,City,Liquid,0.10240031720197042
475,City,Total,0.07082146788952678
475,City,Solids,0.1385817546521919
475,City,Liquid,0.14560542367285867
476,City,Total,0.06974845560075937
476,City,Solids,0.14004993558072956
476,City,Liquid,0.13363567224291567
477,City,Total,0.06552721026481448
477,City,Solids,0.13490910584899113
477,City,Liquid,0.12302482325846689
478,City,Total,0.06626255643240737
478,City,Solids,0.15932771782610078
478,City,Liquid,0.11322359872832363
479,City,Total,0.0666434383409425
479,City,Solids,0.11494946350599185
479,City,Liquid,0.1595550790131677
480,City,Total,0.06565457608889126
480,City,Solids,0.17058898672985995
480,City,Liquid,0.10489106167387006
481,City,Total,0.06653459041434628
481,City,Solids,0.1870025056157847
481,City,Liquid,0.10304752263958303
482,City,Total,0.06438930215925187
482,City,Solids,0.13370142712101146
482,City,Liquid,0.1267119980975814
483,City,Total,0.06634860533842636
483,City,Solids,0.15668442663690957
483,City,Liquid,0.11346310074998071
484,City,Total,0.06991238810341285
484,City,Solids,0.13289991833831255
484,City,Liquid,0.1486749174516324
485,City,Total,0.06623843602402407
485,City,Solids,0.15665111517373792
485,City,Liquid,0.10792772700454455
486,City,Total,0.06157087008797561
486,City,Solids,0.15656131480142063
486,City,Liquid,0.10740013277716932
487,City,Total,0.06432406430805893
487,City,Solids,0.10880788475528651
487,City,Liquid,0.16930429388579799
488,City,Total,0.06618704237793885
488,City,Solids,0.2508524083920715
488,City,Liquid,0.08491578767287439
489,City,Total,0.078701468799966
489,City,Solids,0.11840324195121965
489,City,Liquid,0.24081104536319486
490,City,Total,0.06437761456445974
490,City,Solids,0.14697855747349295
490,City,Liquid,0.1129495225747972
491,City,Total,0.06449384493933996
491,City,Solids,0.15368383477770187
491,City,Liquid,0.10688722013092308
492,City,Total,0.07289298991701525
492,City,Solids,0.15166602874772528
492,City,Liquid,0.13962165949693925
493,City,Total,0.06908814318811257
493,City,Solids,0.12961116227535494
493,City,Liquid,0.13666778170618357
494,City,Total,0.06915240563499558
494,City,Solids,0.12516893941996052
494,City,Liquid,0.14847201693304324
495,City,Total,0.06596254976845982
495,City,Solids,0.23223634250810776
495,City,Liquid,0.08465578276106586
496,City,Total,0.06650706280416875
496,City,Solids,0.15454225584333275
496,City,Liquid,0.10714452664287674
497,City,Total,0.06887787323528083
497,City,Solids,0.11967390062374703
497,City,Liquid,0.1467129050302812
498,City,Total,0.06565752803465186
498,City,Solids,0.12037124626233704
498,City,Liquid,0.14464457252847043
499,City,Total,0.07219906045215636
499,City,Solids,0.12895699334598754
499,City,Liquid,0.16594320691854642
500,City,Total,0.06696930550927352
500,City,Solids,0.17610690543819052
500,City,Liquid,0.101780360946753
