simulation,location,sample_fraction,effective_surveillance_coverage_percent
1,North,Total,84.78057204366031
1,North,Solids,22.020102876423113
1,North,Liquid,66.03447383222168
1,South,Total,90.75807672442463
1,South,Solids,25.75006573776813
1,South,Liquid,66.57878909175264
1,West,Total,87.70246415451123
1,West,Solids,23.84073958837388
1,West,Liquid,66.30549773567844
2,North,Total,74.01748665781372
2,North,Solids,24.2726899461173
2,North,Liquid,50.346683039349735
2,South,Total,81.6857989495345
2,South,Solids,28.583142359884068
2,South,Liquid,52.45579273924147
2,West,Total,78.59783917753728
2,West,Solids,26.33500651958503
2,West,Liquid,52.492904592302466
3,North,Total,82.28086525142326
3,North,Solids,28.868475448289427
3,North,Liquid,55.87418907249733
3,South,Total,89.22807628449338
3,South,Solids,33.95864367814392
3,South,Liquid,56.43390129027915
3,West,Total,85.7145113966761
3,West,Solids,31.381033994090863
3,West,Liquid,56.155916195988866
4,North,Total,79.77948763120447
4,North,Solids,39.901493826835825
4,North,Liquid,40.89549687302651
4,South,Total,87.59170502536936
4,South,Solids,46.28413950442678
4,South,Liquid,41.63994869602789
4,West,Total,83.66529605424721
4,West,Solids,42.986336697530135
4,West,Liquid,41.38418147411797
5,North,Total,83.86637658291211
5,North,Solids,34.834642793218705
5,North,Liquid,50.052121024486205
5,South,Total,90.3780428928425
5,South,Solids,40.572392934567894
5,South,Liquid,50.33496342727193
5,West,Total,87.00825656058092
5,West,Solids,37.64735355973157
5,West,Liquid,50.13602771946145
6,North,Total,77.18592809289778
6,North,Solids,43.281037467709886
6,North,Liquid,35.148652764328716
6,South,Total,86.07488610982232
6,South,Solids,50.46971115015505
6,South,Liquid,35.93993883113466
6,West,Total,81.57542658596346
6,West,Solids,46.66777271735088
6,West,Liquid,35.78041380927199
7,North,Total,82.06295526293331
7,North,Solids,42.07224311952381
7,North,Liquid,39.06339486925354
7,South,Total,88.99318921047423
7,South,Solids,49.02885753198119
7,South,Liquid,39.56789228584313
7,West,Total,85.50971992444617
7,West,Solids,45.431924015360075
7,West,Liquid,39.396576814617475
8,North,Total,81.48940469665409
8,North,Solids,40.235021491695555
8,North,Liquid,42.963166290106486
8,South,Total,88.93987262354061
8,South,Solids,46.36309783658179
8,South,Liquid,43.3755723782215
8,West,Total,84.98753574805197
8,West,Solids,43.154068972862284
8,West,Liquid,43.09679838402257
9,North,Total,84.77968815545773
9,North,Solids,42.85678079044972
9,North,Liquid,39.07297354257458
9,South,Total,90.79706917387807
9,South,Solids,50.036127006224326
9,South,Liquid,39.36561350594965
9,West,Total,87.66295391942953
9,West,Solids,46.33007075288852
9,West,Liquid,39.19325212971279
10,North,Total,78.8910005841026
10,North,Solids,44.66066661481577
10,North,Liquid,34.49486577857197
10,South,Total,87.23980653262255
10,South,Solids,52.45371852720573
10,South,Liquid,34.91031647414158
10,West,Total,83.06761144181446
10,West,Solids,48.526675736060845
10,West,Liquid,34.737066555718904
11,North,Total,82.3132582484267
11,North,Solids,34.33538218395551
11,North,Liquid,49.13713990757888
11,South,Total,89.17508202541956
11,South,Solids,40.10183074344839
11,South,Liquid,49.63140077711684
11,West,Total,85.73510485532964
11,West,Solids,37.177876114305406
11,West,Liquid,49.424685053436846
12,North,Total,76.32336293343927
12,North,Solids,38.61334070164851
12,North,Liquid,44.21736899606981
12,South,Total,86.61132045806416
12,South,Solids,45.19240992023106
12,South,Liquid,44.5659009873104
12,West,Total,81.33576311391289
12,West,Solids,41.84031062374158
12,West,Liquid,44.29905827146701
13,North,Total,78.06006650159652
13,North,Solids,42.274374642017406
13,North,Liquid,35.850423654198636
13,South,Total,85.64082108960518
13,South,Solids,48.81067085303789
13,South,Liquid,36.83666774665834
13,West,Total,82.1109872022038
13,West,Solids,45.46141932505894
13,West,Liquid,36.69130459746573
14,North,Total,81.65537874441272
14,North,Solids,44.34309845310029
14,North,Liquid,36.55792553267489
14,South,Total,88.55667341795322
14,South,Solids,51.168834004285024
14,South,Liquid,37.074188316553375
14,West,Total,84.93744417269991
14,West,Solids,47.53888529229743
14,West,Liquid,36.84553945869769
15,North,Total,80.51822841699308
15,North,Solids,43.372737217157344
15,North,Liquid,40.35479432509672
15,South,Total,88.83187034193477
15,South,Solids,49.693646972877445
15,South,Liquid,40.66122407202886
15,West,Total,84.41513983714283
15,West,Solids,46.372969980702656
15,West,Liquid,40.42009976342098
16,North,Total,76.90926004446695
16,North,Solids,43.85397856906214
16,North,Liquid,36.901823390484964
16,South,Total,86.67016312027174
16,South,Solids,51.24026851482347
16,South,Liquid,37.255979431783395
16,West,Total,81.70505618319712
16,West,Solids,47.510196147121505
16,West,Liquid,37.01130892571005
17,North,Total,78.38647395445157
17,North,Solids,37.58623356996621
17,North,Liquid,45.5593384150761
17,South,Total,87.8588961530983
17,South,Solids,44.18648756332046
17,South,Liquid,45.90943955746782
17,West,Total,82.92965028874194
17,West,Solids,40.79421201819411
17,West,Liquid,45.621163905175024
18,North,Total,81.83058137976069
18,North,Solids,40.739572962742834
18,North,Liquid,42.79867312648854
18,South,Total,89.22098161593088
18,South,Solids,46.841272030424534
18,South,Liquid,43.18622765208925
18,West,Total,85.2693417480781
18,West,Solids,43.58614586148483
18,West,Liquid,42.96831195059909
19,North,Total,77.4084691706492
19,North,Solids,39.38538743160841
19,North,Liquid,41.27145821272883
19,South,Total,86.6310122929263
19,South,Solids,46.275812864008124
19,South,Liquid,41.81060651883474
19,West,Total,81.80949444961009
19,West,Solids,42.639453963260046
19,West,Liquid,41.59659255851656
20,North,Total,75.929464291171
20,North,Solids,35.42300346014738
20,North,Liquid,43.84889455457638
20,South,Total,85.56410331288856
20,South,Solids,41.832978515483326
20,South,Liquid,44.79543233316904
20,West,Total,80.82728935048064
20,West,Solids,38.542336105686566
20,West,Liquid,44.66571675728851
21,North,Total,79.11674675964127
21,North,Solids,33.048111265320024
21,North,Liquid,50.90261866383601
21,South,Total,87.46747829380914
21,South,Solids,38.14559711722417
21,South,Liquid,51.53024556109935
21,West,Total,83.19208696488047
21,West,Solids,35.50840182473804
21,West,Liquid,51.28968959064403
22,North,Total,80.29505785129464
22,North,Solids,37.27929006283336
22,North,Liquid,45.41814225014807
22,South,Total,88.70028833393184
22,South,Solids,44.120668414538706
22,South,Liquid,45.73865264890809
22,West,Total,84.35498576722055
22,West,Solids,40.665530035374324
22,West,Liquid,45.449717570672846
23,North,Total,81.85264680907648
23,North,Solids,28.773793629425914
23,North,Liquid,53.64360255500487
23,South,Total,88.2103407055391
23,South,Solids,33.86810152299756
23,South,Liquid,54.56001849164501
23,West,Total,85.12552725053165
23,West,Solids,31.230663200208607
23,West,Liquid,54.303635994697075
24,North,Total,79.49467062731253
24,North,Solids,42.92793323751954
24,North,Liquid,39.51573144948999
24,South,Total,88.26166472519856
24,South,Solids,49.895259709586995
24,South,Liquid,39.79969568723987
24,West,Total,83.6023407812992
24,West,Solids,46.23391832931095
24,West,Liquid,39.57301650684232
25,North,Total,84.39789349487341
25,North,Solids,40.502927794600225
25,North,Liquid,41.88526887342044
25,South,Total,90.75715874625399
25,South,Solids,47.61410975736046
25,South,Liquid,42.129509945849684
25,West,Total,87.3874116790127
25,West,Solids,43.936173139930325
25,West,Liquid,41.93535309153774
26,North,Total,77.59261904689627
26,North,Solids,38.38217075524025
26,North,Liquid,40.15619486838795
26,South,Total,85.59120101199682
26,South,Solids,44.25148746192748
26,South,Liquid,41.327908421436135
26,West,Total,81.8346800985148
26,West,Solids,41.1940496854824
26,West,Liquid,41.24452511100279
27,North,Total,85.38602270243312
27,North,Solids,31.46524193039233
27,North,Liquid,54.550563425821586
27,South,Total,91.26976776640373
27,South,Solids,36.681381481459894
27,South,Liquid,54.898326042470615
27,West,Total,88.17496392543767
27,West,Solids,34.008919225097934
27,West,Liquid,54.63573567020188
28,North,Total,76.67774688768002
28,North,Solids,30.579389005964813
28,North,Liquid,53.44869112379893
28,South,Total,86.59373990188756
28,South,Solids,35.958750175510275
28,South,Liquid,54.02503730652568
28,West,Total,81.42000098477192
28,West,Solids,33.148751650120886
28,West,Liquid,53.738905562107064
29,North,Total,79.91335593397095
29,North,Solids,34.09376939535268
29,North,Liquid,49.772916308047954
29,South,Total,88.4167211332243
29,South,Solids,40.02768204664749
29,South,Liquid,50.23015838710345
29,West,Total,84.01776375665494
29,West,Solids,36.949099458447996
29,West,Liquid,50.01219545438103
30,North,Total,78.53428109654133
30,North,Solids,35.82564882771479
30,North,Liquid,44.9973606935062
30,South,Total,86.73146543100846
30,South,Solids,41.371989717495396
30,South,Liquid,45.973865153238386
30,West,Total,82.73013099966136
30,West,Solids,38.524753355346476
30,West,Liquid,45.785168845223176
31,North,Total,78.35820085852421
31,North,Solids,31.001555881378156
31,North,Liquid,50.861277166634764
31,South,Total,87.02364157893074
31,South,Solids,36.82289521268743
31,South,Liquid,51.64644127073795
31,West,Total,82.7817357181099
31,West,Solids,33.87430678400508
31,West,Liquid,51.46215541879117
32,North,Total,76.13969152922208
32,North,Solids,31.228635102431255
32,North,Liquid,45.440734816793274
32,South,Total,83.72024314526452
32,South,Solids,36.5562763042258
32,South,Liquid,47.023061287428376
32,West,Total,80.3665954465186
32,West,Solids,33.77431037567056
32,West,Liquid,46.88661783081018
33,North,Total,84.48464015826431
33,North,Solids,26.39645221124881
33,North,Liquid,59.20354439750023
33,South,Total,89.88974916825858
33,South,Solids,30.476447262876334
33,South,Liquid,59.927021086843155
33,West,Total,87.07701263540095
33,West,Solids,28.30253712834648
33,West,Liquid,59.61555883638739
34,North,Total,75.32492240003162
34,North,Solids,38.68237840922698
34,North,Liquid,37.25706585714859
34,South,Total,83.87961267952443
34,South,Solids,44.90706675827628
34,South,Liquid,38.62757480439995
34,West,Total,79.95305307522842
34,West,Solids,41.66019339143915
34,West,Liquid,38.60733814700395
35,North,Total,80.76330634229596
35,North,Solids,44.758495550060815
35,North,Liquid,36.76090290458497
35,South,Total,88.88326654170731
35,South,Solids,52.256567184219804
35,South,Liquid,37.000920247449685
35,West,Total,84.6436159751078
35,West,Solids,48.41206170604551
35,West,Liquid,36.79440214917554
36,North,Total,78.66823031422102
36,North,Solids,45.39314594413795
36,North,Liquid,33.0083516542238
36,South,Total,86.88995351449336
36,South,Solids,53.206142130514614
36,South,Liquid,33.57922362532077
36,West,Total,82.7954138495103
36,West,Solids,49.153802848968795
36,West,Liquid,33.446281998291774
37,North,Total,85.51676405429218
37,North,Solids,41.9231366650744
37,North,Liquid,39.826585138799366
37,South,Total,90.9076712885894
37,South,Solids,48.98242830097361
37,South,Liquid,40.22794155463582
37,West,Total,88.07642466981449
37,West,Solids,45.28413362684328
37,West,Liquid,40.01277418439376
38,North,Total,81.94932815193961
38,North,Solids,33.34845717723985
38,North,Liquid,51.30816369350797
38,South,Total,89.37889319257023
38,South,Solids,39.004591504228046
38,South,Liquid,51.69396398056719
38,West,Total,85.36672122172003
38,West,Solids,35.996797196388194
38,West,Liquid,51.40999276741552
39,North,Total,79.5844217252251
39,North,Solids,47.891962347241474
39,North,Liquid,32.37744777262577
39,South,Total,88.3602350677413
39,South,Solids,56.11921973284242
39,South,Liquid,32.581452083665
39,West,Total,83.71879887045782
39,West,Solids,51.80428061590381
39,West,Liquid,32.43199869536632
40,North,Total,76.83460019277516
40,North,Solids,39.167011820897116
40,North,Liquid,39.71863999165948
40,South,Total,85.75292996318305
40,South,Solids,45.75629927052497
40,South,Liquid,40.61214297401214
40,West,Total,81.33968544984086
40,West,Solids,42.31754774096222
40,West,Liquid,40.493866370481015
41,North,Total,71.52487213761731
41,North,Solids,39.78232387634119
41,North,Liquid,31.564995798777527
41,South,Total,81.9713892510628
41,South,Solids,46.87138206426969
41,South,Liquid,33.19971907159743
41,West,Total,77.07008710404615
41,West,Solids,43.18275216788427
41,West,Liquid,33.27646660741282
42,North,Total,82.47652833304274
42,North,Solids,31.957218074742595
42,North,Liquid,52.655590961000485
42,South,Total,89.47152802739559
42,South,Solids,37.487970149647396
42,South,Liquid,53.04689615503209
42,West,Total,85.74468480841972
42,West,Solids,34.639825098799726
42,West,Liquid,52.69601870585694
43,North,Total,76.84284078688542
43,North,Solids,29.602728024154874
43,North,Liquid,50.37124074231528
43,South,Total,85.4601430587499
43,South,Solids,34.42409747925346
43,South,Liquid,51.66847234836002
43,West,Total,81.24803094427597
43,West,Solids,31.91840733154964
43,West,Liquid,51.46621379474855
44,North,Total,80.48576500057085
44,North,Solids,45.722397489730156
44,North,Liquid,35.17020527474401
44,South,Total,88.80774286565169
44,South,Solids,53.54249286006749
44,South,Liquid,35.45692938351418
44,West,Total,84.51206462916647
44,West,Solids,49.52422321759858
44,West,Liquid,35.2890564565463
45,North,Total,78.07638560390613
45,North,Solids,45.585872656105515
45,North,Liquid,32.79882489360356
45,South,Total,86.29090446395675
45,South,Solids,52.67092430157494
45,South,Liquid,33.65170835532148
45,West,Total,82.30369777330762
45,West,Solids,48.97606374662661
45,West,Liquid,33.52815801389614
46,North,Total,82.4929125761259
46,North,Solids,36.422763863587576
46,North,Liquid,45.16245566774655
46,South,Total,88.69479178714468
46,South,Solids,42.45905497743255
46,South,Liquid,45.86588243732162
46,West,Total,85.68531944747605
46,West,Solids,39.35962163071869
46,West,Liquid,45.66355759857682
47,North,Total,77.36946407643414
47,North,Solids,39.50146001779951
47,North,Liquid,42.20984686369814
47,South,Total,87.01228880847431
47,South,Solids,45.95236468780756
47,South,Liquid,42.807503676847404
47,West,Total,82.09540890893511
47,West,Solids,42.631302971464535
47,West,Liquid,42.59964964237679
48,North,Total,81.79317312891362
48,North,Solids,40.70134962673044
48,North,Liquid,39.94305428198556
48,South,Total,88.23053766331265
48,South,Solids,47.16702753049522
48,South,Liquid,40.655365983477814
48,West,Total,85.06181188119425
48,West,Solids,43.75290643216176
48,West,Liquid,40.47723583482467
49,North,Total,76.79803658921477
49,North,Solids,48.10463656335988
49,North,Liquid,29.246614773865815
49,South,Total,85.83851347149015
49,South,Solids,56.10723493228824
49,South,Liquid,29.892353248225824
49,West,Total,81.25305012298413
49,West,Solids,51.91505702402905
49,West,Liquid,29.72398628706978
50,North,Total,79.6378062947292
50,North,Solids,37.1435853463488
50,North,Liquid,43.67990476601848
50,South,Total,87.57330001800808
50,South,Solids,43.6545874697807
50,South,Liquid,44.38591999043718
50,West,Total,83.53993074564431
50,West,Solids,40.18591945467691
50,West,Liquid,44.23383687179856
51,North,Total,79.25173193458652
51,North,Solids,21.744540009812056
51,North,Liquid,59.20979780156562
51,South,Total,85.79743768834788
51,South,Solids,25.223409430398064
51,South,Liquid,60.813576442581244
51,West,Total,82.8972356483505
51,West,Solids,23.409262097713725
51,West,Liquid,60.635684218651434
52,North,Total,76.00093528328463
52,North,Solids,36.06099354240971
52,North,Liquid,42.31416055407885
52,South,Total,85.21953567331386
52,South,Solids,42.176880852899146
52,South,Liquid,43.452958219012615
52,West,Total,80.85909695484347
52,West,Solids,39.076555809391806
52,West,Liquid,43.39002573453758
53,North,Total,79.88669656156506
53,North,Solids,30.063660441806405
53,North,Liquid,49.83787882859539
53,South,Total,86.388466435676
53,South,Solids,35.30199319161183
53,South,Liquid,51.089309314313034
53,West,Total,83.52644104657615
53,West,Solids,32.6321340967861
53,West,Liquid,50.90415130449368
54,North,Total,77.09221471593598
54,North,Solids,42.65077861049226
54,North,Liquid,36.60368508808793
54,South,Total,86.30570677767892
54,South,Solids,49.921306677818635
54,South,Liquid,37.227888251518785
54,West,Total,81.6659608290824
54,West,Solids,46.188810563107126
54,West,Liquid,37.036408015567844
55,North,Total,76.62332839217002
55,North,Solids,44.21264463066833
55,North,Liquid,32.54349065245706
55,South,Total,84.48117105179043
55,South,Solids,50.28873240407026
55,South,Liquid,33.802125846147
55,West,Total,80.8091726940019
55,West,Solids,47.05858157980692
55,West,Liquid,33.74075324658059
56,North,Total,81.21023299008849
56,North,Solids,37.61985649885668
56,North,Liquid,46.89371048256556
56,South,Total,89.15589066872298
56,South,Solids,43.67608606672526
56,South,Liquid,47.15929725302979
56,West,Total,84.91847679788147
56,West,Solids,40.46948508959671
56,West,Liquid,46.9754767967131
57,North,Total,81.58321447453602
57,North,Solids,42.648342358846776
57,North,Liquid,39.02675626775276
57,South,Total,89.1805815651912
57,South,Solids,49.84921294626436
57,South,Liquid,39.374281973436325
57,West,Total,85.34311106415427
57,West,Solids,46.252233489659
57,West,Liquid,39.157809872973566
58,North,Total,81.32158236294713
58,North,Solids,41.75125924852062
58,North,Liquid,41.35157859319551
58,South,Total,88.71960335251065
58,South,Solids,47.874539858789
58,South,Liquid,41.718535599113224
58,West,Total,84.7725915268277
58,West,Solids,44.65757690092727
58,West,Liquid,41.44982818520358
59,North,Total,84.003597315393165
59,North,Solids,27.92360073858291
59,North,Liquid,56.06429013647977
59,South,Total,89.53327936590905
59,South,Solids,32.72706009474904
59,South,Liquid,56.79903102715102
59,West,Total,86.84210849850629
59,West,Solids,30.281308670211697
59,West,Liquid,56.549118022635525
60,North,Total,82.12345072020194
60,North,Solids,32.84216674955305
60,North,Liquid,51.68166665528597
60,South,Total,89.52714105018075
60,South,Solids,38.57352376709592
60,South,Liquid,52.0963086087774
60,West,Total,85.77295610897897
60,West,Solids,35.70282707581316
60,West,Liquid,51.8316694343339
61,North,Total,82.8590071139097
61,North,Solids,33.36025346196099
61,North,Liquid,52.1694929497886
61,South,Total,89.91534212234193
61,South,Solids,38.760732063790584
61,South,Liquid,52.49282438536703
61,West,Total,86.06360075068234
61,West,Solids,35.87890588224139
61,West,Liquid,52.21001547243428
62,North,Total,84.32554872590671
62,North,Solids,32.14140825965708
62,North,Liquid,53.077653893032604
62,South,Total,90.14975124648326
62,South,Solids,36.89853706020491
62,South,Liquid,53.657469239119656
62,West,Total,87.11252404238047
62,West,Solids,34.40111781231098
62,West,Liquid,53.37536199314143
63,North,Total,78.51276375507399
63,North,Solids,17.679373278081425
63,North,Liquid,64.68498521443702
63,South,Total,85.97265769770112
63,South,Solids,20.874097153851594
63,South,Liquid,66.20710645588127
63,West,Total,82.5042751784374
63,West,Solids,19.241965854616748
63,West,Liquid,65.94744254569983
64,North,Total,76.8424348323424
64,North,Solids,36.974305256380475
64,North,Liquid,46.66111285550622
64,South,Total,87.02473693467998
64,South,Solids,43.274590253322195
64,South,Liquid,47.00563993200412
64,West,Total,81.69944430630855
64,West,Solids,40.00811530133127
64,West,Liquid,46.70649600170849
65,North,Total,77.96066543220958
65,North,Solids,39.5996238500311
65,North,Liquid,41.35199127652669
65,South,Total,87.06460566362114
65,South,Solids,46.314243305220074
65,South,Liquid,41.96389386121072
65,West,Total,82.51761918308216
65,West,Solids,42.90199081317978
65,West,Liquid,41.77653402370095
66,North,Total,80.93324964654212
66,North,Solids,34.23137460316205
66,North,Liquid,49.899877761606064
66,South,Total,88.68941484522746
66,South,Solids,39.96466504304808
66,South,Liquid,50.30331028597891
66,West,Total,84.65807121966469
66,West,Solids,37.019504710024556
66,West,Liquid,50.031543276686506
67,North,Total,83.7850439354694
67,North,Solids,36.60187125159859
67,North,Liquid,47.460845477823035
67,South,Total,90.06577468772545
67,South,Solids,42.287880613376466
67,South,Liquid,47.90661282109193
67,West,Total,86.70000629582258
67,West,Solids,39.33633995661473
67,West,Liquid,47.566696008767
68,North,Total,78.5965929749583
68,North,Solids,47.56817611448972
68,North,Liquid,31.959830351043987
68,South,Total,87.81928788092877
68,South,Solids,56.051538337380144
68,South,Liquid,32.21265624573579
68,West,Total,83.0648137743122
68,West,Solids,51.71992594346294
68,West,Liquid,32.03203109838386
69,North,Total,78.71035579328459
69,North,Solids,45.671056065419975
69,North,Liquid,34.87529726690186
69,South,Total,87.56419442387583
69,South,Solids,53.20408390458068
69,South,Liquid,35.22418398483356
69,West,Total,82.96002300134909
69,West,Solids,49.28816062699067
69,West,Liquid,35.04066674571396
70,North,Total,79.3874057672671
70,North,Solids,42.29298964978224
70,North,Liquid,39.711135512500846
70,South,Total,88.0932565780885
70,South,Solids,49.40119301504203
70,South,Liquid,39.995524105367956
70,West,Total,83.59920416589196
70,West,Solids,45.74575744292249
70,West,Liquid,39.825824671719595
71,North,Total,81.54088289742344
71,North,Solids,27.43330681489499
71,North,Liquid,54.99548781868753
71,South,Total,87.72728590623129
71,South,Solids,31.78749024610592
71,South,Liquid,56.1700231648287
71,West,Total,84.84348302149401
71,West,Solids,29.500597208192957
71,West,Liquid,55.96173624476858
72,North,Total,79.29990393674198
72,North,Solids,37.90361926364496
72,North,Liquid,45.327976687038976
72,South,Total,87.92173006691118
72,South,Solids,43.81085059548732
72,South,Liquid,45.85046127001778
72,West,Total,83.43517008584966
72,West,Solids,40.71448483817382
72,West,Liquid,45.63384053374476
73,North,Total,76.33075008598611
73,North,Solids,28.36915054913191
73,North,Liquid,51.01064287638878
73,South,Total,85.31280511091806
73,South,Solids,32.92672318208882
73,South,Liquid,52.49316615828239
73,West,Total,81.02319773283769
73,West,Solids,30.594678305051914
73,West,Liquid,52.361458283975125
74,North,Total,79.78987575179946
74,North,Solids,40.084783796792394
74,North,Liquid,40.78224545316317
74,South,Total,87.53509601553061
74,South,Solids,46.5841216211613
74,South,Liquid,41.40499303839212
74,West,Total,83.69768948338805
74,West,Solids,43.253033733669135
74,West,Liquid,41.23836642762403
75,North,Total,77.43841534621943
75,North,Solids,46.38673385324185
75,North,Liquid,32.14013953532315
75,South,Total,86.91269158255506
75,South,Solids,54.97090331380045
75,South,Liquid,32.46039425684978
75,West,Total,82.07870906021701
75,West,Solids,50.57734793940286
75,West,Liquid,32.31403500588847
76,North,Total,84.60344125350848
76,North,Solids,35.580274820500456
76,North,Liquid,49.79422332377767
76,South,Total,90.6983382567772
76,South,Solids,40.94979679296896
76,South,Liquid,50.134725367734426
76,West,Total,87.4223425486975
76,West,Solids,38.112522184624865
76,West,Liquid,49.89520884634458
77,North,Total,80.53167011283345
77,North,Solids,32.965233663033835
77,North,Liquid,47.73772158486131
77,South,Total,87.13101424691047
77,South,Solids,38.47746664806862
77,South,Liquid,48.71311844694183
77,West,Total,83.97616758990432
77,West,Solids,35.56673024711442
77,West,Liquid,48.53474297675062
78,North,Total,84.96275242882412
78,North,Solids,26.140887411831905
78,North,Liquid,58.76154930901378
78,South,Total,90.15707878103973
78,South,Solids,30.625094154466165
78,South,Liquid,59.50567886005954
78,West,Total,87.58268757901861
78,West,Solids,28.382940786776544
78,West,Liquid,59.15632771905425
79,North,Total,80.4105132853073
79,North,Solids,38.71909985725372
79,North,Liquid,44.19842071661731
79,South,Total,88.49045332203382
79,South,Solids,45.221062450850866
79,South,Liquid,44.518768438935346
79,West,Total,84.2228452544679
79,West,Solids,41.8535352128112
79,West,Liquid,44.244413719608964
80,North,Total,79.21163459989137
80,North,Solids,37.16174325349469
80,North,Liquid,44.85093990445871
80,South,Total,87.99167335683124
80,South,Solids,44.03850090925052
80,South,Liquid,45.26741282692156
80,West,Total,83.52196551727893
80,West,Solids,40.541985956245185
80,West,Liquid,45.04833028795767
81,North,Total,79.84893989577135
81,North,Solids,36.297188138790155
81,North,Liquid,47.432768210185685
81,South,Total,88.50330810185604
81,South,Solids,42.82476440546649
81,South,Liquid,47.66917475648001
81,West,Total,84.0033404984457
81,West,Solids,39.47030589569361
81,West,Liquid,47.4712669072519
82,North,Total,71.81378531766582
82,North,Solids,32.54739434724419
82,North,Liquid,38.775548587041804
82,South,Total,81.73791136331644
82,South,Solids,38.158461983238766
82,South,Liquid,40.81039965599919
82,West,Total,77.20732026959529
82,West,Solids,35.23924293862496
82,West,Liquid,40.94917009066493
83,North,Total,85.2815979216836
83,North,Solids,30.390841243321404
83,North,Liquid,56.34179020877905
83,South,Total,91.27046680227423
83,South,Solids,35.28227787948913
83,South,Liquid,56.69582269072967
83,West,Total,88.11922691358536
83,West,Solids,32.78460714509768
83,West,Liquid,56.41008165306967
84,North,Total,80.02091425891435
84,North,Solids,31.899627588139364
84,North,Liquid,49.236048143764464
84,South,Total,87.15063826051866
84,South,Solids,37.173585685905586
84,South,Liquid,50.290387628333434
84,West,Total,83.70180522355041
84,West,Solids,34.389009278229196
84,West,Liquid,50.10026525700736
85,North,Total,79.85286563177083
85,North,Solids,39.84487461289724
85,North,Liquid,40.45452604267109
85,South,Total,87.55197645206304
85,South,Solids,46.60166060742467
85,South,Liquid,41.12531668480657
85,West,Total,83.79796488027915
85,West,Solids,43.152870402686084
85,West,Liquid,40.96913858180812
86,North,Total,78.8719911878226
86,North,Solids,42.40768543653663
86,North,Liquid,37.36849611804718
86,South,Total,87.25869935436383
86,South,Solids,49.733649924595845
86,South,Liquid,37.90640869589363
86,West,Total,83.07168117342721
86,West,Solids,46.04808920404309
86,West,Liquid,37.67214987847567
87,North,Total,80.30292889342392
87,North,Solids,30.573155254532665
87,North,Liquid,55.46659774965593
87,South,Total,88.6807519995892
87,South,Solids,35.74947463440331
87,South,Liquid,55.80227890909125
87,West,Total,84.3460840598997
87,West,Solids,33.11392291980848
87,West,Liquid,55.51153531099542
88,North,Total,79.54131542042398
88,North,Solids,38.74644616650287
88,North,Liquid,44.017025972470655
88,South,Total,88.19544569770328
88,South,Solids,45.43141732609511
88,South,Liquid,44.3483369613891
88,West,Total,83.66961385546085
88,West,Solids,41.94539838314923
88,West,Liquid,44.157008696932145
89,North,Total,76.18152426825534
89,North,Solids,28.32061362307266
89,North,Liquid,51.38813908174986
89,South,Total,85.1049437098642
89,South,Solids,33.124166997433186
89,South,Liquid,52.73495071694997
89,West,Total,80.82249085455227
89,West,Solids,30.661483405538608
89,West,Liquid,52.58343913590892
90,North,Total,75.9292456880363
90,North,Solids,42.85807180511681
90,North,Liquid,36.326153252933196
90,South,Total,85.85127494620515
90,South,Solids,50.07040172690925
90,South,Liquid,36.99082233500121
90,West,Total,80.85466853708823
90,West,Solids,46.354515133732875
90,West,Liquid,36.86846338188886
91,North,Total,82.03007344962869
91,North,Solids,39.981690488367136
91,North,Liquid,43.804076180756745
91,South,Total,89.41799378256275
91,South,Solids,46.226493123267005
91,South,Liquid,44.078913851750436
91,West,Total,85.47852784597619
91,West,Solids,42.96678151387095
91,West,Liquid,43.834896986161866
92,North,Total,78.96156682311133
92,North,Solids,33.692719028725584
92,North,Liquid,50.79876694341409
92,South,Total,87.9716098829361
92,South,Solids,39.14680183562609
92,South,Liquid,51.31113286119078
92,West,Total,83.38730808027186
92,West,Solids,36.37422465920596
92,West,Liquid,51.042380861990765
93,North,Total,72.37221219402204
93,North,Solids,32.73383530355517
93,North,Liquid,39.56617807625438
93,South,Total,79.94139841102587
93,South,Solids,38.00739185375776
93,South,Liquid,41.57413438130604
93,West,Total,77.10839261198117
93,West,Solids,35.309473037255735
93,West,Liquid,41.65636177144466
94,North,Total,81.81530023052788
94,North,Solids,36.90077570124277
94,North,Liquid,46.90466939983898
94,South,Total,89.53939370920494
94,South,Solids,43.379313987987
94,South,Liquid,47.163460422887546
94,West,Total,85.41274016494299
94,West,Solids,39.959691399434234
94,West,Liquid,46.96730483029844
95,North,Total,79.43139823944617
95,North,Solids,29.687526797272106
95,North,Liquid,55.77555840569238
95,South,Total,88.02473374756198
95,South,Solids,34.68593274291274
95,South,Liquid,56.251010037332186
95,West,Total,83.60633329602094
95,West,Solids,32.134627539578545
95,West,Liquid,55.948353678462325
96,North,Total,80.05203524385679
96,North,Solids,40.351993672781425
96,North,Liquid,41.39142981100985
96,South,Total,88.40314448354876
96,South,Solids,47.45663950511727
96,South,Liquid,41.75012579179963
96,West,Total,84.09494485542021
96,West,Solids,43.822201250681275
96,West,Liquid,41.523052320531384
97,North,Total,80.0051317083519
97,North,Solids,36.751786337664896
97,North,Liquid,47.3279162593623
97,South,Total,88.43726183520064
97,South,Solids,42.91314749687339
97,South,Liquid,47.60668554578183
97,West,Total,84.04079204628394
97,West,Solids,39.72927950691792
97,West,Liquid,47.40239669505919
98,North,Total,78.29511711833558
98,North,Solids,41.18378954508907
98,North,Liquid,39.59425919631151
98,South,Total,87.18216542698286
98,South,Solids,48.17303084079211
98,South,Liquid,40.101143291330004
98,West,Total,82.57187696696015
98,West,Solids,44.52330648199106
98,West,Liquid,39.8794508762104
99,North,Total,79.36988998926213
99,North,Solids,30.236939007209763
99,North,Liquid,49.416549086215674
99,South,Total,86.12810909601214
99,South,Solids,35.549573948042614
99,South,Liquid,50.64451354187375
99,West,Total,83.09720247485805
99,West,Solids,32.838609734824445
99,West,Liquid,50.45116376145782
100,North,Total,78.28067925379693
100,North,Solids,42.09396965472996
100,North,Liquid,38.85044770352507
100,South,Total,87.28741081831257
100,South,Solids,49.31839258813587
100,South,Liquid,39.23030846503301
100,West,Total,82.53791689677017
100,West,Solids,45.54993358855196
100,West,Liquid,38.95927216817823
101,North,Total,78.7424793414363
101,North,Solids,31.05220257672447
101,North,Liquid,49.89994381613824
101,South,Total,86.73686111538123
101,South,Solids,36.399896078508995
101,South,Liquid,50.969641290216416
101,West,Total,82.92361804741918
101,West,Solids,33.67577462252098
101,West,Liquid,50.77496055071967
102,North,Total,84.15191911610688
102,North,Solids,33.95574004595512
102,North,Liquid,50.53983651694739
102,South,Total,90.68271560886029
102,South,Solids,40.00349758644383
102,South,Liquid,50.84832420125033
102,West,Total,87.23095376374445
102,West,Solids,36.915384394332094
102,West,Liquid,50.5705436050289
103,North,Total,82.54074745063132
103,North,Solids,19.658441998777953
103,North,Liquid,66.46980498822774
103,South,Total,88.87255142147396
103,South,Solids,23.095922557627784
103,South,Liquid,67.37015633753532
103,West,Total,85.78662223488998
103,West,Solids,21.36634936554043
103,West,Liquid,67.04940290386993
104,North,Total,84.46109928790477
104,North,Solids,36.39897756073336
104,North,Liquid,47.51324790709822
104,South,Total,90.28456087958044
104,South,Solids,42.02100354298293
104,South,Liquid,48.01215069925025
104,West,Total,87.28833771915039
104,West,Solids,39.11324873499899
104,West,Liquid,47.76899825461512
105,North,Total,73.2851178614407
105,North,Solids,37.249576698804624
105,North,Liquid,36.550688408357935
105,South,Total,83.00038427110707
105,South,Solids,43.771665747343604
105,South,Liquid,38.13909492909465
105,West,Total,78.4775927591175
105,West,Solids,40.34146771135794
105,West,Liquid,38.20967227340849
106,North,Total,81.50868209893382
106,North,Solids,36.00428163034464
106,North,Liquid,46.80691324373534
106,South,Total,89.3685129776248
106,South,Solids,42.88712709610032
106,South,Liquid,47.11973471992435
106,West,Total,85.28631833298996
106,West,Solids,39.33412779268378
106,West,Liquid,46.93044759054833
107,North,Total,78.16590949921502
107,North,Solids,36.9985697051818
107,North,Liquid,43.043267853156614
107,South,Total,86.71357306573226
107,South,Solids,43.34669584408745
107,South,Liquid,43.930006350087595
107,West,Total,82.51395716972752
107,West,Solids,40.06442516431999
107,West,Liquid,43.765348353926505
108,North,Total,76.75660220045522
108,North,Solids,35.85130385428169
108,North,Liquid,41.923718683047554
108,South,Total,84.93320066084097
108,South,Solids,41.3152720716997
108,South,Liquid,43.30926056800319
108,West,Total,81.15271285438496
108,West,Solids,38.478066603869976
108,West,Liquid,43.250919099724996
109,North,Total,80.02686796265795
109,North,Solids,35.36095573125155
109,North,Liquid,48.5354135007961
109,South,Total,88.20896233781599
109,South,Solids,41.0727645812091
109,South,Liquid,48.98920129503125
109,West,Total,83.96602959307687
109,West,Solids,38.11911870640619
109,West,Liquid,48.736060094720514
110,North,Total,84.61496032289637
110,North,Solids,27.648004698727412
110,North,Liquid,59.73336655037179
110,South,Total,90.84221906271605
110,South,Solids,32.11913239691371
110,South,Liquid,60.111951858302824
110,West,Total,87.67095255703812
110,West,Solids,29.859657282199674
110,West,Liquid,59.89034461965067
111,North,Total,80.18858180573712
111,North,Solids,31.39494615104591
111,North,Liquid,54.31125655603973
111,South,Total,88.6678886454519
111,South,Solids,36.86048424357411
111,South,Liquid,54.608204421526516
111,West,Total,84.26812354993307
111,West,Solids,34.055548707502744
111,West,Liquid,54.37534970430258
112,North,Total,86.99908360196599
112,North,Solids,32.32172432561078
112,North,Liquid,53.54961563018657
112,South,Total,92.04995747187013
112,South,Solids,37.61329336641342
112,South,Liquid,53.86777715158291
112,West,Total,89.35025676425707
112,West,Solids,34.87659897942203
112,West,Liquid,53.62281754341532
113,North,Total,81.95011150105628
113,North,Solids,32.104577089846416
113,North,Liquid,50.84809592574662
113,South,Total,88.56377691535636
113,South,Solids,37.23989011744258
113,South,Liquid,51.687620180200526
113,West,Total,85.36646858909074
113,West,Solids,34.64730850669233
113,West,Liquid,51.42283550915988
114,North,Total,79.97664390298029
114,North,Solids,35.015309315341796
114,North,Liquid,48.64292380350761
114,South,Total,87.93825825680906
114,South,Solids,40.42322365842079
114,South,Liquid,49.21734557818173
114,West,Total,83.83004714546932
114,West,Solids,37.587602252971244
114,West,Liquid,49.021138052337385
115,North,Total,84.51730453836639
115,North,Solids,39.79500155832988
115,North,Liquid,44.16395784307889
115,South,Total,90.71490133275452
115,South,Solids,46.00730894991797
115,South,Liquid,44.42153178285979
115,West,Total,87.28960988707925
115,West,Solids,42.65232171912171
115,West,Liquid,44.20819917372295
116,North,Total,82.73139439294533
116,North,Solids,27.035641504713265
116,North,Liquid,56.39944832981135
116,South,Total,88.4240491986701
116,South,Solids,31.22559825212665
116,South,Liquid,57.443647262101486
116,West,Total,85.75072672795808
116,West,Solids,29.05103698243182
116,West,Liquid,57.205225733536636
117,North,Total,78.77092618138339
117,North,Solids,42.773844840736615
117,North,Liquid,35.44940264939776
117,South,Total,86.49359552860608
117,South,Solids,50.081197936163946
117,South,Liquid,36.289142185180125
117,West,Total,82.86738406920637
117,West,Solids,46.31766424703493
117,West,Liquid,36.17614562239921
118,North,Total,87.12865557384032
118,North,Solids,21.84145202262919
118,North,Liquid,66.10591895799865
118,South,Total,91.68435223864684
118,South,Solids,25.465952504848516
118,South,Liquid,66.63204787640929
118,West,Total,89.2898286521006
118,West,Solids,23.629975130953778
118,West,Liquid,66.27394285862951
119,North,Total,84.19494301344808
119,North,Solids,26.39714803917414
119,North,Liquid,59.945107956336365
119,South,Total,90.21607193852657
119,South,Solids,30.849401899134165
119,South,Liquid,60.42871095889463
119,West,Total,87.03435303420648
119,West,Solids,28.612909453631318
119,West,Liquid,60.00084045879266
120,North,Total,77.27068958721974
120,North,Solids,42.891336087174366
120,North,Liquid,38.37845424410462
120,South,Total,86.92268000254711
120,South,Solids,50.0069456622658
120,South,Liquid,38.77916699346502
120,West,Total,82.01471104730656
120,West,Solids,46.37089371279251
120,West,Liquid,38.619926121272016
121,North,Total,79.42343892825001
121,North,Solids,40.73405791213865
121,North,Liquid,38.00560756102571
121,South,Total,86.1097909844008
121,South,Solids,47.00850433622888
121,South,Liquid,39.01924483160688
121,West,Total,83.02104474490861
121,West,Solids,43.63611349105707
121,West,Liquid,38.915102331273246
122,North,Total,67.11116750273649
122,North,Solids,31.572618736125825
122,North,Liquid,35.13735790293587
122,South,Total,74.60623326120785
122,South,Solids,36.39123272946175
122,South,Liquid,37.59609487484495
122,West,Total,72.26009746967163
122,West,Solids,33.90166890864224
122,West,Liquid,37.93893546444656
123,North,Total,84.50354700092726
123,North,Solids,19.31004058703504
123,North,Liquid,66.57593341794285
123,South,Total,89.60529522515175
123,South,Solids,22.61864724681296
123,South,Liquid,67.55994723406995
123,West,Total,87.0703683363572
123,West,Solids,20.90356362934475
123,West,Liquid,67.17176491617202
124,North,Total,78.05929449206518
124,North,Solids,38.75186945679094
124,North,Liquid,43.97546078048902
124,South,Total,87.68425647059671
124,South,Solids,45.68399583758122
124,South,Liquid,44.27256948899844
124,West,Total,82.79622010981224
124,West,Solids,42.18839516996065
124,West,Liquid,44.06248243728032
125,North,Total,77.71307631123778
125,North,Solids,49.314266231240026
125,North,Liquid,31.098421274352305
125,South,Total,87.37505175820006
125,South,Solids,57.35888636004933
125,South,Liquid,31.32837622836464
125,West,Total,82.35760056994933
125,West,Solids,53.20491901766333
125,West,Liquid,31.16412187030723
126,North,Total,84.4173064423011
126,North,Solids,36.19881305185077
126,North,Liquid,47.71956342712972
126,South,Total,90.59019019044796
126,South,Solids,42.255924260562736
126,South,Liquid,48.09591469365348
126,West,Total,87.37847803878668
126,West,Solids,39.200492910791944
126,West,Liquid,47.812423088815365
127,North,Total,83.86339276126184
127,North,Solids,32.10844122301961
127,North,Liquid,53.043497260573815
127,South,Total,90.07328609477567
127,South,Solids,37.12479266400402
127,South,Liquid,53.5583583905422
127,West,Total,86.82640286488758
127,West,Solids,34.469119386589504
127,West,Liquid,53.331635123440144
128,North,Total,76.12862344938989
128,North,Solids,38.70921027974406
128,North,Liquid,37.69101759092685
128,South,Total,84.35658604663384
128,South,Solids,45.490227573793064
128,South,Liquid,38.869586001696085
128,West,Total,80.64658982570026
128,West,Solids,42.07563787362421
128,West,Liquid,38.73611626672289
129,North,Total,82.34681922055296
129,North,Solids,34.49372461120272
129,North,Liquid,46.948358180859614
129,South,Total,87.98413695408539
129,South,Solids,39.805942126781574
129,South,Liquid,47.92535375598395
129,West,Total,85.31987008995726
129,West,Solids,36.95925649564882
129,West,Liquid,47.71838168785328
130,North,Total,83.00659078320611
130,North,Solids,33.65218451410148
130,North,Liquid,52.15077367670741
130,South,Total,90.13494768360442
130,South,Solids,39.0540095642568
130,South,Liquid,52.46591337317471
130,West,Total,86.36602799993142
130,West,Solids,36.24178570610877
130,West,Liquid,52.22662713561041
131,North,Total,80.78055542581633
131,North,Solids,42.841744204666846
131,North,Liquid,37.97940301029625
131,South,Total,88.08961479889237
131,South,Solids,49.506264820021954
131,South,Liquid,38.5986256369212
131,West,Total,84.39467872022726
131,West,Solids,46.00787483980039
131,West,Liquid,38.416221757597626
132,North,Total,84.17409075506397
132,North,Solids,41.71646213130563
132,North,Liquid,40.383189858245544
132,South,Total,90.38124378168557
132,South,Solids,48.66235812706469
132,South,Liquid,40.715985841947486
132,West,Total,87.16466897042442
132,West,Solids,45.11197079332421
132,West,Liquid,40.51002994737979
133,North,Total,82.11300992175168
133,North,Solids,42.34862096133127
133,North,Liquid,40.32520633917962
133,South,Total,89.20166211752377
133,South,Solids,48.7565087223823
133,South,Liquid,40.71136525288998
133,West,Total,85.44989081496716
133,West,Solids,45.377064312824885
133,West,Liquid,40.49346405377752
134,North,Total,86.70359227710406
134,North,Solids,21.71766672219783
134,North,Liquid,67.46925419651724
134,South,Total,91.77655176305313
134,South,Solids,25.110760761453534
134,South,Liquid,67.91075470917315
134,West,Total,88.95867179537105
134,West,Solids,23.29598811118361
134,West,Liquid,67.54989324651706
135,North,Total,78.15581112371414
135,North,Solids,43.5706923613121
135,North,Liquid,37.02751703453432
135,South,Total,87.21357254290972
135,South,Solids,50.74743933386916
135,South,Liquid,37.51186822343815
135,West,Total,82.58093477789757
135,West,Solids,47.055584605286846
135,West,Liquid,37.30221246241357
136,North,Total,79.59933532075152
136,North,Solids,35.73225427450373
136,North,Liquid,47.60750221575273
136,South,Total,88.08671191830769
136,South,Solids,42.03541204481429
136,South,Liquid,47.94467257880793
136,West,Total,83.67098072030933
136,West,Solids,38.770798087387135
136,West,Liquid,47.74124860706358
137,North,Total,80.75530356267308
137,North,Solids,46.21770703588857
137,North,Liquid,33.817527975887884
137,South,Total,88.8770067926459
137,South,Solids,54.45133223438871
137,South,Liquid,34.079463076374275
137,West,Total,84.79050076112729
137,West,Solids,50.346959092758446
137,West,Liquid,33.9140062513707
138,North,Total,81.21291482954936
138,North,Solids,35.556559794478574
138,North,Liquid,47.15392882710707
138,South,Total,88.78032846678849
138,South,Solids,41.88846856889788
138,South,Liquid,47.60488490926702
138,West,Total,84.81613858781212
138,West,Solids,38.56928929673649
138,West,Liquid,47.37153631479391
139,North,Total,74.95668098865764
139,North,Solids,31.954320915421704
139,North,Liquid,44.65391076876677
139,South,Total,84.09146928567041
139,South,Solids,37.12131890787708
139,South,Liquid,46.26396150173851
139,West,Total,79.78788303178501
139,West,Solids,34.44179179244832
139,West,Liquid,46.243761356408726
140,North,Total,82.50306856460577
140,North,Solids,28.400235094360106
140,North,Liquid,56.25049074097841
140,South,Total,89.25053396881134
140,South,Solids,33.34074619273098
140,South,Liquid,56.891206926612895
140,West,Total,85.87971154633497
140,West,Solids,30.814383338459905
140,West,Liquid,56.65921612179875
141,North,Total,73.23780151773744
141,North,Solids,29.398904351810177
141,North,Liquid,43.821640279126974
141,South,Total,80.60370632041287
141,South,Solids,34.102470253697334
141,South,Liquid,45.90384046597098
141,West,Total,77.78607149677144
141,West,Solids,31.656413701306146
141,West,Liquid,45.96836267514724
142,North,Total,78.07029696502795
142,North,Solids,47.25592664461252
142,North,Liquid,32.945213337735304
142,South,Total,87.40671629307285
142,South,Solids,55.32518106749369
142,South,Liquid,33.157384867680776
142,West,Total,82.3684146102691
142,West,Solids,51.010175520180425
142,West,Liquid,32.982016070380915
143,North,Total,76.98364378804509
143,North,Solids,28.770383747370037
143,North,Liquid,52.45686876586985
143,South,Total,85.96272004194488
143,South,Solids,34.07560010934682
143,South,Liquid,53.476618339495516
143,West,Total,81.62064688636721
143,West,Solids,31.360554517263274
143,West,Liquid,53.37464788431612
144,North,Total,82.05061327579118
144,North,Solids,31.696249079534084
144,North,Liquid,51.788866724139105
144,South,Total,88.94215721972752
144,South,Solids,37.1909056722328
144,South,Liquid,52.39856528031549
144,West,Total,85.3539698896765
144,West,Solids,34.316094927220675
144,West,Liquid,52.09951579899934
145,North,Total,80.67650365942697
145,North,Solids,29.829687282735073
145,North,Liquid,55.020350146445075
145,South,Total,88.52867276673095
145,South,Solids,35.2838363939088
145,South,Liquid,55.388942351002136
145,West,Total,84.48522997934818
145,West,Solids,32.53606041239648
145,West,Liquid,55.08025210676597
146,North,Total,81.11990365510688
146,North,Solids,33.159309896001076
146,North,Liquid,52.51631604764063
146,South,Total,89.02641578120046
146,South,Solids,38.166061130578655
146,South,Liquid,52.965669978455075
146,West,Total,84.78832215338737
146,West,Solids,35.534124455932954
146,West,Liquid,52.58849920292958
147,North,Total,77.28035436870144
147,North,Solids,45.50011149841946
147,North,Liquid,36.14704649141577
147,South,Total,86.98939140574709
147,South,Solids,52.671706544856576
147,South,Liquid,36.440749629782914
147,West,Total,81.99872597063361
147,West,Solids,49.00591231761334
147,West,Liquid,36.22974370956602
148,North,Total,81.82644434062864
148,North,Solids,25.44203833044567
148,North,Liquid,56.28274728844935
148,South,Total,87.39724087977775
148,South,Solids,29.83564002297704
148,South,Liquid,57.5324609458535
148,West,Total,84.96686485527523
148,West,Solids,27.54838640025204
148,West,Liquid,57.34664346538785
149,North,Total,81.5250739644586
149,North,Solids,34.82223346249154
149,North,Liquid,46.74206280830615
149,South,Total,88.49025701791243
149,South,Solids,41.14920100265428
149,South,Liquid,47.358160686832925
149,West,Total,84.87450421720378
149,West,Solids,37.87341697779906
149,West,Liquid,47.029607778575965
150,North,Total,78.65152921563808
150,North,Solids,39.844805134967984
150,North,Liquid,41.157614806859854
150,South,Total,87.6324052676912
150,South,Solids,47.2442393352002
150,South,Liquid,41.51013719979694
150,West,Total,82.78752076673351
150,West,Solids,43.33045832465178
150,West,Liquid,41.201027515698804
151,North,Total,83.44743801943709
151,North,Solids,38.16488272993402
151,North,Liquid,45.227668489705444
151,South,Total,89.97923222861681
151,South,Solids,44.33302445462024
151,South,Liquid,45.61964393651075
151,West,Total,86.49680224893595
151,West,Solids,41.02709204774242
151,West,Liquid,45.427867686976214
152,North,Total,76.03725370509011
152,North,Solids,40.193275223174815
152,North,Liquid,38.559098289119476
152,South,Total,85.59050608954814
152,South,Solids,46.883905951377756
152,South,Liquid,39.44655504263104
152,West,Total,80.72980467418907
152,West,Solids,43.355327426614465
152,West,Liquid,39.29498574140396
153,North,Total,81.98538149732457
153,North,Solids,34.19697012957518
153,North,Liquid,46.484304695912044
153,South,Total,87.84927272980043
153,South,Solids,39.99913834534546
153,South,Liquid,47.408704300370225
153,West,Total,85.20978355107007
153,West,Solids,37.05340690943019
153,West,Liquid,47.2314947841059
154,North,Total,78.7936218645261
154,North,Solids,22.64048031529574
154,North,Liquid,59.04745791919799
154,South,Total,86.25047506697344
154,South,Solids,26.510406996513403
154,South,Liquid,60.45701899334678
154,West,Total,82.74566810946698
154,West,Solids,24.50491750197829
154,West,Liquid,60.245873000564686
155,North,Total,79.79913044553821
155,North,Solids,38.89383556240939
155,North,Liquid,44.05277402156793
155,South,Total,88.22602114809648
155,South,Solids,45.2385382639712
155,South,Liquid,44.46500544762406
155,West,Total,83.83522671736618
155,West,Solids,41.94379597498548
155,West,Liquid,44.22911001582523
156,North,Total,82.30043735135058
156,North,Solids,32.67864425727665
156,North,Liquid,53.04051993159532
156,South,Total,89.7593599914275
156,South,Solids,38.15122010830712
156,South,Liquid,53.33368517270289
156,West,Total,85.85689732725027
156,West,Solids,35.33477300052809
156,West,Liquid,53.096221063559625
157,North,Total,80.54995917480022
157,North,Solids,35.101394172174594
157,North,Liquid,49.13312811161569
157,South,Total,88.43750800518018
157,South,Solids,40.60289837519327
157,South,Liquid,49.597274133712524
157,West,Total,84.21571311372351
157,West,Solids,37.666094943092084
157,West,Liquid,49.33227726732152
158,North,Total,74.10410936632834
158,North,Solids,49.39139799903032
158,North,Liquid,24.70248211775391
158,South,Total,83.37066787972293
158,South,Solids,57.133751392941925
158,South,Liquid,25.836662411213702
158,West,Total,78.99976748347953
158,West,Solids,53.060950269900076
158,West,Liquid,25.826999069814853
159,North,Total,78.22500178529471
159,North,Solids,40.40443813952026
159,North,Liquid,37.776275462465705
159,South,Total,85.86353533191738
159,South,Solids,47.09942183360709
159,South,Liquid,38.756133415412194
159,West,Total,82.27301921840737
159,West,Solids,43.59890808187324
159,West,Liquid,38.64384009122363
160,North,Total,79.94460153455117
160,North,Solids,41.433879426820994
160,North,Liquid,39.81852501435588
160,South,Total,88.20525682401035
160,South,Solids,48.52864602094755
160,South,Liquid,40.263229232778144
160,West,Total,83.91935232618697
160,West,Solids,44.81919512741998
160,West,Liquid,40.069609146190935
161,North,Total,80.58675445773844
161,North,Solids,41.5820825487999
161,North,Liquid,40.43834193454847
161,South,Total,88.69469099857564
161,South,Solids,48.54548740774952
161,South,Liquid,40.81040832012502
161,West,Total,84.54744990202796
161,West,Solids,45.03251298551972
161,West,Liquid,40.55515620371123
162,North,Total,86.5269529057242
162,North,Solids,38.649728155794264
162,North,Liquid,45.82972113589676
162,South,Total,91.66539258883981
162,South,Solids,44.512046760552906
162,South,Liquid,46.1423525042949
162,West,Total,88.86634072991959
162,West,Solids,41.482025513841094
162,West,Liquid,45.86173872448172
163,North,Total,74.21943016743805
163,North,Solids,37.354874982876616
163,North,Liquid,38.325959027591345
163,South,Total,83.7619298424481
163,South,Solids,43.84421208109539
163,South,Liquid,39.66579439025363
163,West,Total,79.34006242255319
163,West,Solids,40.547738070242275
163,West,Liquid,39.66056869758109
164,North,Total,83.3558942781789
164,North,Solids,35.135357397051486
164,North,Liquid,49.09381612060344
164,South,Total,89.91038322944136
164,South,Solids,40.84377228153721
164,South,Liquid,49.49449795915461
164,West,Total,86.46457925710911
164,West,Solids,37.89187010039482
164,West,Liquid,49.226176385177894
165,North,Total,81.24018506478933
165,North,Solids,41.917014670779714
165,North,Liquid,39.21935917254886
165,South,Total,87.89860995871204
165,South,Solids,47.899572813201154
165,South,Liquid,39.96566510296207
165,West,Total,84.48753393542124
165,West,Solids,44.66001818425516
165,West,Liquid,39.752642476154165
166,North,Total,80.63472283510869
166,North,Solids,29.402713024279304
166,North,Liquid,52.24794928063403
166,South,Total,86.98452686717602
166,South,Solids,33.73539601998459
166,South,Liquid,53.47064477779486
166,West,Total,83.87999126146639
166,West,Solids,31.3691103552607
166,West,Liquid,53.22828568962602
167,North,Total,79.90944160648556
167,North,Solids,33.60429926448994
167,North,Liquid,51.458162731281256
167,South,Total,88.43143125395311
167,South,Solids,39.20705556183914
167,South,Liquid,51.78870830522234
167,West,Total,83.91928919291742
167,West,Solids,36.288310397140286
167,West,Liquid,51.491726753177666
168,North,Total,78.89205649362758
168,North,Solids,32.89373037464992
168,North,Liquid,49.37256162775447
168,South,Total,87.21445791869151
168,South,Solids,38.60220771341009
168,South,Liquid,50.07420807481671
168,West,Total,83.05075637278613
168,West,Solids,35.70083976703126
168,West,Liquid,49.814605277062896
169,North,Total,73.0314459981982
169,North,Solids,28.871311160049622
169,North,Liquid,44.213241285414036
169,South,Total,80.34999437638263
169,South,Solids,33.966249245924175
169,South,Liquid,46.23754244287374
169,West,Total,77.65373585822329
169,West,Solids,31.326657270515952
169,West,Liquid,46.325176208508864
170,North,Total,78.9028338758065
170,North,Solids,33.84603973940078
170,North,Liquid,50.04241326740361
170,South,Total,87.44324404148772
170,South,Solids,38.75261406581753
170,South,Liquid,50.75812382573523
170,West,Total,83.01494509177523
170,West,Solids,36.17530729544308
170,West,Liquid,50.5125406752552
171,North,Total,76.24994558013556
171,North,Solids,42.754660748490494
171,North,Liquid,34.2509749640559
171,South,Total,84.88106880998359
171,South,Solids,49.63908991211319
171,South,Liquid,35.27627818588221
171,West,Total,80.69480714346314
171,West,Solids,45.984124637696326
171,West,Liquid,35.21952578072468
172,North,Total,80.78263192594486
172,North,Solids,44.19047394095569
172,North,Liquid,37.58967560727745
172,South,Total,88.73441167313833
172,South,Solids,51.32304939338265
172,South,Liquid,37.89609281252364
172,West,Total,84.61916508807846
172,West,Solids,47.65303906644382
172,West,Liquid,37.71156512112778
173,North,Total,80.13767283571461
173,North,Solids,40.68841224424524
173,North,Liquid,41.74248887736145
173,South,Total,88.38767065141836
173,South,Solids,47.34308794035132
173,South,Liquid,42.12379597290765
173,West,Total,83.95061295958605
173,West,Solids,43.791212566644944
173,West,Liquid,41.87555950163285
174,North,Total,76.86028022485621
174,North,Solids,45.85790780678553
174,North,Liquid,33.84395649403141
174,South,Total,86.93003120170782
174,South,Solids,54.27730787208437
174,South,Liquid,34.06804143321377
174,West,Total,81.71282579897112
174,West,Solids,49.935667291369256
174,West,Liquid,33.91613926375886
175,North,Total,81.81213733484091
175,North,Solids,34.84992034824472
175,North,Liquid,49.244575390181936
175,South,Total,89.41887005693067
175,South,Solids,40.90477951727871
175,South,Liquid,49.610846332500365
175,West,Total,85.3863177540669
175,West,Solids,37.74814838070841
175,West,Liquid,49.337013451108525
176,North,Total,81.70792306861419
176,North,Solids,34.08301464809888
176,North,Liquid,49.57391255273372
176,South,Total,88.85214508749026
176,South,Solids,39.67116227464758
176,South,Liquid,50.0977329471924
176,West,Total,85.244776061053
176,West,Solids,36.851749783706836
176,West,Liquid,49.82996490488453
177,North,Total,81.27697394625912
177,North,Solids,31.225662160501038
177,North,Liquid,51.48408131480073
177,South,Total,88.00174466743601
177,South,Solids,36.18616752061899
177,South,Liquid,52.36645980120156
177,West,Total,84.68915759397497
177,West,Solids,33.59538556731407
177,West,Liquid,52.14104950106575
178,North,Total,84.24296464053637
178,North,Solids,41.49556399303717
178,North,Liquid,41.075370786890964
178,South,Total,90.36013433191683
178,South,Solids,48.147510738279585
178,South,Liquid,41.388761477417916
178,West,Total,87.08356980611931
178,West,Solids,44.73600780620202
178,West,Liquid,41.109761974462565
179,North,Total,76.16509099905517
179,North,Solids,37.237473408163396
179,North,Liquid,42.236539007930915
179,South,Total,85.71731639000376
179,South,Solids,43.76576861992942
179,South,Liquid,43.093340324168686
179,West,Total,80.99269472585671
179,West,Solids,40.41417313247011
179,West,Liquid,42.96261567087776
180,North,Total,79.56709431739415
180,North,Solids,44.340569946641466
180,North,Liquid,37.70528921023405
180,South,Total,87.82269993180691
180,South,Solids,51.156882526547584
180,South,Liquid,37.9581750093748
180,West,Total,83.5015063788386
180,West,Solids,47.64354691010723
180,West,Liquid,37.73580714942399
181,North,Total,81.22651556829389
181,North,Solids,36.584107653899814
181,North,Liquid,45.50440314648011
181,South,Total,88.64287687344799
181,South,Solids,43.15141269104087
181,South,Liquid,45.91758161623516
181,West,Total,84.84812755976127
181,West,Solids,39.809871874825156
181,West,Liquid,45.684406845360336
182,North,Total,78.73771642787133
182,North,Solids,44.39689656808582
182,North,Liquid,35.58760406339528
182,South,Total,87.49825003758022
182,South,Solids,52.0035888591199
182,South,Liquid,36.03868200912411
182,West,Total,83.03283027267393
182,West,Solids,48.076727184097685
182,West,Liquid,35.87397922991823
183,North,Total,81.83594216833484
183,North,Solids,42.15327623324288
183,North,Liquid,41.577692922648914
183,South,Total,89.29987923755499
183,South,Solids,48.36329313015079
183,South,Liquid,41.873585411176755
183,West,Total,85.27732557488946
183,West,Solids,45.070314404753304
183,West,Liquid,41.63460213393998
184,North,Total,76.1426044112078
184,North,Solids,47.24577658025484
184,North,Liquid,30.324814671862793
184,South,Total,85.78021822076363
184,South,Solids,55.2014791306359
184,South,Liquid,30.99451272529391
184,West,Total,80.98220918785292
184,West,Solids,51.08677377765268
184,West,Liquid,30.90813461422366
185,North,Total,78.40131904007443
185,North,Solids,31.03207260682104
185,North,Liquid,48.20078098309798
185,South,Total,85.50586288230926
185,South,Solids,35.94249499480615
185,South,Liquid,49.594119650413795
185,West,Total,82.36907016219084
185,West,Solids,33.3928268593721
185,West,Liquid,49.519895271198
186,North,Total,78.24620235880647
186,North,Solids,38.155460599311446
186,North,Liquid,44.60326194552475
186,South,Total,87.32446781052057
186,South,Solids,44.785051233831055
186,South,Liquid,44.878260026439555
186,West,Total,82.58660508904565
186,West,Solids,41.36190039346509
186,West,Liquid,44.65294379801979
187,North,Total,81.07930746754883
187,North,Solids,33.65968925359098
187,North,Liquid,47.7596281016963
187,South,Total,87.37646273614696
187,South,Solids,38.67865098665094
187,South,Liquid,48.79072935269429
187,West,Total,84.31883488784267
187,West,Solids,36.013727065063364
187,West,Liquid,48.5439264604971
188,North,Total,75.7879051075475
188,North,Solids,43.552056863358956
188,North,Liquid,36.578633585460324
188,South,Total,85.97961496294425
188,South,Solids,51.158188821757
188,South,Liquid,36.932800612576166
188,West,Total,80.75409732386257
188,West,Solids,47.26144817577676
188,West,Liquid,36.743139536345396
189,North,Total,82.72579807902684
189,North,Solids,27.462430133447963
189,North,Liquid,56.40540324422797
189,South,Total,88.99709987477063
189,South,Solids,32.271826533238915
189,South,Liquid,57.20624070160913
189,West,Total,85.80554978282323
189,West,Solids,29.72327552394977
189,West,Liquid,56.92734897172569
190,North,Total,80.8251903202009
190,North,Solids,31.64955187878615
190,North,Liquid,48.8716703364936
190,South,Total,86.62751399847596
190,South,Solids,36.47361780768231
190,South,Liquid,50.09656736728204
190,West,Total,84.10321590706471
190,West,Solids,33.94803538329807
190,West,Liquid,49.945645612376
191,North,Total,82.08684369902706
191,North,Solids,43.283530318052115
191,North,Liquid,38.1538979189579
191,South,Total,89.40292747026699
191,South,Solids,50.651105422279365
191,South,Liquid,38.43110158952338
191,West,Total,85.51275195926279
191,West,Solids,46.81402591277435
191,West,Liquid,38.212092338455804
192,North,Total,85.3924976804284
192,North,Solids,42.559225357881935
192,North,Liquid,38.68005650389289
192,South,Total,91.05955467937925
192,South,Solids,50.053370763084814
192,South,Liquid,38.97812664753374
192,West,Total,88.0578237671162
192,West,Solids,46.12080515680962
192,West,Liquid,38.80229674976657
193,North,Total,74.88228265543066
193,North,Solids,40.511346367460874
193,North,Liquid,34.856453366100595
193,South,Total,83.75072635083556
193,South,Solids,47.17671098092254
193,South,Liquid,36.18572272849349
193,West,Total,79.62103888702079
193,West,Solids,43.70108547346715
193,West,Liquid,36.123983708294524
194,North,Total,79.33700932391366
194,North,Solids,36.626948932584114
194,North,Liquid,43.87583097021617
194,South,Total,87.13180589320649
194,South,Solids,42.8993187223197
194,South,Liquid,44.66609571924379
194,West,Total,83.19356747656876
194,West,Solids,39.58364922726536
194,West,Liquid,44.4598735973088
195,North,Total,82.97839412412877
195,North,Solids,37.87538154639331
195,North,Liquid,45.606940943435106
195,South,Total,89.99974396547576
195,South,Solids,44.405569318031304
195,South,Liquid,45.85264195774785
195,West,Total,86.35615869272287
195,West,Solids,41.10355474143523
195,West,Liquid,45.630937281325934
196,North,Total,84.64086133527019
196,North,Solids,25.54564788937152
196,North,Liquid,61.92541325831398
196,South,Total,90.68837218402349
196,South,Solids,29.78378287849905
196,South,Liquid,62.33363616928005
196,West,Total,87.36902853892519
196,West,Solids,27.526142953794015
196,West,Liquid,61.995424646980204
197,North,Total,79.09941323132979
197,North,Solids,35.841570808860176
197,North,Liquid,44.018753808611
197,South,Total,86.46767206680339
197,South,Solids,41.676275283677114
197,South,Liquid,45.00988774692862
197,West,Total,82.97118372261285
197,West,Solids,38.67847779151424
197,West,Liquid,44.82487026454856
198,North,Total,81.7554704712757
198,North,Solids,32.971911890981985
198,North,Liquid,50.639013440623046
198,South,Total,88.72180098024833
198,South,Solids,38.1969045947857
198,South,Liquid,51.31629599680492
198,West,Total,85.18762147266139
198,West,Solids,35.493423632662264
198,West,Liquid,51.05209289954923
199,North,Total,77.2372884499682
199,North,Solids,43.88392730575314
199,North,Liquid,33.057807872460366
199,South,Total,85.39880713750865
199,South,Solids,51.439693120374685
199,South,Liquid,33.884921109707236
199,West,Total,81.47097590857749
199,West,Solids,47.52863508623537
199,West,Liquid,33.73783724641005
200,North,Total,80.26697424037324
200,North,Solids,42.956915104141736
200,North,Liquid,37.954784483692144
200,South,Total,88.1508851844917
200,South,Solids,49.93535627009348
200,South,Liquid,38.482378386543935
200,West,Total,84.12098725410033
200,West,Solids,46.27351746669655
200,West,Liquid,38.32262733529952
201,North,Total,76.29885443278958
201,North,Solids,31.35485135646483
201,North,Liquid,51.0975958132857
201,South,Total,86.29271491979722
201,South,Solids,37.03588502491266
201,South,Liquid,51.827306174411866
201,West,Total,81.24583173370998
201,West,Solids,34.144807523149865
201,West,Liquid,51.54277239381809
202,North,Total,79.62034358472178
202,North,Solids,34.26160256579357
202,North,Liquid,49.736349471690076
202,South,Total,88.00109719580759
202,South,Solids,40.13228753647227
202,South,Liquid,50.087375006537485
202,West,Total,83.66827758983217
202,West,Solids,37.156305951867246
202,West,Liquid,49.778328353425884
203,North,Total,82.53290869391398
203,North,Solids,43.99482688300175
203,North,Liquid,36.02003228934681
203,South,Total,88.8678145918529
203,South,Solids,51.272796937023514
203,South,Liquid,36.54887570932146
203,West,Total,85.7330031909554
203,West,Solids,47.49685762215862
203,West,Liquid,36.38716790697627
204,North,Total,78.25049090873262
204,North,Solids,45.26193947155943
204,North,Liquid,35.80030147094552
204,South,Total,87.48052396391166
204,South,Solids,52.86468323301364
204,South,Liquid,36.03779706766454
204,West,Total,82.79148764265683
204,West,Solids,49.0277395923882
204,West,Liquid,35.872433882612874
205,North,Total,84.3643617661795
205,North,Solids,38.6322055020887
205,North,Liquid,43.51004590059265
205,South,Total,90.24254468466069
205,South,Solids,45.25672785795786
205,South,Liquid,44.00357019800801
205,West,Total,87.37856460180647
205,West,Solids,41.932184684197495
205,West,Liquid,43.82566982049427
206,North,Total,75.80819343659732
206,North,Solids,38.45562676815885
206,North,Liquid,40.03760716854982
206,South,Total,85.2219339906199
206,South,Solids,44.749484833455696
206,South,Liquid,41.0581551786411
206,West,Total,80.43365851207757
206,West,Solids,41.40324691417862
206,West,Liquid,40.916052765176396
207,North,Total,78.27577022661966
207,North,Solids,37.6809777958938
207,North,Liquid,46.36038172108385
207,South,Total,87.682967636669
207,South,Solids,43.92207867629699
207,South,Liquid,46.63978022091884
207,West,Total,82.77469389568456
207,West,Solids,40.69968511290258
207,West,Liquid,46.38910238098114
208,North,Total,83.9629914517811
208,North,Solids,32.053895296562104
208,North,Liquid,51.41059361142315
208,South,Total,89.27414556221227
208,South,Solids,36.837738968081496
208,South,Liquid,52.254031209278985
208,West,Total,86.70387259577063
208,West,Solids,34.400098340350475
208,West,Liquid,51.95295435243812
209,North,Total,85.51365837838586
209,North,Solids,27.625906660806393
209,North,Liquid,58.629897942877875
209,South,Total,91.00851979793083
209,South,Solids,32.25685653719716
209,South,Liquid,59.110477394599535
209,West,Total,88.11946982318807
209,West,Solids,29.89336384968235
209,West,Liquid,58.77569915676849
210,North,Total,78.09457092045619
210,North,Solids,34.84138860487683
210,North,Liquid,47.766711534107394
210,South,Total,87.25276415668854
210,South,Solids,40.769254235642876
210,South,Liquid,48.39966458099887
210,West,Total,82.64904075668889
210,West,Solids,37.75069236301905
210,West,Liquid,48.185846637176816
211,North,Total,87.66651735696986
211,North,Solids,24.747683242230337
211,North,Liquid,63.741907434908875
211,South,Total,92.3826043158098
211,South,Solids,28.740959284108204
211,South,Liquid,64.07055962368662
211,West,Total,89.72974259582129
211,West,Solids,26.593224824437943
211,West,Liquid,63.77092247408274
212,North,Total,80.72103827485836
212,North,Solids,25.04402284786612
212,North,Liquid,61.237137055046155
212,South,Total,88.50530528563311
212,South,Solids,29.04764639350032
212,South,Liquid,61.943759782725394
212,West,Total,84.45996312371985
212,West,Solids,26.938721776606993
212,West,Liquid,61.6692040665854
213,North,Total,75.82914581767454
213,North,Solids,38.400288020100945
213,North,Liquid,39.914826721694915
213,South,Total,85.23855194356209
213,South,Solids,44.828339569504536
213,South,Liquid,40.93753673625236
213,West,Total,80.56770375804872
213,West,Solids,41.48063816151441
213,West,Liquid,40.80042107446345
214,North,Total,79.9734085216598
214,North,Solids,29.58882631014106
214,North,Liquid,52.979082332869766
214,South,Total,87.2575768090729
214,South,Solids,33.86870518054387
214,South,Liquid,54.10410667756954
214,West,Total,83.6446051837257
214,West,Solids,31.584797353420363
214,West,Liquid,53.92217692180953
215,North,Total,83.56114776458267
215,North,Solids,36.36988454071967
215,North,Liquid,45.861207567241216
215,South,Total,89.70586527259289
215,South,Solids,42.70627800631714
215,South,Liquid,46.4298025634481
215,West,Total,86.55718250378315
215,West,Solids,39.39544531330416
215,West,Liquid,46.18739297198493
216,North,Total,76.4056775707031
216,North,Solids,45.87878717459312
216,North,Liquid,34.665414272997694
216,South,Total,86.45815762198593
216,South,Solids,53.62154458501337
216,South,Liquid,34.91754586776456
216,West,Total,81.2113568449788
216,West,Solids,49.59801109879855
216,West,Liquid,34.74118879695912
217,North,Total,81.18103210982144
217,North,Solids,27.514961945855383
217,North,Liquid,59.015231304584695
217,South,Total,89.29383639719131
217,South,Solids,32.38696264769389
217,South,Liquid,59.43716770723749
217,West,Total,85.14419785433574
217,West,Solids,29.93218642929404
217,West,Liquid,59.12533066283915
218,North,Total,80.14395251932292
218,North,Solids,35.65314945546948
218,North,Liquid,47.49647190112163
218,South,Total,88.07823107486622
218,South,Solids,40.964033632077616
218,South,Liquid,48.2410632704722
218,West,Total,84.13973131835682
218,West,Solids,38.24503465437819
218,West,Liquid,48.05526199213946
219,North,Total,80.06474752322308
219,North,Solids,28.407889366446366
219,North,Liquid,54.77646288893281
219,South,Total,87.43822977252604
219,South,Solids,33.07680297638074
219,South,Liquid,55.65617001464426
219,West,Total,83.60367869154508
219,West,Solids,30.585196532709276
219,West,Liquid,55.327633860820455
220,North,Total,79.01363224535875
220,North,Solids,38.87980103223628
220,North,Liquid,43.87805074267698
220,South,Total,87.8928543738002
220,South,Solids,45.596344603424726
220,South,Liquid,44.17085927839432
220,West,Total,83.26453468620564
220,West,Solids,42.14421142462859
220,West,Liquid,43.92164573549693
221,North,Total,75.0110423319351
221,North,Solids,34.703322642797836
221,North,Liquid,40.18237024402544
221,South,Total,82.15464099304127
221,South,Solids,40.484394938094745
221,South,Liquid,41.80646844638233
221,West,Total,79.34712696622691
221,West,Solids,37.517742504930794
221,West,Liquid,41.78607910060816
222,North,Total,85.69531229821729
222,North,Solids,27.888513646357183
222,North,Liquid,59.16370457356125
222,South,Total,91.26987489964313
222,South,Solids,32.34181587445477
222,South,Liquid,59.596830771535934
222,West,Total,88.40421732602067
222,West,Solids,30.06208213909397
222,West,Liquid,59.361845560649705
223,North,Total,80.27263504680121
223,North,Solids,41.933017598148645
223,North,Liquid,39.81933730578665
223,South,Total,88.36736156824945
223,South,Solids,49.01964117385194
223,South,Liquid,40.097016505895475
223,West,Total,84.00440060791239
223,West,Solids,45.26578458600643
223,West,Liquid,39.86136608484293
224,North,Total,81.16671613784237
224,North,Solids,35.67612408243175
224,North,Liquid,48.377379339210066
224,South,Total,88.60175472557968
224,South,Solids,40.8544539893185
224,South,Liquid,48.99630155391152
224,West,Total,84.82286562991094
224,West,Solids,38.161702474134614
224,West,Liquid,48.80316162487544
225,North,Total,79.4526293066749
225,North,Solids,33.27713461721047
225,North,Liquid,48.682941788531785
225,South,Total,87.63725725510272
225,South,Solids,39.395752995446045
225,South,Liquid,49.3386912568356
225,West,Total,83.55621668132983
225,West,Solids,36.264094252064126
225,West,Liquid,49.14258955871449
226,North,Total,79.49800128295954
226,North,Solids,50.806196537275014
226,North,Liquid,28.12562259496008
226,South,Total,87.5266574886233
226,South,Solids,58.72636753524398
226,South,Liquid,28.583588652133113
226,West,Total,83.37249251151508
226,West,Solids,54.52148168471005
226,West,Liquid,28.437902880528515
227,North,Total,83.67571422716577
227,North,Solids,42.382277399712606
227,North,Liquid,38.29333990591242
227,South,Total,90.12449068123607
227,South,Solids,50.041517843956505
227,South,Liquid,38.55461505751102
227,West,Total,86.76077624405784
227,West,Solids,46.13841384299684
227,West,Liquid,38.362000721341325
228,North,Total,76.62265136709652
228,North,Solids,42.230281923783586
228,North,Liquid,34.11648832101624
228,South,Total,84.21640291810132
228,South,Solids,49.00555346862172
228,South,Liquid,35.22673796791825
228,West,Total,80.83442324036405
228,West,Solids,45.444560942281996
228,West,Liquid,35.2088391592952
229,North,Total,79.75538888858966
229,North,Solids,45.92925186921899
229,North,Liquid,34.8910334280024
229,South,Total,88.12716164547044
229,South,Solids,53.454543444997846
229,South,Liquid,35.1870852009354
229,West,Total,83.68280418054023
229,West,Solids,49.52038122401755
229,West,Liquid,34.95420480995106
230,North,Total,82.50060436112648
230,North,Solids,40.752961548234786
230,North,Liquid,41.29292750862763
230,South,Total,89.59653404692511
230,South,Solids,47.74072962876302
230,South,Liquid,41.6336817826931
230,West,Total,85.96074371554529
230,West,Solids,44.11976214145902
230,West,Liquid,41.496516572065936
231,North,Total,82.6048154673086
231,North,Solids,36.06984728089898
231,North,Liquid,47.82921144732795
231,South,Total,89.59994455264425
231,South,Solids,41.92164192157487
231,South,Liquid,48.27752560161602
231,West,Total,85.95043547262512
231,West,Solids,38.89620343280516
231,West,Liquid,48.00813228815006
232,North,Total,83.75737269774852
232,North,Solids,36.719608292096275
232,North,Liquid,47.26164832271243
232,South,Total,90.33585650324211
232,South,Solids,42.85651748937688
232,South,Liquid,47.58869988387787
232,West,Total,86.76891237792455
232,West,Solids,39.640631553100256
232,West,Liquid,47.2952040693006
233,North,Total,79.53770315406247
233,North,Solids,40.95443704643342
233,North,Liquid,38.32338775337378
233,South,Total,86.98056167674804
233,South,Solids,47.75091783062709
233,South,Liquid,39.15858696995683
233,West,Total,83.49326599629123
233,West,Solids,44.277337974828676
233,West,Liquid,39.03560910826846
234,North,Total,78.8382175089064
234,North,Solids,41.923768073840925
234,North,Liquid,39.30766272345236
234,South,Total,87.62404361625462
234,South,Solids,49.0706778696895
234,South,Liquid,39.688561205745025
234,West,Total,82.97012818803485
234,West,Solids,45.29380496630037
234,West,Liquid,39.47241869222141
235,North,Total,83.42632672898367
235,North,Solids,30.199505180817027
235,North,Liquid,54.95194361121247
235,South,Total,89.96577083945773
235,South,Solids,35.36698172389316
235,South,Liquid,55.42554486123799
235,West,Total,86.53921414723604
235,West,Solids,32.70259671348551
235,West,Liquid,55.118125324335765
236,North,Total,80.2939807188623
236,North,Solids,39.09543917704711
236,North,Liquid,42.96197565302801
236,South,Total,88.29654243425024
236,South,Solids,45.72253264482178
236,South,Liquid,43.39763881707446
236,West,Total,84.11135431106064
236,West,Solids,42.27598800202072
236,West,Liquid,43.14261095374499
237,North,Total,85.18685936070192
237,North,Solids,27.351268816580298
237,North,Liquid,59.05223638448449
237,South,Total,90.78167957255549
237,South,Solids,31.74744044468189
237,South,Liquid,59.601821826528415
237,West,Total,87.82451967633996
237,West,Solids,29.453711608734878
237,West,Liquid,59.27307659178545
238,North,Total,86.66237466234266
238,North,Solids,36.374911047321426
238,North,Liquid,48.05194231838348
238,South,Total,91.80215645816033
238,South,Solids,42.326236256205426
238,South,Liquid,48.34102731248006
238,West,Total,89.04835066634547
238,West,Solids,39.28311490576251
238,West,Liquid,48.087937540436755
239,North,Total,73.18466265168878
239,North,Solids,31.178614778604285
239,North,Liquid,42.04082134705807
239,South,Total,81.11398873629858
239,South,Solids,36.35613401520452
239,South,Liquid,44.01648314439912
239,West,Total,77.86170399031951
239,West,Solids,33.65050737978881
239,West,Liquid,44.04043046178817
240,North,Total,78.32606686465914
240,North,Solids,30.83593255108595
240,North,Liquid,55.286676548656445
240,South,Total,87.53623238285334
240,South,Solids,35.746192947539626
240,South,Liquid,55.669297048113656
240,West,Total,82.82931222124488
240,West,Solids,33.26577208471434
240,West,Liquid,55.335593132170345
241,North,Total,79.44038123248488
241,North,Solids,41.815643827116475
241,North,Liquid,40.979798100454836
241,South,Total,88.0788789097318
241,South,Solids,48.34880460731331
241,South,Liquid,41.338610093200316
241,West,Total,83.4406812312961
241,West,Solids,44.83628245820832
241,West,Liquid,41.15570576295738
242,North,Total,80.09491320632858
242,North,Solids,46.44963987302565
242,North,Liquid,32.126120069134416
242,South,Total,87.58776924312535
242,South,Solids,54.328597266774715
242,South,Liquid,32.69055214675563
242,West,Total,84.02030063361198
242,West,Solids,50.334032314481135
242,West,Liquid,32.58986203686581
243,North,Total,81.71341698179137
243,North,Solids,32.59302222862236
243,North,Liquid,53.23313329503652
243,South,Total,89.36619217900503
243,South,Solids,37.83168568495244
243,South,Liquid,53.57416478832663
243,West,Total,85.33492484271356
243,West,Solids,35.12693522624574
243,West,Liquid,53.27803477892608
244,North,Total,83.04767400053183
244,North,Solids,34.55634228124336
244,North,Liquid,46.93023156216071
244,South,Total,88.37297866814691
244,South,Solids,40.02167321422791
244,South,Liquid,47.85457010377276
244,West,Total,85.97324682796052
244,West,Solids,37.18660447064679
244,West,Liquid,47.676880348797916
245,North,Total,77.5788436218016
245,North,Solids,48.53558208395015
245,North,Liquid,28.210944556880758
245,South,Total,86.25311893460629
245,South,Solids,57.18700441786824
245,South,Liquid,28.781212934472993
245,West,Total,82.05307602349355
245,West,Solids,52.76382464200196
245,West,Liquid,28.692775178715973
246,North,Total,78.57142212726147
246,North,Solids,43.20609413354541
246,North,Liquid,37.2662852558167
246,South,Total,87.23294369514511
246,South,Solids,49.94801647537365
246,South,Liquid,37.93283718796777
246,West,Total,82.9102909375542
246,West,Solids,46.48443755682573
246,West,Liquid,37.77222903322542
247,North,Total,82.38614361311983
247,North,Solids,45.90963263054555
247,North,Liquid,36.80143094831907
247,South,Total,89.54750937195975
247,South,Solids,52.71240897575878
247,South,Liquid,37.00508797931509
247,West,Total,85.63578272937482
247,West,Solids,49.045132535345196
247,West,Liquid,36.84210156137559
248,North,Total,83.64163694288685
248,North,Solids,34.560521466424156
248,North,Liquid,50.82753373384611
248,South,Total,90.30947365311285
248,South,Solids,39.974664903997315
248,South,Liquid,51.18500808240759
248,West,Total,86.85145859455511
248,West,Solids,37.23497651584956
248,West,Liquid,50.90493347684792
249,North,Total,82.84782857602109
249,North,Solids,44.596812403169736
249,North,Liquid,38.05266109453949
249,South,Total,89.94297905711373
249,South,Solids,51.54512879277756
249,South,Liquid,38.29945044400121
249,West,Total,86.0982889840438
249,West,Solids,47.83550643729983
249,West,Liquid,38.11229370179936
250,North,Total,74.48217376743483
250,North,Solids,42.10436746791227
250,North,Liquid,32.350169673879556
250,South,Total,82.5641034933274
250,South,Solids,48.924839407574005
250,South,Liquid,33.6750988037539
250,West,Total,79.09957690453673
250,West,Solids,45.44830923216722
250,West,Liquid,33.64357704128037
251,North,Total,83.90945533918972
251,North,Solids,29.746898584331777
251,North,Liquid,54.45789347531257
251,South,Total,89.47950695597135
251,South,Solids,34.3753975661777
251,South,Liquid,55.226831311552175
251,West,Total,86.71801071642575
251,West,Solids,32.06198968769996
251,West,Liquid,54.865676388763696
252,North,Total,77.5704704771496
252,North,Solids,44.047013406611626
252,North,Liquid,34.49338929667592
252,South,Total,86.55031620110259
252,South,Solids,51.86024959981073
252,South,Liquid,35.07419586215787
252,West,Total,82.09546363264974
252,West,Solids,47.85433743618843
252,West,Liquid,34.94925561228415
253,North,Total,82.17651446525406
253,North,Solids,41.456781850166216
253,North,Liquid,40.43529103561634
253,South,Total,89.35589243211528
253,South,Solids,48.44943892231591
253,South,Liquid,40.76870494423576
253,West,Total,85.52893170824727
253,West,Solids,44.795750060053905
253,West,Liquid,40.520991264948755
254,North,Total,85.30684083747119
254,North,Solids,40.527441759527676
254,North,Liquid,42.2613117871668
254,South,Total,90.86190299005906
254,South,Solids,47.023668980265384
254,South,Liquid,42.5925840895861
254,West,Total,87.8555226259931
254,West,Solids,43.624656141971776
254,West,Liquid,42.34004586344741
255,North,Total,76.80806818760264
255,North,Solids,44.43077186500564
255,North,Liquid,32.2737874249185
255,South,Total,85.27328900230647
255,South,Solids,52.1190671746499
255,South,Liquid,33.13491499967482
255,West,Total,81.24832104429697
255,West,Solids,48.13747590092881
255,West,Liquid,33.0403358823465
256,North,Total,79.70885484448351
256,North,Solids,33.1124626298787
256,North,Liquid,51.293797415627814
256,South,Total,88.59963787116212
256,South,Solids,39.32756881419684
256,South,Liquid,51.584161371523365
256,West,Total,83.95997698676328
256,West,Solids,36.13595255994302
256,West,Liquid,51.32120115143911
257,North,Total,76.57705685719837
257,North,Solids,42.90055059584328
257,North,Liquid,33.279110957677915
257,South,Total,84.59630172107005
257,South,Solids,50.28993766092101
257,South,Liquid,34.324734192266334
257,West,Total,80.96564239348737
257,West,Solids,46.51859855513248
257,West,Liquid,34.209941424084654
258,North,Total,84.6283200039152
258,North,Solids,34.937859368955685
258,North,Liquid,50.94546012514436
258,South,Total,90.9052392099439
258,South,Solids,40.35101383834965
258,South,Liquid,51.20312319051823
258,West,Total,87.59106371852974
258,West,Solids,37.54322039425882
258,West,Liquid,51.00429100517685
259,North,Total,87.9313392385487
259,North,Solids,35.4577286165418
259,North,Liquid,49.08925824910217
259,South,Total,92.15743611623579
259,South,Solids,41.00514629207479
259,South,Liquid,49.50006828829919
259,West,Total,89.89506288865022
259,West,Solids,38.06044598482977
259,West,Liquid,49.26746250914377
260,North,Total,78.36993329853777
260,North,Solids,33.58468354061041
260,North,Liquid,47.03944993178671
260,South,Total,86.52849349596849
260,South,Solids,39.20209216257645
260,South,Liquid,48.03464775547529
260,West,Total,82.65562424651465
260,West,Solids,36.346071597728766
260,West,Liquid,47.910688853209024
261,North,Total,79.93112962471568
261,North,Solids,46.17304937395095
261,North,Liquid,35.01015686257939
261,South,Total,88.33756088783575
261,South,Solids,53.688926851688436
261,South,Liquid,35.264299929135426
261,West,Total,83.84186949510328
261,West,Solids,49.74017242908309
261,West,Liquid,35.03730066826929
262,North,Total,83.79125779890572
262,North,Solids,36.51396745785895
262,North,Liquid,48.02415734255601
262,South,Total,90.3379966184592
262,South,Solids,42.40001948207174
262,South,Liquid,48.31658271348266
262,West,Total,86.88489909226995
262,West,Solids,39.383532264733454
262,West,Liquid,48.06181763954457
263,North,Total,77.9500919793351
263,North,Solids,34.976958917028334
263,North,Liquid,44.661968111032095
263,South,Total,86.00264206983522
263,South,Solids,40.50825019894309
263,South,Liquid,45.79956851515265
263,West,Total,82.19553137410449
263,West,Solids,37.6641816970983
263,West,Liquid,45.676698702202685
264,North,Total,81.95079687103154
264,North,Solids,28.56278483794073
264,North,Liquid,56.267467652068625
264,South,Total,89.05166949091826
264,South,Solids,33.693625647241134
264,South,Liquid,56.75843646775191
264,West,Total,85.26518565462689
264,West,Solids,31.06400273359538
264,West,Liquid,56.32105365205526
265,North,Total,75.93394367491666
265,North,Solids,41.928496931667205
265,North,Liquid,35.49063916017094
265,South,Total,85.09876699413526
265,South,Solids,48.87737308130193
265,South,Liquid,36.4590166002206
265,West,Total,80.66584725325427
265,West,Solids,45.307073224717136
265,West,Liquid,36.35790996427496
266,North,Total,80.05031211566481
266,North,Solids,42.240326724535485
266,North,Liquid,39.19826298582455
266,South,Total,88.30620987993734
266,South,Solids,49.389723047868415
266,South,Liquid,39.5712795656609
266,West,Total,84.1233023357803
266,West,Solids,45.76663692156674
266,West,Liquid,39.38333289924903
267,North,Total,82.3225193063299
267,North,Solids,36.831829326067826
267,North,Liquid,45.2588143877201
267,South,Total,89.17777995169452
267,South,Solids,43.29349626638014
267,South,Liquid,45.780323648564426
267,West,Total,85.74701680131139
267,West,Solids,40.033007799756106
267,West,Liquid,45.54487464350766
268,North,Total,77.15590536444448
268,North,Solids,43.78746984445385
268,North,Liquid,34.33757433097831
268,South,Total,86.12994793018069
268,South,Solids,51.3936487513777
268,South,Liquid,35.05233502268372
268,West,Total,81.70645864683658
268,West,Solids,47.442098827387305
268,West,Liquid,34.96397022574926
269,North,Total,78.94817227759422
269,North,Solids,42.850958129324034
269,North,Liquid,38.37940622720482
269,South,Total,87.60632557943369
269,South,Solids,49.835423786561876
269,South,Liquid,38.81175634080852
269,West,Total,83.07109339504622
269,West,Solids,46.16484512805556
269,West,Liquid,38.60518907313753
270,North,Total,79.85469585683528
270,North,Solids,37.25038629882088
270,North,Liquid,47.29767654739358
270,South,Total,88.2640176913104
270,South,Solids,42.98422228058656
270,South,Liquid,47.629666572012866
270,West,Total,83.85257873055653
270,West,Solids,40.00617793637727
270,West,Liquid,47.37885149259611
271,North,Total,76.30130382296257
271,North,Solids,30.891397388670892
271,North,Liquid,47.31226577163487
271,South,Total,84.70633506828774
271,South,Solids,36.0864631275365
271,South,Liquid,48.73197895651943
271,West,Total,80.73539856113786
271,West,Solids,33.377846210336394
271,West,Liquid,48.59912953712406
272,North,Total,74.62643482159307
272,North,Solids,36.43008033926542
272,North,Liquid,38.373972935590196
272,South,Total,82.68003030358362
272,South,Solids,42.27942987756945
272,South,Liquid,39.988008890613614
272,West,Total,79.25777517249348
272,West,Solids,39.24791815654287
272,West,Liquid,40.02152577739549
273,North,Total,72.01520652420274
273,North,Solids,44.571883070505926
273,North,Liquid,27.406739333684627
273,South,Total,80.6788254424443
273,South,Solids,52.38065707435536
273,South,Liquid,28.74661507619208
273,West,Total,77.0155193906309
273,West,Solids,48.27883046250482
273,West,Liquid,28.82001721912044
274,North,Total,77.3485831963576
274,North,Solids,44.432855079377426
274,North,Liquid,36.49579653349835
274,South,Total,87.22625398023904
274,South,Solids,52.242590017222724
274,South,Liquid,36.74502727777908
274,West,Total,82.15342936171014
274,West,Solids,48.25521296715824
274,West,Liquid,36.568634270712984
275,North,Total,79.04629130047726
275,North,Solids,40.86220725688096
275,North,Liquid,41.25796232991424
275,South,Total,87.90143256806367
275,South,Solids,47.66616088977559
275,South,Liquid,41.66179302360738
275,West,Total,83.27762759840446
275,West,Solids,44.10019711218234
275,West,Liquid,41.47595235044385
276,North,Total,81.30328060119582
276,North,Solids,37.961107748425135
276,North,Liquid,44.37870066757492
276,South,Total,89.0418215184104
276,South,Solids,44.83856702199081
276,South,Liquid,44.70846834917611
276,West,Total,84.90445837194949
276,West,Solids,41.25156313169
276,West,Liquid,44.4248062058003
277,North,Total,78.68805986390228
277,North,Solids,32.108524049810086
277,North,Liquid,51.868415250295016
277,South,Total,87.71716946690148
277,South,Solids,37.93281588406855
277,South,Liquid,52.30754585729471
277,West,Total,83.11893912631774
277,West,Solids,35.0112410374288
277,West,Liquid,51.969159950154996
278,North,Total,79.47860533355978
278,North,Solids,38.316463186484526
278,North,Liquid,45.95796205994813
278,South,Total,88.36962517210229
278,South,Solids,44.4327544694393
278,South,Liquid,46.267215977409904
278,West,Total,83.85399157905546
278,West,Solids,41.358758611299244
278,West,Liquid,46.024627630394086
279,North,Total,79.88090784283345
279,North,Solids,36.93438270350946
279,North,Liquid,44.76359379725884
279,South,Total,87.66413552671877
279,South,Solids,43.14569341421888
279,South,Liquid,45.34841505316077
279,West,Total,83.73064721621168
279,West,Solids,39.941723967021
279,West,Liquid,45.146671936527326
280,North,Total,86.38995285756751
280,North,Solids,26.799080201924948
280,North,Liquid,60.59552102615762
280,South,Total,91.8998797905623
280,South,Solids,31.431686501239042
280,South,Liquid,60.95533899626957
280,West,Total,88.94655628029088
280,West,Solids,29.050815955791915
280,West,Liquid,60.63993417830487
281,North,Total,81.85058492197787
281,North,Solids,32.92876137763774
281,North,Liquid,52.23230528775321
281,South,Total,89.15349609917132
281,South,Solids,38.021640691866146
281,South,Liquid,52.709491184055594
281,West,Total,85.269352771345865
281,West,Solids,35.32337881781135
281,West,Liquid,52.435410697725104
282,North,Total,76.83823201966837
282,North,Solids,46.697629595601505
282,North,Liquid,32.35830297025416
282,South,Total,86.53881164007504
282,South,Solids,54.791582929941754
282,South,Liquid,32.749939023188496
282,West,Total,81.62851897863746
282,West,Solids,50.67243070999079
282,West,Liquid,32.588843819534375
283,North,Total,79.96396740795348
283,North,Solids,39.70268590160824
283,North,Liquid,43.26648783109634
283,South,Total,88.5007920896372
283,South,Solids,46.35339053413682
283,South,Liquid,43.5929870242109
283,West,Total,84.06328268511024
283,West,Solids,42.93635073040533
283,West,Liquid,43.35199873040703
284,North,Total,79.8628210201642
284,North,Solids,34.97253225472835
284,North,Liquid,47.51025814043162
284,South,Total,88.0836461460181
284,South,Solids,41.18852963245728
284,South,Liquid,48.06726467252933
284,West,Total,83.8875582607738
284,West,Solids,37.96832091671986
284,West,Liquid,47.86152328259812
285,North,Total,80.68412376260622
285,North,Solids,39.04904429435633
285,North,Liquid,43.70890214336974
285,South,Total,88.8504142415414
285,South,Solids,45.81078640071119
285,South,Liquid,44.041474710087044
285,West,Total,84.67662559720287
285,West,Solids,42.37740858859293
285,West,Liquid,43.838663082950866
286,North,Total,75.84086916289716
286,North,Solids,43.47356645550693
286,North,Liquid,33.823861878871284
286,South,Total,85.37972763574146
286,South,Solids,51.056739483980365
286,South,Liquid,34.65819480754476
286,West,Total,80.75408032420144
286,West,Solids,47.21861886647636
286,West,Liquid,34.513633756895395
287,North,Total,83.47152940421087
287,North,Solids,33.97814866548804
287,North,Liquid,49.98751481596757
287,South,Total,89.79754983024615
287,South,Solids,39.48494564622311
287,South,Liquid,50.536580785970784
287,West,Total,86.41376567357895
287,West,Solids,36.48016489201827
287,West,Liquid,50.30829579057219
288,North,Total,83.59251337737545
288,North,Solids,34.87157683399312
288,North,Liquid,50.18602772352717
288,South,Total,90.22502923715055
288,South,Solids,40.40633559263709
288,South,Liquid,50.53886606622802
288,West,Total,86.63662381601394
288,West,Solids,37.48157137009053
288,West,Liquid,50.256558818213534
289,North,Total,80.04697998574873
289,North,Solids,40.47415132016926
289,North,Liquid,40.379116341957484
289,South,Total,87.72643324929912
289,South,Solids,47.01189737250386
289,South,Liquid,41.030174403815586
289,West,Total,83.74341057092258
289,West,Solids,43.48952298374097
289,West,Liquid,40.85214296131921
290,North,Total,77.59610180597493
290,North,Solids,34.614153684787254
290,North,Liquid,44.103984209430394
290,South,Total,85.62027173613717
290,South,Solids,40.66652826067148
290,South,Liquid,45.21777946677854
290,West,Total,81.96491169421209
290,West,Solids,37.622271301521046
290,West,Liquid,45.11062836992361
291,North,Total,82.23108086107445
291,North,Solids,38.32895126160814
291,North,Liquid,45.44790432123052
291,South,Total,89.18059848828457
291,South,Solids,44.006798181662575
291,South,Liquid,45.903897623145774
291,West,Total,85.429038102189935
291,West,Solids,40.94723127396425
291,West,Liquid,45.650094486530506
292,North,Total,77.38118693178097
292,North,Solids,38.63137328215153
292,North,Liquid,42.11517107483838
292,South,Total,86.68986822252519
292,South,Solids,45.5581883698056
292,South,Liquid,42.64741120026416
292,West,Total,81.98005642582652
292,West,Solids,42.02365549037522
292,West,Liquid,42.43748623226762
293,North,Total,82.76695595043397
293,North,Solids,29.307220767212762
293,North,Liquid,54.34711412487647
293,South,Total,89.09685482154025
293,South,Solids,34.26076781045292
293,South,Liquid,55.17080114166156
293,West,Total,85.94614789298957
293,West,Solids,31.713491113560032
293,West,Liquid,54.861140608449496
294,North,Total,78.15029885751645
294,North,Solids,35.42277008931975
294,North,Liquid,45.760740129480695
294,South,Total,86.95040565889023
294,South,Solids,41.48946143880408
294,South,Liquid,46.561352378533115
294,West,Total,82.51029138414752
294,West,Solids,38.33144943734909
294,West,Liquid,46.360674164510854
295,North,Total,84.62595891976589
295,North,Solids,25.248861851675315
295,North,Liquid,60.83273783456846
295,South,Total,90.30181096625853
295,South,Solids,29.4380857390509
295,South,Liquid,61.51596478799978
295,West,Total,87.4561724205179
295,West,Solids,27.297026593776387
295,West,Liquid,61.22889099393834
296,North,Total,76.58401041746187
296,North,Solids,39.86927447021861
296,North,Liquid,41.13934523350836
296,South,Total,86.35490352902168
296,South,Solids,46.63632292987585
296,South,Liquid,41.67656670167717
296,West,Total,81.29651317045783
296,West,Solids,43.10756279573658
296,West,Liquid,41.46983280360612
297,North,Total,82.45979454162742
297,North,Solids,39.97340257908166
297,North,Liquid,41.255017026764556
297,South,Total,89.01988754563635
297,South,Solids,46.67055079739002
297,South,Liquid,41.84275239079591
297,West,Total,85.82534808491084
297,West,Solids,43.23500719581631
297,West,Liquid,41.690042821978196
298,North,Total,81.74414267425993
298,North,Solids,39.87484371273763
298,North,Liquid,42.111377898051735
298,South,Total,89.36400754613894
298,South,Solids,47.10826727025809
298,South,Liquid,42.37709561766961
298,West,Total,85.34057801986336
298,West,Solids,43.34671618323274
298,West,Liquid,42.17660498393466
299,North,Total,79.68786162635453
299,North,Solids,36.05899232994604
299,North,Liquid,44.63853773599629
299,South,Total,87.47357813305071
299,South,Solids,42.56637895243558
299,South,Liquid,45.327234939283635
299,West,Total,83.52326810995741
299,West,Solids,39.16027846722418
299,West,Liquid,45.106267964824674
300,North,Total,84.54442809223984
300,North,Solids,30.152636925329407
300,North,Liquid,53.9948688555995
300,South,Total,89.82002052179097
300,South,Solids,34.86052483549122
300,South,Liquid,54.80686029899713
300,West,Total,87.2153970845545
300,West,Solids,32.35032000007511
300,West,Liquid,54.57414098646608
301,North,Total,80.47070503448937
301,North,Solids,50.89658292273121
301,North,Liquid,28.45412604551263
301,South,Total,87.72131960468637
301,South,Solids,58.371996457462124
301,South,Liquid,29.00782800020586
301,West,Total,84.13997664705269
301,West,Solids,54.449542740856174
301,West,Liquid,28.894386004316086
302,North,Total,81.99045192672331
302,North,Solids,37.632395001881825
302,North,Liquid,45.1854665824327
302,South,Total,89.48991897932382
302,South,Solids,44.4298275477553
302,South,Liquid,45.47252216266464
302,West,Total,85.60078061798183
302,West,Solids,40.98555486551887
302,West,Liquid,45.2310442740836
303,North,Total,78.02767609158352
303,North,Solids,47.406256369233226
303,North,Liquid,32.203778919132354
303,South,Total,87.54898576851427
303,South,Solids,55.97001245644995
303,South,Liquid,32.38068872557475
303,West,Total,82.59917758695434
303,West,Solids,51.56865637789817
303,West,Liquid,32.220319160860214
304,North,Total,75.17252736140982
304,North,Solids,44.46451876369359
304,North,Liquid,33.5188499519301
304,South,Total,85.40794768030015
304,South,Solids,52.009229243383025
304,South,Liquid,34.25563006313492
304,West,Total,80.25412163057497
304,West,Solids,48.092383010146825
304,West,Liquid,34.18729740489037
305,North,Total,78.89233256133262
305,North,Solids,47.39666044409116
305,North,Liquid,33.493593804211024
305,South,Total,87.83406619998637
305,South,Solids,54.95163384599844
305,South,Liquid,33.81151688293305
305,West,Total,83.0680605521899
305,West,Solids,50.93278980788965
305,West,Liquid,33.62930077054353
306,North,Total,78.37026675673062
306,North,Solids,43.392879798171315
306,North,Liquid,38.994702871873585
306,South,Total,87.47237592536968
306,South,Solids,50.022392457018604
306,South,Liquid,39.356325848806364
306,West,Total,82.67918785079614
306,West,Solids,46.544821584291554
306,West,Liquid,39.130393177327264
307,North,Total,79.98672278766344
307,North,Solids,32.66508753422676
307,North,Liquid,51.969820400938126
307,South,Total,88.56843180574057
307,South,Solids,38.56279855234846
307,South,Liquid,52.306583473075264
307,West,Total,84.06542030445155
307,West,Solids,35.49129923517918
307,West,Liquid,52.07917536849364
308,North,Total,79.35177250690457
308,North,Solids,47.121712176263316
308,North,Liquid,33.48886492104866
308,South,Total,87.89624886789098
308,South,Solids,54.539248696481756
308,South,Liquid,33.897641237929165
308,West,Total,83.39271753600589
308,West,Solids,50.62112135749411
308,West,Liquid,33.693881614837856
309,North,Total,81.04110090468552
309,North,Solids,44.78690687564844
309,North,Liquid,37.12905201463077
309,South,Total,88.90672640243066
309,South,Solids,51.931869464861094
309,South,Liquid,37.40414057262727
309,West,Total,84.74925867728331
309,West,Solids,48.20970727916756
309,West,Liquid,37.1940365876591
310,North,Total,76.30775070631618
310,North,Solids,35.345124299792104
310,North,Liquid,42.224391106048685
310,South,Total,84.73279431178236
310,South,Solids,41.358419129797824
310,South,Liquid,43.47368382583366
310,West,Total,80.75496864560111
310,West,Solids,38.24815690904379
310,West,Liquid,43.32216783333865
311,North,Total,80.30018261550872
311,North,Solids,48.45339329294511
311,North,Liquid,30.759853490536994
311,South,Total,88.66718937938151
311,South,Solids,57.1369623984446
311,South,Liquid,31.015607247488035
311,West,Total,84.34971664923748
311,West,Solids,52.66358285414249
311,West,Liquid,30.87759612276009
312,North,Total,83.68803693641136
312,North,Solids,34.653235085471565
312,North,Liquid,48.45560318953738
312,South,Total,89.6937075564213
312,South,Solids,40.41134192475229
312,South,Liquid,49.01716116287231
312,West,Total,86.57267867701844
312,West,Solids,37.368143187640285
312,West,Liquid,48.77063034716513
313,North,Total,78.1346642453008
313,North,Solids,40.17476371004772
313,North,Liquid,42.1499639324649
313,South,Total,87.03510281623014
313,South,Solids,46.51680796328135
313,South,Liquid,42.56772169741203
313,West,Total,82.32574482079087
313,West,Solids,43.157614364121905
313,West,Liquid,42.35542148613933
314,North,Total,82.6215755767542
314,North,Solids,35.19774636150787
314,North,Liquid,49.09904104649115
314,South,Total,89.5885136938161
314,South,Solids,40.95170739934228
314,South,Liquid,49.46718214206929
314,West,Total,85.94923206724081
314,West,Solids,38.02014341739624
314,West,Liquid,49.174548602519906
315,North,Total,77.072634796833
315,North,Solids,33.20565566287395
315,North,Liquid,46.908921838137104
315,South,Total,86.02371462461164
315,South,Solids,39.04767425477946
315,South,Liquid,47.91813689246007
315,West,Total,81.66683044363789
315,West,Solids,36.053466453567296
315,West,Liquid,47.763661033114076
316,North,Total,82.0079408103783
316,North,Solids,49.05838884699417
316,North,Liquid,31.290301456744597
316,South,Total,89.41110243759796
316,South,Solids,57.080812817896096
316,South,Liquid,31.50422353525967
316,West,Total,85.46622627176404
316,West,Solids,52.881128852800906
316,West,Liquid,31.33561959041225
317,North,Total,86.03235261915859
317,North,Solids,42.27128276632959
317,North,Liquid,38.96861254038766
317,South,Total,91.34033086381275
317,South,Solids,49.71154312558215
317,South,Liquid,39.27797223619311
317,West,Total,88.6304470343056
317,West,Solids,45.894418742700694
317,West,Liquid,39.12811823806215
318,North,Total,81.3579637855473
318,North,Solids,39.74179874462362
318,North,Liquid,42.34756986523604
318,South,Total,89.12379708327073
318,South,Solids,46.812514037833324
318,South,Liquid,42.66775194342999
318,West,Total,85.08249642660299
318,West,Solids,43.16152212637316
318,West,Liquid,42.46868040463161
319,North,Total,82.8049460412361
319,North,Solids,45.84471267385062
319,North,Liquid,33.99391805191743
319,South,Total,89.84637728795855
319,South,Solids,54.150303127619715
319,South,Liquid,34.21574687198237
319,West,Total,86.18196033218567
319,West,Solids,49.947481318419726
319,West,Liquid,34.02795384614441
320,North,Total,83.06595125022251
320,North,Solids,29.808139243370036
320,North,Liquid,54.851466017194625
320,South,Total,89.22509114380621
320,South,Solids,34.39233377041588
320,South,Liquid,55.554121028128876
320,West,Total,85.99748472044828
320,West,Solids,31.89474378729877
320,West,Liquid,55.320980052348766
321,North,Total,88.6113270854782
321,North,Solids,12.77696761251573
321,North,Liquid,77.1407568342069
321,South,Total,92.30583168137373
321,South,Solids,15.04530367996661
321,South,Liquid,77.87931245146305
321,West,Total,90.41748471682506
321,West,Solids,13.897854105156105
321,West,Liquid,77.48476080793894
322,North,Total,79.82785499928849
322,North,Solids,42.955310496267515
322,North,Liquid,37.12251254193306
322,South,Total,87.7515371901885
322,South,Solids,50.16773818229936
322,South,Liquid,37.68513722454712
322,West,Total,83.75073105093387
322,West,Solids,46.40454376256177
322,West,Liquid,37.52971867292526
323,North,Total,82.01636722196511
323,North,Solids,30.669990191891927
323,North,Liquid,54.41218847020901
323,South,Total,89.38476652140935
323,South,Solids,35.97524058244703
323,South,Liquid,54.86692466895102
323,West,Total,85.42163010990727
323,West,Solids,33.16116203524859
323,West,Liquid,54.55386569642925
324,North,Total,80.48872248971641
324,North,Solids,45.77367515371061
324,North,Liquid,34.7227432601917
324,South,Total,88.46311734753222
324,South,Solids,53.367198811513916
324,South,Liquid,35.09937419314059
324,West,Total,84.29940286142725
324,West,Solids,49.412975721655705
324,West,Liquid,34.8920794116491
325,North,Total,90.08508916479767
325,North,Solids,19.68844262417249
325,North,Liquid,70.84727310197944
325,South,Total,93.63673027875214
325,South,Solids,22.62123904889425
325,South,Liquid,71.24436629229469
325,West,Total,91.62114161755565
325,West,Solids,21.06203304058709
325,West,Liquid,70.90214761869375
326,North,Total,77.87126907739884
326,North,Solids,34.49623807613867
326,North,Liquid,45.13413266141194
326,South,Total,86.18580079972894
326,South,Solids,40.51548340138932
326,South,Liquid,46.15810761984021
326,West,Total,82.15859598561917
326,West,Solids,37.387711723999594
326,West,Liquid,46.0070568968998
327,North,Total,78.62571604864102
327,North,Solids,34.41667046122951
327,North,Liquid,47.34714297145654
327,South,Total,86.86264202072448
327,South,Solids,39.30636957535257
327,South,Liquid,48.36689017563124
327,West,Total,82.66504597152809
327,West,Solids,36.72117024599704
327,West,Liquid,48.13373256412434
328,North,Total,83.96642372934777
328,North,Solids,46.452664196341956
328,North,Liquid,34.961314961574594
328,South,Total,90.34990480664466
328,South,Solids,53.85286443970714
328,South,Liquid,35.20853973054553
328,West,Total,86.93724796945978
328,West,Solids,49.88511084713234
328,West,Liquid,35.08356931844232
329,North,Total,80.20673587029486
329,North,Solids,38.43839657326743
329,North,Liquid,44.7741348134585
329,South,Total,88.5247967221134
329,South,Solids,44.52344595112798
329,South,Liquid,45.28754407170199
329,West,Total,84.28595272466997
329,West,Solids,41.39663119389232
329,West,Liquid,45.07688719438786
330,North,Total,73.94211333401877
330,North,Solids,31.825975804308165
330,North,Liquid,42.27944200861729
330,South,Total,81.59737841165445
330,South,Solids,37.207880685422005
330,South,Liquid,44.09650061528879
330,West,Total,78.41519770413313
330,West,Solids,34.40280028043522
330,West,Liquid,44.037848224401
331,North,Total,82.18724071928513
331,North,Solids,44.23050974944096
331,North,Liquid,36.27909805617605
331,South,Total,88.22573792525094
331,South,Solids,50.71850441753416
331,South,Liquid,36.960888409490344
331,West,Total,85.28787272046614
331,West,Solids,47.36949562078433
331,West,Liquid,36.747076218385885
332,North,Total,80.01872302784389
332,North,Solids,53.0436850765246
332,North,Liquid,27.258599692229897
332,South,Total,88.64612185701937
332,South,Solids,61.32518353760904
332,South,Liquid,27.456307288628288
332,West,Total,84.13611441407642
332,West,Solids,57.039211644992726
332,West,Liquid,27.306725320225333
333,North,Total,79.12033601336385
333,North,Solids,38.28598746639394
333,North,Liquid,44.49559898156736
333,South,Total,87.81779158615957
333,South,Solids,44.56462593702606
333,South,Liquid,44.954695858025076
333,West,Total,83.32249988983577
333,West,Solids,41.29960126647883
333,West,Liquid,44.76002424677083
334,North,Total,80.37810925416639
334,North,Solids,30.09136339352129
334,North,Liquid,55.70326280892151
334,South,Total,88.55469130057185
334,South,Solids,35.00185022104939
334,South,Liquid,56.1624434189376
334,West,Total,84.17237581397197
334,West,Solids,32.389593835532516
334,West,Liquid,55.86125283290322
335,North,Total,80.13638341202876
335,North,Solids,39.11370816666781
335,North,Liquid,44.00359465120904
335,South,Total,88.51050870231578
335,South,Solids,45.63331998100834
335,South,Liquid,44.33433101808163
335,West,Total,84.11289051248107
335,West,Solids,42.231149038138405
335,West,Liquid,44.122816462202266
336,North,Total,82.42412667499232
336,North,Solids,30.923957961090405
336,North,Liquid,54.93481910418616
336,South,Total,89.66510020086513
336,South,Solids,35.94926604862783
336,South,Liquid,55.35521343352882
336,West,Total,85.83903111812874
336,West,Solids,33.364518899360476
336,West,Liquid,54.99838466533329
337,North,Total,77.08365695988786
337,North,Solids,38.63941912357664
337,North,Liquid,43.59476215762792
337,South,Total,86.94744407838155
337,South,Solids,45.44319597262034
337,South,Liquid,43.97479868823173
337,West,Total,81.74463999928801
337,West,Solids,41.854051514288315
337,West,Liquid,43.7754307556817
338,North,Total,72.05117312172226
338,North,Solids,29.812520960680448
338,North,Liquid,42.30934072692236
338,South,Total,79.8589362731063
338,South,Solids,35.14893602631096
338,South,Liquid,44.34812782520618
338,West,Total,76.8813463898077
338,West,Solids,32.42396937593426
338,West,Liquid,44.404682503490584
339,North,Total,73.70722279020747
339,North,Solids,43.4738645094105
339,North,Liquid,31.099486450151616
339,South,Total,83.45107214329872
339,South,Solids,51.22903913340796
339,South,Liquid,32.16518843440554
339,West,Total,78.79177083963835
339,West,Solids,47.22847244067401
339,West,Liquid,32.09876868525577
340,North,Total,82.21256250577655
340,North,Solids,41.60508333086763
340,North,Liquid,39.66574095495582
340,South,Total,89.06750238346825
340,South,Solids,48.52589205633907
340,South,Liquid,40.09945491224795
340,West,Total,85.5893334172322
340,West,Solids,44.959662925323705
340,West,Liquid,39.92487779200384
341,North,Total,78.20841872760185
341,North,Solids,41.33906939675147
341,North,Liquid,38.8923263409554
341,South,Total,86.95650753829891
341,South,Solids,48.079031023986765
341,South,Liquid,39.58860577594507
341,West,Total,82.52148101377675
341,West,Solids,44.568673387231954
341,West,Liquid,39.39689555801881
342,North,Total,83.40812689142598
342,North,Solids,37.07442746565251
342,North,Liquid,47.198100490504174
342,South,Total,90.246041252744
342,South,Solids,43.10792690903941
342,South,Liquid,47.55135715482377
342,West,Total,86.63578643084793
342,West,Solids,39.953740418080876
342,West,Liquid,47.32802250750693
343,North,Total,76.33960774171325
343,North,Solids,47.21743095471944
343,North,Liquid,29.55700049238524
343,South,Total,85.45815213339549
343,South,Solids,55.121458092856734
343,South,Liquid,30.377135954926064
343,West,Total,81.06665727408819
343,West,Solids,51.067055305474774
343,West,Liquid,30.27883211830368
344,North,Total,84.48981914201063
344,North,Solids,43.73797842247637
344,North,Liquid,37.772200169170354
344,South,Total,90.52906466057895
344,South,Solids,51.01338708535843
344,South,Liquid,38.074342982401355
344,West,Total,87.25610228158264
344,West,Solids,47.19104093884755
344,West,Liquid,37.84092824556487
345,North,Total,81.87900215955293
345,North,Solids,35.00662001206526
345,North,Liquid,47.37076183185769
345,South,Total,88.53336686072603
345,South,Solids,40.63615240964921
345,South,Liquid,48.0999100085006
345,West,Total,85.197344060808
345,West,Solids,37.64555164691373
345,West,Liquid,47.92304920255366
346,North,Total,85.03997989824741
346,North,Solids,24.203490556871603
346,North,Liquid,63.21218850371497
346,South,Total,90.76168702663657
346,South,Solids,28.30512215969609
346,South,Liquid,63.65736913807076
346,West,Total,87.65512138285946
346,West,Solids,26.178692812107947
346,West,Liquid,63.260881811081305
347,North,Total,78.44631411683568
347,North,Solids,28.92110779572495
347,North,Liquid,50.92144250411083
347,South,Total,85.68236402755642
347,South,Solids,33.33193397753839
347,South,Liquid,52.37906799151051
347,West,Total,82.25562553600847
347,West,Solids,30.933778375038578
347,West,Liquid,52.26369458463031
348,North,Total,77.1283925847537
348,North,Solids,43.55658234421105
348,North,Liquid,34.17501569299663
348,South,Total,85.31661831317533
348,South,Solids,50.34091552466856
348,South,Liquid,35.08767634053393
348,West,Total,81.4349489173271
348,West,Solids,46.86822756523856
348,West,Liquid,34.97750826668757
349,North,Total,78.6304438146771
349,North,Solids,27.962309562988985
349,North,Liquid,55.855743286986005
349,South,Total,87.28288439958065
349,South,Solids,32.684404673706624
349,South,Liquid,56.69573979485391
349,West,Total,82.94836737298328
349,West,Solids,30.270534998437338
349,West,Liquid,56.430706734161426
350,North,Total,65.85953541361513
350,North,Solids,34.080635093834474
350,North,Liquid,29.786699209035277
350,South,Total,74.87616163556808
350,South,Solids,39.80029026484866
350,South,Liquid,32.1679660973259
350,West,Total,71.53890989172311
350,West,Solids,36.86708477475902
350,West,Liquid,32.600863374407886
351,North,Total,79.22196749352395
351,North,Solids,39.913277796660765
351,North,Liquid,41.14076190725532
351,South,Total,87.30018433294853
351,South,Solids,46.375702295440924
351,South,Liquid,41.72761361014407
351,West,Total,83.14740226250031
351,West,Solids,42.98679524177028
351,West,Liquid,41.526611168464306
352,North,Total,77.89276108752428
352,North,Solids,44.37122611239494
352,North,Liquid,34.505434169366495
352,South,Total,86.56209665683446
352,South,Solids,51.59369028628553
352,South,Liquid,35.247016183947174
352,West,Total,82.35559010990812
352,West,Solids,47.89417994503757
352,West,Liquid,35.15181983137271
353,North,Total,80.30179793430942
353,North,Solids,32.11261614519568
353,North,Liquid,49.1271845711658
353,South,Total,87.00879876298931
353,South,Solids,37.094922648432906
353,South,Liquid,50.194917767566935
353,West,Total,83.83710766978332
353,West,Solids,34.49103450338934
353,West,Liquid,50.01699926236572
354,North,Total,74.44603678529549
354,North,Solids,39.12004678997404
354,North,Liquid,36.13147998862476
354,South,Total,83.94248767412606
354,South,Solids,45.148627288464844
354,South,Liquid,37.586697400058945
354,West,Total,79.25026877280908
354,West,Solids,41.945344968095704
354,West,Liquid,37.549672195650224
355,North,Total,78.56956624673464
355,North,Solids,36.0059831946741
355,North,Liquid,46.05161963437035
355,South,Total,87.25968084239504
355,South,Solids,42.21201838169339
355,South,Liquid,46.63346285203202
355,West,Total,82.93651309189575
355,West,Solids,39.051436164793024
355,West,Liquid,46.49252081928999
356,North,Total,84.90976590594653
356,North,Solids,46.58556623137095
356,North,Liquid,34.98691483285775
356,South,Total,91.00871242412445
356,South,Solids,54.111202283756874
356,South,Liquid,35.15888809908089
356,West,Total,87.75385664299546
356,West,Solids,50.2022406917694
356,West,Liquid,35.007016767015884
357,North,Total,82.79745666042076
357,North,Solids,34.682922946683895
357,North,Liquid,51.04137654596542
357,South,Total,90.23533187154116
357,South,Solids,40.384877605734
357,South,Liquid,51.298375168655596
357,West,Total,86.27631104390898
357,West,Solids,37.408370814714054
357,West,Liquid,51.06364639193595
358,North,Total,83.99004429667411
358,North,Solids,24.0205717295918
358,North,Liquid,63.50745965781598
358,South,Total,90.43067909224463
358,South,Solids,28.189003274296248
358,South,Liquid,63.97814989853029
358,West,Total,87.00913043874188
358,West,Solids,25.978281487922168
358,West,Liquid,63.72104045331384
359,North,Total,86.69676486287263
359,North,Solids,21.540458812609906
359,North,Liquid,66.83043908726307
359,South,Total,91.66871602257835
359,South,Solids,25.19415816628473
359,South,Liquid,67.30822344987698
359,West,Total,88.9720787294501
359,West,Solids,23.300739803505717
359,West,Liquid,66.92667995075479
360,North,Total,75.23395169668625
360,North,Solids,39.482761169174545
360,North,Liquid,36.18976874341552
360,South,Total,83.4725716480901
360,South,Solids,45.686381741494756
360,South,Liquid,37.54196544535306
360,West,Total,79.73384967659496
360,West,Solids,42.433981795776695
360,West,Liquid,37.53544779095891
361,North,Total,76.79159591905501
361,North,Solids,47.75591181157293
361,North,Liquid,33.032328163071504
361,South,Total,86.81880282946923
361,South,Solids,55.72304152383034
361,South,Liquid,33.18544932318609
361,West,Total,81.49088758668535
361,West,Solids,51.50818638960286
361,West,Liquid,33.059764164952256
362,North,Total,76.62756544981114
362,North,Solids,40.23009279273818
362,North,Liquid,40.91477191143222
362,South,Total,86.7162018073926
362,South,Solids,46.76455205756693
362,South,Liquid,41.58840451835623
362,West,Total,81.58279904548182
362,West,Solids,43.391454497825094
362,West,Liquid,41.42903878308273
363,North,Total,77.50687996143783
363,North,Solids,35.61459320644112
363,North,Liquid,45.714043845535826
363,South,Total,86.72994190282444
363,South,Solids,41.88122811751398
363,South,Liquid,46.4121656807303
363,West,Total,82.13740477297263
363,West,Solids,38.69494895786443
363,West,Liquid,46.21850060598417
364,North,Total,85.52368161571565
364,North,Solids,27.718567578269347
364,North,Liquid,58.71336540058781
364,South,Total,90.91999470312399
364,South,Solids,32.14593243502645
364,South,Liquid,59.2145889435159
364,West,Total,87.9926748884442
364,West,Solids,29.808420288819104
364,West,Liquid,58.86592433793195
365,North,Total,78.33964273638466
365,North,Solids,40.9652571870515
365,North,Liquid,40.14102315334845
365,South,Total,87.23599349646082
365,South,Solids,47.64442675232738
365,South,Liquid,40.728129937409456
365,West,Total,82.71303097677925
365,West,Solids,44.17268473237645
365,West,Liquid,40.57855230609247
366,North,Total,79.77464538192156
366,North,Solids,40.83617706473483
366,North,Liquid,40.80803300288845
366,South,Total,88.17915869466584
366,South,Solids,47.843804199198395
366,South,Liquid,41.20366148861913
366,West,Total,83.8812529711497
366,West,Solids,44.291853223391655
366,West,Liquid,40.95572869618914
367,North,Total,81.8416541665803
367,North,Solids,28.290244797456783
367,North,Liquid,58.76836783507514
367,South,Total,89.49427013362812
367,South,Solids,32.90058489710855
367,South,Liquid,59.14854887015859
367,West,Total,85.46042775639378
367,West,Solids,30.523217520692015
367,West,Liquid,58.81062755673595
368,North,Total,81.21449323650627
368,North,Solids,28.84072719748618
368,North,Liquid,52.857921866037486
368,South,Total,87.64483235037333
368,South,Solids,33.93379915025045
368,South,Liquid,53.880191516314014
368,West,Total,84.60541906851827
368,West,Solids,31.30152082537548
368,West,Liquid,53.65023543116864
369,North,Total,81.15700943284413
369,North,Solids,41.262411442800826
369,North,Liquid,43.468097611297765
369,South,Total,88.88604488036906
369,South,Solids,47.06034678779057
369,South,Liquid,43.7017575457143
369,West,Total,84.68048535878074
369,West,Solids,43.945041912860006
369,West,Liquid,43.4920440753348
370,North,Total,78.07085324279065
370,North,Solids,30.258386873646952
370,North,Liquid,54.555557860951154
370,South,Total,86.99340533671632
370,South,Solids,34.94344447797641
370,South,Liquid,55.18024371507677
370,West,Total,82.32156225658488
370,West,Solids,32.49682297979404
370,West,Liquid,54.82356355992224
371,North,Total,85.88452557830306
371,North,Solids,35.07910366025716
371,North,Liquid,48.43632221571282
371,South,Total,91.19291124020441
371,South,Solids,41.20704806770238
371,South,Liquid,48.81638645219432
371,West,Total,88.46054997785846
371,West,Solids,38.13622158785444
371,West,Liquid,48.56571964870719
372,North,Total,79.46907161834733
372,North,Solids,35.07333399990783
372,North,Liquid,48.356573806640505
372,South,Total,87.81843732554862
372,South,Solids,40.44388645212003
372,South,Liquid,49.02957627620452
372,West,Total,83.50796866004966
372,West,Solids,37.59777855906617
372,West,Liquid,48.87429482409785
373,North,Total,78.57698445981721
373,North,Solids,33.38501582616272
373,North,Liquid,46.863566226220016
373,South,Total,86.55160756270443
373,South,Solids,39.08023638651615
373,South,Liquid,47.91543003365473
373,West,Total,82.70873036859285
373,West,Solids,36.12123845698649
373,West,Liquid,47.75301538625767
374,North,Total,82.27426952675762
374,North,Solids,37.381614819725606
374,North,Liquid,47.36446814829377
374,South,Total,89.79417968189674
374,South,Solids,43.34319745360367
374,South,Liquid,47.66629409080643
374,West,Total,85.9143119565624
374,West,Solids,40.28426353137792
374,West,Liquid,47.48379063246752
375,North,Total,76.22304326144437
375,North,Solids,30.58712834750163
375,North,Liquid,49.03602883536195
375,South,Total,85.3905188877814
375,South,Solids,36.030161984896914
375,South,Liquid,50.230283723140666
375,West,Total,80.92109747695986
375,West,Solids,33.21509883750666
375,West,Liquid,50.07838018942989
376,North,Total,87.23905260584003
376,North,Solids,21.510538516253085
376,North,Liquid,67.54035419783212
376,South,Total,92.17308379672731
376,South,Solids,25.160351008016548
376,South,Liquid,67.92823545473368
376,West,Total,89.46814520412019
376,West,Solids,23.255071577039406
376,West,Liquid,67.58071474322908
377,North,Total,81.96802875425035
377,North,Solids,40.352818078878656
377,North,Liquid,41.187189518364356
377,South,Total,88.53367892555714
377,South,Solids,46.52987372774981
377,South,Liquid,41.835512318829906
377,West,Total,85.24741883817278
377,West,Solids,43.308805676865134
377,West,Liquid,41.62740987403338
378,North,Total,83.09290075850997
378,North,Solids,31.715632109544366
378,North,Liquid,53.898605479290715
378,South,Total,89.7948908992684
378,South,Solids,36.7034784647512
378,South,Liquid,54.326758682561085
378,West,Total,86.24868086557098
378,West,Solids,34.12813667466155
378,West,Liquid,53.99719607085432
379,North,Total,85.60459275463309
379,North,Solids,39.36974448910103
379,North,Liquid,43.48096057593589
379,South,Total,91.28773248127968
379,South,Solids,46.14835448762705
379,South,Liquid,43.744546973836144
379,West,Total,88.31092125898368
379,West,Solids,42.71483339844212
379,West,Liquid,43.53273615569629
380,North,Total,80.44317162055569
380,North,Solids,39.19707518436504
380,North,Liquid,43.19595369540187
380,South,Total,88.20687812370738
380,South,Solids,45.40095757914029
380,South,Liquid,43.695751855186785
380,West,Total,84.15801556140923
380,West,Solids,42.15336619472638
380,West,Liquid,43.45358419264369
381,North,Total,80.99563471376541
381,North,Solids,34.469848266079936
381,North,Liquid,49.293705483572374
381,South,Total,88.61242306982082
381,South,Solids,40.15091685190392
381,South,Liquid,49.77284798084207
381,West,Total,84.77996989053597
381,West,Solids,37.33274683681215
381,West,Liquid,49.46308616534141
382,North,Total,80.71417219893968
382,North,Solids,40.1498949699686
382,North,Liquid,43.035544591554505
382,South,Total,88.93683313245441
382,South,Solids,46.86944629485619
382,South,Liquid,43.29792525984901
382,West,Total,84.6400168433965
382,West,Solids,43.40298009798123
382,West,Liquid,43.090447886514596
383,North,Total,82.41270735242179
383,North,Solids,33.296206285390404
383,North,Liquid,52.87284669759139
383,South,Total,89.62631868064334
383,South,Solids,38.39584278325322
383,South,Liquid,53.168282080097306
383,West,Total,85.7315701655503
383,West,Solids,35.69456578434724
383,West,Liquid,52.9054718384061
384,North,Total,81.10214906404954
384,North,Solids,30.593950419355547
384,North,Liquid,52.88327301638207
384,South,Total,88.22699641363664
384,South,Solids,35.85041053954177
384,South,Liquid,53.50836665386005
384,West,Total,84.65342100572717
384,West,Solids,33.19797199337906
384,West,Liquid,53.21985557539593
385,North,Total,76.82312733864948
385,North,Solids,38.614443272415066
385,North,Liquid,42.62437516067622
385,South,Total,86.30684956154941
385,South,Solids,44.98845871386538
385,South,Liquid,43.234234996522474
385,West,Total,81.50925809887927
385,West,Solids,41.7282715360537
385,West,Liquid,43.02912812319698
386,North,Total,79.48529809605536
386,North,Solids,41.26741154138055
386,North,Liquid,41.30994176139636
386,South,Total,87.69539679977966
386,South,Solids,47.2138226481157
386,South,Liquid,41.84258472799077
386,West,Total,83.40065435082845
386,West,Solids,44.07559623592859
386,West,Liquid,41.62523115512908
387,North,Total,78.63029766569193
387,North,Solids,31.432562066852498
387,North,Liquid,48.30854033198816
387,South,Total,85.9226733558649
387,South,Solids,36.533282753656174
387,South,Liquid,49.56953938063479
387,West,Total,82.6203025758622
387,West,Solids,33.974066240131584
387,West,Liquid,49.36576175267922
388,North,Total,82.1780666908477
388,North,Solids,35.87871452275227
388,North,Liquid,46.67486017483975
388,South,Total,89.33831697425663
388,South,Solids,42.369142829246854
388,South,Liquid,47.141104185144236
388,West,Total,85.7215421389372
388,West,Solids,39.10720398375708
388,West,Liquid,46.88794052891045
389,North,Total,83.44039798583299
389,North,Solids,41.45104820917433
389,North,Liquid,41.62009653448042
389,South,Total,90.19780379491353
389,South,Solids,48.107433835602926
389,South,Liquid,41.910982153262054
389,West,Total,86.57269316156547
389,West,Solids,44.647206142018
389,West,Liquid,41.65161578545436
390,North,Total,79.9936938794227
390,North,Solids,46.02301824862585
390,North,Liquid,33.61611152924562
390,South,Total,88.52224858340271
390,South,Solids,54.482098838930646
390,South,Liquid,33.87011498600282
390,West,Total,84.1280315236283
390,West,Solids,50.193411237507625
390,West,Liquid,33.67387387544714
391,North,Total,77.65716761097546
391,North,Solids,47.33289570033963
391,North,Liquid,32.46590981792126
391,South,Total,87.2411964779204
391,South,Solids,55.61057915060387
391,South,Liquid,32.69218940919112
391,West,Total,82.20635895109749
391,West,Solids,51.305411385062904
391,West,Liquid,32.50596738946574
392,North,Total,79.31766686219713
392,North,Solids,40.55983256028032
392,North,Liquid,41.419452864672536
392,South,Total,87.89581295215343
392,South,Solids,47.38611729246224
392,South,Liquid,41.79098911509332
392,West,Total,83.43010699471466
392,West,Solids,43.85331005890244
392,West,Liquid,41.56238816455152
393,North,Total,84.18318150954954
393,North,Solids,24.44021185441613
393,North,Liquid,60.129994158148804
393,South,Total,89.58482601936953
393,South,Solids,28.816906451402307
393,South,Liquid,60.93944888959199
393,West,Total,86.82621697759004
393,West,Solids,26.522127280069874
393,West,Liquid,60.5907729566066
394,North,Total,80.72179360630598
394,North,Solids,36.940541690207375
394,North,Liquid,44.54264169126023
394,South,Total,87.93160538900423
394,South,Solids,43.037638362924845
394,South,Liquid,45.21785666572538
394,West,Total,84.4922955721383
394,West,Solids,39.99776012530229
394,West,Liquid,45.050863225975434
395,North,Total,83.2190672101989
395,North,Solids,42.10172263467093
395,North,Liquid,41.6928828876759
395,South,Total,89.94440209485829
395,South,Solids,48.26421389655744
395,South,Liquid,41.97302203245326
395,West,Total,86.39245450413924
395,West,Solids,45.045187352688586
395,West,Liquid,41.78515645220738
396,North,Total,86.17437603514395
396,North,Solids,37.073116718234274
396,North,Liquid,47.12461980333825
396,South,Total,91.3596772362656
396,South,Solids,42.901013864525325
396,South,Liquid,47.511818748043225
396,West,Total,88.53293485888251
396,West,Solids,39.81223032470554
396,West,Liquid,47.24065995047972
397,North,Total,77.87953485345432
397,North,Solids,51.6342067977802
397,North,Liquid,26.241078821043455
397,South,Total,86.48907008953579
397,South,Solids,59.63954769914248
397,South,Liquid,26.84857310275734
397,West,Total,82.25766470796343
397,West,Solids,55.49624829067162
397,West,Liquid,26.758502566394256
398,North,Total,73.37343594291758
398,North,Solids,38.575708013682004
398,North,Liquid,35.48794933576321
398,South,Total,82.6893763562519
398,South,Solids,45.02688124166917
398,South,Liquid,36.9571963592264
398,West,Total,78.54121308151194
398,West,Solids,41.82239419423877
398,West,Liquid,36.95184385602785
399,North,Total,82.63853617645877
399,North,Solids,36.40279939722657
399,North,Liquid,44.58618972662485
399,South,Total,88.56923846977747
399,South,Solids,42.60272650299745
399,South,Liquid,45.35448626330651
399,West,Total,85.6384680103649
399,West,Solids,39.3025979097262
399,West,Liquid,45.13498987029187
400,North,Total,84.54601854030076
400,North,Solids,32.66745502095532
400,North,Liquid,53.063889399482
400,South,Total,90.76049012008411
400,South,Solids,37.892548655064076
400,South,Liquid,53.44005136913867
400,West,Total,87.47047830859884
400,West,Solids,35.2211605611469
400,West,Liquid,53.122551408401165
401,North,Total,74.90818899728849
401,North,Solids,44.652995933028315
401,North,Liquid,31.661696711736028
401,South,Total,84.86264182925619
401,South,Solids,52.559155107871355
401,South,Liquid,32.530863538197664
401,West,Total,80.0076573505456
401,West,Solids,48.50224798910543
401,West,Liquid,32.44702778169677
402,North,Total,82.280671662072
402,North,Solids,34.67948602155368
402,North,Liquid,48.9708166166581
402,South,Total,89.14253634117057
402,South,Solids,40.17917544429913
402,South,Liquid,49.56480773214183
402,West,Total,85.72255757484777
402,West,Solids,37.38679756314925
402,West,Liquid,49.337436863358796
403,North,Total,80.52718394261198
403,North,Solids,43.61168724072741
403,North,Liquid,37.051002281256594
403,South,Total,87.88309113001577
403,South,Solids,50.41235664027168
403,South,Liquid,37.53345142242815
403,West,Total,84.16152680550219
403,West,Solids,46.90968106222492
403,West,Liquid,37.35326373711686
404,North,Total,78.04790933439259
404,North,Solids,35.95404394508098
404,North,Liquid,47.05179443219713
404,South,Total,87.27271778919854
404,South,Solids,42.138808936318505
404,South,Liquid,47.49218285513944
404,West,Total,82.4514925523943
404,West,Solids,38.926632027615184
404,West,Liquid,47.20854222695691
405,North,Total,80.21808519187594
405,North,Solids,42.061727572273185
405,North,Liquid,40.55385494673923
405,South,Total,88.45831056205965
405,South,Solids,48.66987376098017
405,South,Liquid,40.919024518447465
405,West,Total,83.99705180304619
405,West,Solids,45.1086535675269
405,West,Liquid,40.69402170045979
406,North,Total,79.4816253701544
406,North,Solids,48.94327098856026
406,North,Liquid,31.166716931499572
406,South,Total,88.08777241586004
406,South,Solids,56.93989623564024
406,South,Liquid,31.44439974769907
406,West,Total,83.42688256431778
406,West,Solids,52.650946761831364
406,West,Liquid,31.245972824352314
407,North,Total,82.94551247935765
407,North,Solids,40.73042442579202
407,North,Liquid,39.9881999601277
407,South,Total,88.92940144303728
407,South,Solids,47.44322590666032
407,South,Liquid,40.63010533219546
407,West,Total,86.04148484423068
407,West,Solids,43.98216038714243
407,West,Liquid,40.45185761694795
408,North,Total,78.04024068117639
408,North,Solids,43.08347715616514
408,North,Liquid,35.023521221858815
408,South,Total,86.20846156656519
408,South,Solids,50.43937454362326
408,South,Liquid,35.789343157133146
408,West,Total,82.30363815362342
408,West,Solids,46.722558684992705
408,West,Liquid,35.62733003433956
409,North,Total,78.88062358839923
409,North,Solids,35.23749302545661
409,North,Liquid,44.350255413662225
409,South,Total,85.97238279349982
409,South,Solids,40.509742149629105
409,South,Liquid,45.54097805256165
409,West,Total,82.60469928488513
409,West,Solids,37.703377336672325
409,West,Liquid,45.377857682345415
410,North,Total,79.44121554775751
410,North,Solids,40.24621343252316
410,North,Liquid,43.042148088726506
410,South,Total,88.02644686110128
410,South,Solids,46.31401410949345
410,South,Liquid,43.47865467970289
410,West,Total,83.3930728949396
410,West,Solids,43.04134309940771
410,West,Liquid,43.23800387976661
411,North,Total,80.10503880414004
411,North,Solids,32.91105604579474
411,North,Liquid,47.68185006289609
411,South,Total,86.73404218323451
411,South,Solids,38.14980924001463
411,South,Liquid,48.73600144127913
411,West,Total,83.62855495077662
411,West,Solids,35.432663370679414
411,West,Liquid,48.54446944070078
412,North,Total,77.1104741473891
412,North,Solids,44.56011548776549
412,North,Liquid,33.75419988701532
412,South,Total,85.81825084351826
412,South,Solids,51.31779637096561
412,South,Liquid,34.651964759364446
412,West,Total,81.53963217871122
412,West,Solids,47.79156140200762
412,West,Liquid,34.558365651106826
413,North,Total,77.38186978166829
413,North,Solids,39.545044809754515
413,North,Liquid,41.17123162397949
413,South,Total,86.64711887331424
413,South,Solids,46.32684644634967
413,South,Liquid,41.754300386938006
413,West,Total,81.9011958827264
413,West,Solids,42.801377973951595
413,West,Liquid,41.565286394334535
414,North,Total,85.1536371021413
414,North,Solids,17.413260389137868
414,North,Liquid,68.03217950482076
414,South,Total,89.51548552513695
414,South,Solids,20.453155717606684
414,South,Liquid,69.17757128922376
414,West,Total,87.55308730755907
414,West,Solids,18.8969974019295
414,West,Liquid,68.86757366403634
415,North,Total,84.08140994192327
415,North,Solids,21.341032439209894
415,North,Liquid,64.6567484925982
415,South,Total,89.6084060001469
415,South,Solids,24.87541192419736
415,South,Liquid,65.55303719849842
415,West,Total,86.89276766887228
415,West,Solids,23.054224659344314
415,West,Liquid,65.24577048847168
416,North,Total,78.56796621285086
416,North,Solids,35.582203969075024
416,North,Liquid,45.052944164087116
416,South,Total,86.72326853048905
416,South,Solids,41.30966716316539
416,South,Liquid,46.0078396462915
416,West,Total,82.57363004224268
416,West,Solids,38.24239862804124
416,West,Liquid,45.8018605585279
417,North,Total,85.3319319834534
417,North,Solids,35.5931149149318
417,North,Liquid,48.065696430753846
417,South,Total,90.7800143324574
417,South,Solids,41.4717787474229
417,South,Liquid,48.49835976302157
417,West,Total,87.93880125815161
417,West,Solids,38.4336710671381
417,West,Liquid,48.252505796956285
418,North,Total,84.55844570815917
418,North,Solids,48.28325835682815
418,North,Liquid,32.70660768899612
418,South,Total,90.61192941538017
418,South,Solids,55.88066172717879
418,South,Liquid,32.92896474102344
418,West,Total,87.27999259969388
418,West,Solids,51.80123037940299
418,West,Liquid,32.75422123875205
419,North,Total,78.62902090915921
419,North,Solids,46.13377316333065
419,North,Liquid,32.45850204850337
419,South,Total,86.65094060739091
419,South,Solids,53.48846245933614
419,South,Liquid,33.15151111212408
419,West,Total,82.67396930877895
419,West,Solids,49.606136132073615
419,West,Liquid,33.041452839406034
420,North,Total,77.75435312788144
420,North,Solids,45.968407770132465
420,North,Liquid,34.26348222485891
420,South,Total,87.42030052444372
420,South,Solids,54.14322122542894
420,South,Liquid,34.495355165998156
420,West,Total,82.44173823003227
420,West,Solids,49.97045801637236
420,West,Liquid,34.314091773601994
421,North,Total,81.38364680975138
421,North,Solids,44.78367906919918
421,North,Liquid,36.7853228912538
421,South,Total,89.05363659529137
421,South,Solids,52.07390780411695
421,South,Liquid,37.07031081292945
421,West,Total,85.07964449119565
421,West,Solids,48.34094784048345
421,West,Liquid,36.87676399188042
422,North,Total,82.14012576177412
422,North,Solids,30.741520962446355
422,North,Liquid,56.11274681870455
422,South,Total,89.8318077867679
422,South,Solids,35.883880427390125
422,South,Liquid,56.35944021914712
422,West,Total,85.75669628159066
422,West,Solids,33.194192897907584
422,West,Liquid,56.15181390078904
423,North,Total,85.96587684590635
423,North,Solids,28.357800750773453
423,North,Liquid,57.55435267795078
423,South,Total,91.08897594229745
423,South,Solids,32.91129792397723
423,South,Liquid,58.15333733731934
423,West,Total,88.52350116934794
423,West,Solids,30.55791833089851
423,West,Liquid,57.92569598424875
424,North,Total,77.19442064071058
424,North,Solids,26.12870988355929
424,North,Liquid,55.66286139413222
424,South,Total,86.1126942857083
424,South,Solids,30.19853630571903
424,South,Liquid,56.97568033214464
424,West,Total,81.68393148527517
424,West,Solids,28.082533420076427
424,West,Liquid,56.78603369528153
425,North,Total,79.49630811961353
425,North,Solids,34.272761744100485
425,North,Liquid,49.97576749738347
425,South,Total,88.12767344815107
425,South,Solids,40.21547830027601
425,South,Liquid,50.30486255016275
425,West,Total,83.69360705103733
425,West,Solids,37.20225138821759
425,West,Liquid,50.04485420954923
426,North,Total,75.64534762237246
426,North,Solids,42.0595541829743
426,North,Liquid,36.08134193171245
426,South,Total,85.41248632042753
426,South,Solids,49.36765495086312
426,South,Liquid,36.85813896780517
426,West,Total,80.53430678224343
426,West,Solids,45.57847593264393
426,West,Liquid,36.757904300285986
427,North,Total,77.66504865387166
427,North,Solids,49.29096192052177
427,North,Liquid,29.337715176560984
427,South,Total,86.96111622797683
427,South,Solids,57.608630732973474
427,South,Liquid,29.75670461484519
427,West,Total,82.34519492313403
427,West,Solids,53.38543986833058
427,West,Liquid,29.667725154211684
428,North,Total,78.65907127125337
428,North,Solids,36.0672916279983
428,North,Liquid,47.20411514262566
428,South,Total,87.89542654529438
428,South,Solids,42.73441486872421
428,South,Liquid,47.47539482033432
428,West,Total,83.0577372363698
428,West,Solids,39.29009871780289
428,West,Liquid,47.229921783728315
429,North,Total,78.69698050464986
429,North,Solids,45.74971456030072
429,North,Liquid,34.341104328659156
429,South,Total,87.22703412465867
429,South,Solids,53.204451079109575
429,South,Liquid,34.69968094094876
429,West,Total,82.73507142356762
429,West,Solids,49.28122064156445
429,West,Liquid,34.50752996067798
430,North,Total,70.9296736149726
430,North,Solids,40.45277032110652
430,North,Liquid,29.0543386536517
430,South,Total,81.24043533684791
430,South,Solids,47.32249164291475
430,South,Liquid,30.8489914976933
430,West,Total,76.69203747724875
430,West,Solids,43.915526633149454
430,West,Liquid,30.98174574095785
431,North,Total,77.07879466847677
431,North,Solids,46.78996692282419
431,North,Liquid,32.18878224865699
431,South,Total,86.3859833781252
431,South,Solids,54.3512633786004
431,South,Liquid,32.75186961325812
431,West,Total,81.55071411299178
431,West,Solids,50.33362276704511
431,West,Liquid,32.61477998603639
432,North,Total,80.54797734857823
432,North,Solids,38.94270618170294
432,North,Liquid,41.68687390856398
432,South,Total,88.1894924801509
432,South,Solids,45.949768799284584
432,South,Liquid,42.2731757395102
432,West,Total,84.31981666476203
432,West,Solids,42.35106681539355
432,West,Liquid,42.02743442104887
433,North,Total,76.57791356043384
433,North,Solids,38.21272980643801
433,North,Liquid,43.14631168095769
433,South,Total,86.44796537489158
433,South,Solids,44.46414762802206
433,South,Liquid,43.83675765258233
433,West,Total,81.3363717905979
433,West,Solids,41.18254458554764
433,West,Liquid,43.641000928263416
434,North,Total,81.72581666067764
434,North,Solids,31.62625636125939
434,North,Liquid,52.18241455116872
434,South,Total,88.8988737278649
434,South,Solids,36.99364122270713
434,South,Liquid,52.81605437802897
434,West,Total,85.21085370944168
434,West,Solids,34.191044041228416
434,West,Liquid,52.555690826640365
435,North,Total,85.65666227225731
435,North,Solids,34.35462548204089
435,North,Liquid,50.84157414312032
435,South,Total,91.24188950862376
435,South,Solids,39.84512804785708
435,South,Liquid,51.16456304604732
435,West,Total,88.18551903084385
435,West,Solids,36.9634259610731
435,West,Liquid,50.87474367844778
436,North,Total,77.9807511477533
436,North,Solids,42.52639384204664
436,North,Liquid,39.653397239202306
436,South,Total,87.5452309135418
436,South,Solids,49.25658797483181
436,South,Liquid,40.104798949556496
436,West,Total,82.68913440643473
436,West,Solids,45.81888821476614
436,West,Liquid,39.935729827641566
437,North,Total,79.50329114361813
437,North,Solids,46.319364916516406
437,North,Liquid,32.50844966260233
437,South,Total,87.11547534757878
437,South,Solids,53.74926039485904
437,South,Liquid,33.128664462283375
437,West,Total,83.2988887536841
437,West,Solids,49.80853007651763
437,West,Liquid,32.99707061362892
438,North,Total,76.69641767377638
438,North,Solids,44.97348153674032
438,North,Liquid,34.088645634993085
438,South,Total,86.18714107164948
438,South,Solids,52.12270065850226
438,South,Liquid,34.78876740270416
438,West,Total,81.26961547169053
438,West,Solids,48.32618547823902
438,West,Liquid,34.63082258439122
439,North,Total,79.80138759165656
439,North,Solids,30.74648909985606
439,North,Liquid,51.86656404975235
439,South,Total,87.48890062531582
439,South,Solids,35.84099967751006
439,South,Liquid,52.74175421806239
439,West,Total,83.61459776158834
439,West,Solids,33.14601806037195
439,West,Liquid,52.547043775670446
440,North,Total,76.60506898804638
440,North,Solids,51.34667210958537
440,North,Liquid,24.112641050669172
440,South,Total,84.83105100870719
440,South,Solids,60.0154823310764
440,South,Liquid,24.861056315621603
440,West,Total,81.11067926450708
440,West,Solids,55.59647099797538
440,West,Liquid,24.813336864340997
441,North,Total,83.75214600683985
441,North,Solids,37.774230027894426
441,North,Liquid,46.4735425588534
441,South,Total,89.91521478204886
441,South,Solids,43.16193721894727
441,South,Liquid,46.98053956175475
441,West,Total,86.73067235992684
441,West,Solids,40.31341516467294
441,West,Liquid,46.79073989086762
442,North,Total,83.55638483020367
442,North,Solids,29.950603240485396
442,North,Liquid,54.90219066611296
442,South,Total,89.68035164566002
442,South,Solids,34.747648796302386
442,South,Liquid,55.52574288946508
442,West,Total,86.54297553090984
442,West,Solids,32.26673091247327
442,West,Liquid,55.23678961908469
443,North,Total,81.31587270633067
443,North,Solids,42.120081125059976
443,North,Liquid,40.87440798873581
443,South,Total,89.37264077933742
443,South,Solids,49.03205872479522
443,South,Liquid,41.14375323818977
443,West,Total,85.11052713122093
443,West,Solids,45.442923860468454
443,West,Liquid,40.90826661777518
444,North,Total,82.1964048128398
444,North,Solids,29.625671299639585
444,North,Liquid,52.40846239423747
444,South,Total,88.21558449501839
444,South,Solids,34.76548111606396
444,South,Liquid,53.39583293002944
444,West,Total,85.3312682271442
444,West,Solids,32.06328118548334
444,West,Liquid,53.152307158504605
445,North,Total,83.31325474747761
445,North,Solids,46.57756114676525
445,North,Liquid,35.81549719135004
445,South,Total,90.14309669134416
445,South,Solids,53.663198785578295
445,South,Liquid,36.00275427161395
445,West,Total,86.4824805745228
445,West,Solids,49.9392815414168
445,West,Liquid,35.840301824998456
446,North,Total,73.28184094188434
446,North,Solids,39.56447756594418
446,North,Liquid,33.74877855013822
446,South,Total,82.50425258869008
446,South,Solids,46.027763232514715
446,South,Liquid,35.332493243784306
446,West,Total,78.1846393971463
446,West,Solids,42.56436804830654
446,West,Liquid,35.37336423621042
447,North,Total,82.58702509461375
447,North,Solids,32.02313075379127
447,North,Liquid,51.410341813974036
447,South,Total,89.05574721568377
447,South,Solids,37.348781865801456
447,South,Liquid,52.08174993985348
447,West,Total,85.92110328603296
447,West,Solids,34.66879572410614
447,West,Liquid,51.87460514699822
448,North,Total,79.02073247874432
448,North,Solids,46.705954271232045
448,North,Liquid,32.99191257316271
448,South,Total,87.47856782544524
448,South,Solids,54.42627879490869
448,South,Liquid,33.36834542828376
448,West,Total,83.19656778956129
448,West,Solids,50.494719636531784
448,West,Liquid,33.20436506708474
449,North,Total,77.80376448003045
449,North,Solids,40.62624904888585
449,North,Liquid,38.47907264338861
449,South,Total,86.42952283959274
449,South,Solids,47.64401238961292
449,South,Liquid,39.23137466420391
449,West,Total,82.02836645428721
449,West,Solids,43.929488888413346
449,West,Liquid,39.03458152602277
450,North,Total,81.26559848610488
450,North,Solids,35.47462774615641
450,North,Liquid,48.676777907604965
450,South,Total,88.74972775366675
450,South,Solids,41.221103227108216
450,South,Liquid,49.020376233148916
450,West,Total,84.87860005508249
450,West,Solids,38.28717411661377
450,West,Liquid,48.77853551301078
451,North,Total,78.66931634927865
451,North,Solids,40.366348319638995
451,North,Liquid,37.73888237856738
451,South,Total,85.43818251195418
451,South,Solids,46.573815555845556
451,South,Liquid,38.78390759109776
451,West,Total,82.34735952050409
451,West,Solids,43.3064130785705
451,West,Liquid,38.65539269954033
452,North,Total,78.87356058138971
452,North,Solids,40.412940679285995
452,North,Liquid,41.62517617975748
452,South,Total,88.1059169714631
452,South,Solids,47.834621133005164
452,South,Liquid,41.85283796649939
452,West,Total,83.37825330866313
452,West,Solids,44.084814220066136
452,West,Liquid,41.64883690018614
453,North,Total,81.71181727335015
453,North,Solids,38.945594836151606
453,North,Liquid,42.71272173993141
453,South,Total,88.86201932845715
453,South,Solids,45.68116160068243
453,South,Liquid,43.155381029658145
453,West,Total,85.22801433173002
453,West,Solids,42.232780549620294
453,West,Liquid,42.955267431677655
454,North,Total,76.80454381523447
454,North,Solids,40.089119726342
454,North,Liquid,38.61625916424019
454,South,Total,85.90237767163566
454,South,Solids,47.128722366562634
454,South,Liquid,39.41124891974794
454,West,Total,81.44897860156428
454,West,Solids,43.54634992446771
454,West,Liquid,39.24725260732881
455,North,Total,86.82216506056493
455,North,Solids,29.986009766413414
455,North,Liquid,56.47716353401061
455,South,Total,91.94862726731957
455,South,Solids,34.954826690473126
455,South,Liquid,56.812929846829896
455,West,Total,89.13766060199146
455,West,Solids,32.330254986618876
455,West,Liquid,56.535095878887454
456,North,Total,79.7965245342606
456,North,Solids,46.68523136602721
456,North,Liquid,33.42205182167357
456,South,Total,88.39610382325405
456,South,Solids,54.957338927032
456,South,Liquid,33.59865554017661
456,West,Total,83.89001659462065
456,West,Solids,50.666021693748476
456,West,Liquid,33.460482565146954
457,North,Total,82.03070405574232
457,North,Solids,25.699700459939205
457,North,Liquid,59.26285092480635
457,South,Total,88.85822344852488
457,South,Solids,30.155842840741375
457,South,Liquid,60.001261746477
457,West,Total,85.32133847395836
457,West,Solids,27.828725354823348
457,West,Liquid,59.65256207133625
458,North,Total,77.43716600177528
458,North,Solids,37.01352564308949
458,North,Liquid,41.23709192469186
458,South,Total,85.33589069948658
458,South,Solids,42.82976899946464
458,South,Liquid,42.47164426161538
458,West,Total,81.62376110882705
458,West,Solids,39.775261560067385
458,West,Liquid,42.358975611662636
459,North,Total,82.20056183816492
459,North,Solids,35.013382636980865
459,North,Liquid,47.38786186366295
459,South,Total,88.69039964478256
459,South,Solids,40.638454137838245
459,South,Liquid,48.13084285725744
459,West,Total,85.58484164218802
459,West,Solids,37.78978078470459
459,West,Liquid,47.9397855338743
460,North,Total,84.31544404133753
460,North,Solids,36.4091472718653
460,North,Liquid,49.17177705111617
460,South,Total,90.80106602772726
460,South,Solids,42.04937641438101
460,South,Liquid,49.40559965849736
460,West,Total,87.34618445049504
460,West,Solids,39.100051908381474
460,West,Liquid,49.21204003000311
461,North,Total,84.59227886388717
461,North,Solids,31.31815680510809
461,North,Liquid,53.78266714187395
461,South,Total,90.34498604358363
461,South,Solids,36.30918506792531
461,South,Liquid,54.27957259572753
461,West,Total,87.2694915608979
461,West,Solids,33.727144277928666
461,West,Liquid,53.91864763351344
462,North,Total,80.16982747258172
462,North,Solids,42.187721081961946
462,North,Liquid,38.66009849738756
462,South,Total,87.94819347260133
462,South,Solids,49.1142565739449
462,South,Liquid,39.136646269685635
462,West,Total,83.8537942592001
462,West,Solids,45.50497918420452
462,West,Liquid,38.84334869535711
463,North,Total,77.32209116288564
463,North,Solids,33.54432498308702
463,North,Liquid,51.02601301751811
463,South,Total,86.94864906209958
463,South,Solids,39.194088432533405
463,South,Liquid,51.3897362943688
463,West,Total,81.87947772635532
463,West,Solids,36.241446327870264
463,West,Liquid,51.10707696240543
464,North,Total,78.14583476023498
464,North,Solids,36.553263517070185
464,North,Liquid,42.81385436752127
464,South,Total,86.02488390339089
464,South,Solids,42.51970723944693
464,South,Liquid,43.8259880053333
464,West,Total,82.34358027594433
464,West,Solids,39.528179493572075
464,West,Liquid,43.64841437792001
465,North,Total,82.91743788161062
465,North,Solids,43.83477267118196
465,North,Liquid,38.73184896234923
465,South,Total,89.79199309811912
465,South,Solids,50.60600333777422
465,South,Liquid,39.01288789736909
465,West,Total,86.0804156402553
465,West,Solids,47.05096507550267
465,West,Liquid,38.76704266677437
466,North,Total,80.85656269729263
466,North,Solids,42.94969128177319
466,North,Liquid,36.9610206936848
466,South,Total,87.76604810513383
466,South,Solids,49.78508675108073
466,South,Liquid,37.67305792815506
466,West,Total,84.52178053012265
466,West,Solids,46.31009209164076
466,West,Liquid,37.54394929988015
467,North,Total,81.5576702675242
467,North,Solids,39.82042410627205
467,North,Liquid,42.63967352018101
467,South,Total,88.8296234066
467,South,Solids,46.18352707589147
467,South,Liquid,43.07481997823864
467,West,Total,84.94606280799746
467,West,Solids,42.76232959998446
467,West,Liquid,42.86996935264827
468,North,Total,83.19092485755317
468,North,Solids,21.344126768534377
468,North,Liquid,68.51011267080803
468,South,Total,90.33978375669788
468,South,Solids,24.90408382248947
468,South,Liquid,68.82664631291233
468,West,Total,86.52239109461959
468,West,Solids,23.03920076158159
468,West,Liquid,68.54114050592273
469,North,Total,75.9023236277894
469,North,Solids,39.87064312444627
469,North,Liquid,37.90838237607318
469,South,Total,85.22161543880388
469,South,Solids,46.80562738165803
469,South,Liquid,38.862253200927995
469,West,Total,80.59993347714112
469,West,Solids,43.16050552731344
469,West,Liquid,38.76272890093235
470,North,Total,80.73989128174085
470,North,Solids,32.75383249397563
470,North,Liquid,51.51936350691875
470,South,Total,88.93564991159973
470,South,Solids,38.632485576943324
470,South,Liquid,51.94618718346656
470,West,Total,84.65186381817074
470,West,Solids,35.599321449608624
470,West,Liquid,51.648791771036095
471,North,Total,77.2721338802449
471,North,Solids,44.19703290096262
471,North,Liquid,33.5117926676082
471,South,Total,85.32721462486474
471,South,Solids,50.77115870782757
471,South,Liquid,34.52665017962148
471,West,Total,81.39318115558702
471,West,Solids,47.2239847110774
471,West,Liquid,34.454938482757846
472,North,Total,80.24745751579502
472,North,Solids,45.38850829870483
472,North,Liquid,34.249992780365005
472,South,Total,88.04883721934466
472,South,Solids,53.06895671859881
472,South,Liquid,34.72213996925087
472,West,Total,84.10021830312347
472,West,Solids,49.086344201839935
472,West,Liquid,34.56641151886007
473,North,Total,83.04172845522785
473,North,Solids,34.61847152463212
473,North,Liquid,49.58309207980423
473,South,Total,89.95583207348805
473,South,Solids,40.474306582046765
473,South,Liquid,50.018382744426205
473,West,Total,86.42451403921801
473,West,Solids,37.50940209215741
473,West,Liquid,49.76387929862293
474,North,Total,79.4882264835509
474,North,Solids,28.513332641193482
474,North,Liquid,52.78669406959218
474,South,Total,86.5358722545718
474,South,Solids,33.14389546837025
474,South,Liquid,53.964017538309285
474,West,Total,83.26634695456718
474,West,Solids,30.735081803428987
474,West,Liquid,53.852038770589736
475,North,Total,75.55904809016648
475,North,Solids,38.28991418136199
475,North,Liquid,37.44181675917888
475,South,Total,83.34568589902447
475,South,Solids,44.13523644932128
475,South,Liquid,38.92637285347043
475,West,Total,79.85821978232673
475,West,Solids,41.02050240238834
475,West,Liquid,38.882321173384135
476,North,Total,76.24531120001976
476,North,Solids,37.83026128269154
476,North,Liquid,40.511793982774705
476,South,Total,85.3586099921095
476,South,Solids,44.05594863478031
476,South,Liquid,41.611758823559406
476,West,Total,80.87955238921303
476,West,Solids,40.78180025357939
476,West,Liquid,41.541805587618654
477,North,Total,80.91947032577667
477,North,Solids,39.19044371151522
477,North,Liquid,43.87613265556858
477,South,Total,89.08745135074906
477,South,Solids,45.97359224325936
477,South,Liquid,44.16139703916965
477,West,Total,84.78600273508613
477,West,Solids,42.45627333439997
477,West,Liquid,43.93079139667457
478,North,Total,80.46533639663186
478,North,Solids,33.27321635855605
478,North,Liquid,47.7136410014123
478,South,Total,87.36627652874925
478,South,Solids,38.92155312222578
478,South,Liquid,48.63176329200659
478,West,Total,84.07888082957855
478,West,Solids,36.001671388762645
478,West,Liquid,48.454683609431356
479,North,Total,79.6810927469666
479,North,Solids,46.10429269600601
479,North,Liquid,33.828988021657565
479,South,Total,87.93529830421214
479,South,Solids,53.848200402925926
479,South,Liquid,34.20351447182248
479,West,Total,83.67118150239996
479,West,Solids,49.819077150653214
479,West,Liquid,34.04022182598721
480,North,Total,81.17629823415531
480,North,Solids,31.129531758117317
480,North,Liquid,51.48234080156342
480,South,Total,88.14573979639508
480,South,Solids,36.44235151006313
480,South,Liquid,52.28275936915858
480,West,Total,84.65741081631893
480,West,Solids,33.7050626034691
480,West,Liquid,51.98924839862027
481,North,Total,80.28906365218333
481,North,Solids,28.222377103925467
481,North,Liquid,52.51238709938296
481,South,Total,86.51832033620708
481,South,Solids,32.72877716444379
481,South,Liquid,53.85691100951758
481,West,Total,83.8698315677579
481,West,Solids,30.44721127168325
481,West,Liquid,53.71600096418504
482,North,Total,82.55465383421023
482,North,Solids,39.57329564974768
482,North,Liquid,42.59496045321028
482,South,Total,89.51425671910391
482,South,Solids,46.3677375827079
482,South,Liquid,42.9581104462044
482,West,Total,85.93395971278123
482,West,Solids,42.88262668940886
482,West,Liquid,42.761752295856034
483,North,Total,80.24003960748492
483,North,Solids,33.73543788992896
483,North,Liquid,47.61765500057235
483,South,Total,87.44286224232768
483,South,Solids,39.21030773773924
483,South,Liquid,48.57855964761646
483,West,Total,83.95683374790674
483,West,Solids,36.31211618464304
483,West,Liquid,48.45000268770761
484,North,Total,76.62308059759806
484,North,Solids,39.97693116975949
484,North,Liquid,36.59029107387104
484,South,Total,83.80140473684638
484,South,Solids,45.913014139290226
484,South,Liquid,37.9336493422359
484,West,Total,80.68611859379128
484,West,Solids,42.74225612316058
484,West,Liquid,37.91637566301805
485,North,Total,80.06632464261986
485,North,Solids,33.7009088759153
485,North,Liquid,50.008014818933034
485,South,Total,88.12629014389654
485,South,Solids,39.24124339232441
485,South,Liquid,50.56696050952459
485,West,Total,84.11749970946092
485,West,Solids,36.4492346370399
485,West,Liquid,50.36481919114505
486,North,Total,86.67617708228929
486,North,Solids,33.86560790363725
486,North,Liquid,50.26110197068077
486,South,Total,91.77931912554541
486,South,Solids,39.92133940563533
486,South,Liquid,50.589063047889184
486,West,Total,88.97235801206772
486,West,Solids,36.75830903567526
486,West,Liquid,50.299907566191656
487,North,Total,82.54870543954067
487,North,Solids,48.57760299252515
487,North,Liquid,31.88012384080387
487,South,Total,89.78881193688645
487,South,Solids,56.66181136871333
487,South,Liquid,32.11368006982526
487,West,Total,86.02612333948849
487,West,Solids,52.50060664058191
487,West,Liquid,31.96538293294528
488,North,Total,80.36948487992632
488,North,Solids,21.06136704476298
488,North,Liquid,63.59951642762406
488,South,Total,87.7199543581128
488,South,Solids,24.667290063229295
488,South,Liquid,64.68192855284073
488,West,Total,84.13152719068759
488,West,Solids,22.823118850206985
488,West,Liquid,64.3896873591878
489,North,Total,68.2809042039376
489,North,Solids,44.69475389095503
489,North,Liquid,23.544384707491254
489,South,Total,77.49656832371743
489,South,Solids,52.24370646118436
489,South,Liquid,25.180915428257084
489,West,Total,73.75132254007963
489,West,Solids,48.30702612859943
489,West,Liquid,25.39867508138997
490,North,Total,82.65307605428087
490,North,Solids,36.09630428883659
490,North,Liquid,47.78276837233192
490,South,Total,89.62282422094846
490,South,Solids,42.00292331705458
490,South,Liquid,48.20687794354562
490,West,Total,85.95480616239779
490,West,Solids,38.870627821538974
490,West,Liquid,48.01362294368696
491,North,Total,82.30552155013895
491,North,Solids,34.348527316123345
491,North,Liquid,50.49544642344662
491,South,Total,89.6520049775865
491,South,Solids,39.93552720649909
491,South,Liquid,50.91223901765619
491,West,Total,85.86332186245896
491,West,Solids,37.06580208886261
491,West,Liquid,50.678524743030074
492,North,Total,73.38676764960464
492,North,Solids,35.080024256763984
492,North,Liquid,39.069250625155526
492,South,Total,82.58885881858863
492,South,Solids,41.38642850390052
492,South,Liquid,40.64908064269016
492,West,Total,78.37439875888225
492,West,Solids,38.10556921005309
492,West,Liquid,40.60860613943398
493,North,Total,76.53849936840697
493,North,Solids,40.6739224586293
493,North,Liquid,39.505308181010236
493,South,Total,86.430464024627625
493,South,Solids,47.87112779540132
493,South,Liquid,40.0707826127564
493,West,Total,81.40632761213512
493,West,Solids,44.18397472631742
493,West,Liquid,39.857719210171275
494,North,Total,76.68030589303564
494,North,Solids,42.18741884154615
494,North,Liquid,36.406090814860946
494,South,Total,85.99391610380803
494,South,Solids,49.42017451483458
494,South,Liquid,37.166636607780426
494,West,Total,81.3761395811753
494,West,Solids,45.73155696598832
494,West,Liquid,36.96760962277967
495,North,Total,80.57631049067514
495,North,Solids,22.807928417948748
495,North,Liquid,63.76597386966294
495,South,Total,88.34824479107782
495,South,Solids,26.30867747047031
495,South,Liquid,64.5923065610443
495,West,Total,84.17674243214614
495,West,Solids,24.396218401768095
495,West,Liquid,64.2857695511427
496,North,Total,79.80954556936285
496,North,Solids,34.35846918345872
496,North,Liquid,50.3778159291564
496,South,Total,88.30275291460808
496,South,Solids,40.18025549770876
496,South,Liquid,50.6637033022218
496,West,Total,83.81058459350724
496,West,Solids,37.128362130901756
496,West,Liquid,50.44844893395768
497,North,Total,76.94531006238945
497,North,Solids,44.291006996264265
497,North,Liquid,36.78817358423548
497,South,Total,86.83556466368168
497,South,Solids,51.73807867353914
497,South,Liquid,37.100925565707286
497,West,Total,81.75803691571343
497,West,Solids,47.91864238105515
497,West,Liquid,36.930813453691066
498,North,Total,80.95029378216769
498,North,Solids,44.12301113755318
498,North,Liquid,37.3189826086376
498,South,Total,88.67183993035742
498,South,Solids,51.352263025403374
498,South,Liquid,37.57148779286631
498,West,Total,84.62634109835815
498,West,Solids,47.639268498118795
498,West,Liquid,37.35753591637221
499,North,Total,74.17961886378741
499,North,Solids,41.09989553717218
499,North,Liquid,32.8976067807756
499,South,Total,82.16564085663406
499,South,Solids,48.12053074178764
499,South,Liquid,34.257308586458414
499,West,Total,78.696387121706465
499,West,Solids,44.43245799082342
499,West,Liquid,34.20306926280246
500,North,Total,79.40696345278744
500,North,Solids,30.101773657504232
500,North,Liquid,53.04890774074179
500,South,Total,87.24425526660578
500,South,Solids,34.99081242941602
500,South,Liquid,53.86166785087138
500,West,Total,83.27451621206329
500,West,Solids,32.44259469521629
500,West,Liquid,53.61561906264129
1,City,Total,86.89671968180724
1,City,Solids,23.340275544050932
1,City,Liquid,66.22774450138907
2,City,Total,76.82842221555
2,City,Solids,25.793501402434266
2,City,Liquid,51.22231779685463
3,City,Total,84.74467212251379
3,City,Solids,30.67331227769762
3,City,Liquid,56.07327794120079
4,City,Total,82.55291511320738
4,City,Solids,42.157011236410895
4,City,Liquid,41.173477112425324
5,City,Total,86.1668723613111
5,City,Solids,36.86683965172039
5,City,Liquid,50.145967241824806
6,City,Total,80.3379240062336
6,City,Solids,45.8112524289238
6,City,Liquid,35.45711143247857
7,City,Total,84.5232286568251
7,City,Solids,44.53029391343682
7,City,Liquid,39.252008175925454
8,City,Total,84.11038313597075
8,City,Solids,42.395633885974476
8,City,Liquid,43.10130688826071
9,City,Total,86.90323181274921
9,City,Solids,45.39423028437153
9,City,Liquid,39.17394056858307
10,City,Total,81.85768734120717
10,City,Solids,47.426102905306806
10,City,Liquid,34.64646723226843
11,City,Total,84.75029865563015
11,City,Solids,36.379560751683286
11,City,Liquid,49.31743039757224
12,City,Total,79.96358228011086
12,City,Solids,40.94372822002656
12,City,Liquid,44.33050084776149
13,City,Total,80.78372981472964
13,City,Solids,44.58742053643554
13,City,Liquid,36.24106364807794
14,City,Total,84.0879967969293
14,City,Solids,46.7432609080724
14,City,Liquid,36.74476934807969
15,City,Total,83.4421091588082
15,City,Solids,45.600104253722954
15,City,Liquid,40.45350647639058
16,City,Total,80.3676368857746
16,City,Solids,46.47414609691121
16,City,Liquid,37.01984276475333
17,City,Total,81.72981684211764
17,City,Solids,39.92072715398633
17,City,Liquid,45.67063998495823
18,City,Total,84.42682447022148
18,City,Solids,42.883957240372276
18,City,Liquid,42.93358450288381
19,City,Total,80.66103663290237
19,City,Solids,41.8115341310519
19,City,Liquid,41.46944920577797
20,City,Total,79.36207755283334
20,City,Solids,37.69063958420399
20,City,Liquid,44.22494007372787
21,City,Total,82.07229520864325
21,City,Solids,34.849080640912824
21,City,Liquid,51.13409371882733
22,City,Total,83.26503693730334
22,City,Solids,39.706130513467286
22,City,Liquid,45.51714264646974
23,City,Total,84.12248635080373
23,City,Solids,30.57342198064889
23,City,Liquid,53.99255571296734
24,City,Total,82.57779214687034
24,City,Solids,45.38296127639072
24,City,Liquid,39.60683282013862
25,City,Total,86.63543188961759
25,City,Solids,43.015468192397186
25,City,Liquid,41.963720239559485
26,City,Total,80.46268611938741
26,City,Solids,40.45341128769562
26,City,Liquid,40.6306259183005
27,City,Total,87.45890297635074
27,City,Solids,33.311152732242796
27,City,Liquid,54.66386917339759
28,City,Total,80.17606987508333
28,City,Solids,32.47682707868155
28,City,Liquid,53.65370993843101
29,City,Total,82.91767296560936
29,City,Solids,36.189251420979694
29,City,Liquid,49.93661245869485
30,City,Total,81.45808663177681
30,City,Solids,37.78776549049431
30,City,Liquid,45.37896578439487
31,City,Total,81.44763842494459
31,City,Solids,33.06556294006292
31,City,Liquid,51.16434325447524
32,City,Total,78.88364553151835
32,City,Solids,33.107947692467654
32,City,Liquid,46.07866767364612
33,City,Total,86.39239888758405
33,City,Solids,27.830637716872275
33,City,Liquid,59.46641842362017
34,City,Total,78.40507259986042
34,City,Solids,40.87852800351416
34,City,Liquid,37.82092828045656
35,City,Total,83.6276486478384
35,City,Solids,47.411610508260026
35,City,Liquid,36.836179827760034
36,City,Total,81.59139521716575
36,City,Solids,48.15233232347304
36,City,Liquid,33.22882412001385
37,City,Total,87.4165150142557
37,City,Solids,44.411885201648516
37,City,Liquid,39.96751635596754
38,City,Total,84.55475145968653
38,City,Solids,35.337365884429445
38,City,Liquid,51.434711536747926
39,City,Total,82.67325534366894
39,City,Solids,50.791926146508814
39,City,Liquid,32.44444560350247
40,City,Total,80.0087006363946
40,City,Solids,41.49160018135832
40,City,Liquid,40.07409790709697
41,City,Total,75.27387736422952
41,City,Solids,42.28448761668165
41,City,Liquid,32.24922936723736
42,City,Total,84.93541432528654
42,City,Solids,33.91278939915935
42,City,Liquid,52.7766758849326
43,City,Total,79.91583617787525
43,City,Solids,31.304832105256292
43,City,Liquid,50.883780472076154
44,City,Total,83.42708833572942
44,City,Solids,48.48845666220495
44,City,Liquid,35.26924731906963
45,City,Total,81.00898636755036
45,City,Solids,48.085660634533575
45,City,Liquid,33.13689167366483
46,City,Total,84.7070925171626
46,City,Solids,38.55813059672879
46,City,Liquid,45.429667289204936
47,City,Total,80.78463592019035
47,City,Solids,41.78248776817552
47,City,Liquid,42.432722005487314
48,City,Total,84.08622345058464
48,City,Solids,42.97771910540143
48,City,Liquid,40.21673448821042
49,City,Total,80.00268429943331
49,City,Solids,50.92598264871013
49,City,Liquid,29.49392041091789
50,City,Total,82.44979419529885
50,City,Solids,39.43237184030665
50,City,Liquid,43.953995822701394
51,City,Total,81.62059425554743
51,City,Solids,22.971984341343223
51,City,Liquid,59.851800037290126
52,City,Total,79.3051940377536
52,City,Solids,38.22914098266413
52,City,Liquid,42.77735793731818
53,City,Total,82.24182234429831
53,City,Solids,31.91904102413391
53,City,Liquid,50.33347414181869
54,City,Total,80.36206337180987
54,City,Solids,45.22284078544778
54,City,Liquid,36.839420907014556
55,City,Total,79.44502576387153
55,City,Solids,46.349336236160326
55,City,Liquid,33.05637727586975
56,City,Total,84.00282380816003
56,City,Solids,39.75106737614556
56,City,Liquid,46.98217578639958
57,City,Total,84.27816521381595
57,City,Solids,45.20729815505789
57,City,Liquid,39.14529735408488
58,City,Total,83.92150903559865
58,City,Solids,43.90897285057644
58,City,Liquid,41.47210679100113
59,City,Total,85.97687940397472
59,City,Solids,29.62523700544378
59,City,Liquid,56.33893546222153
60,City,Total,84.74801849400562
60,City,Solids,34.87800669978577
60,City,Liquid,51.82236554393306
61,City,Total,85.32878926902113
61,City,Solids,35.2581095431788
61,City,Liquid,52.270367252560476
62,City,Total,86.38048828737975
62,City,Solids,33.81792886326151
62,City,Liquid,53.28457133545099
63,City,Total,81.19360189928526
63,City,Solids,18.810476394206066
63,City,Liquid,65.28379582335646
64,City,Total,80.43325293159239
64,City,Solids,39.199419560665014
64,City,Liquid,46.76885476350987
65,City,Total,81.19598150008393
65,City,Solids,41.979055417364854
65,City,Liquid,41.583121810608425
66,City,Total,83.67138524487038
66,City,Solids,36.25940218112396
66,City,Liquid,50.03512138596026
67,City,Total,85.99059723023593
67,City,Solids,38.609627616253405
67,City,Liquid,47.60569803045945
68,City,Total,81.85697622363476
68,City,Solids,50.572017170427294
68,City,Liquid,32.043393226784
69,City,Total,81.83573361958368
69,City,Solids,48.330353684128795
69,City,Liquid,34.99821160235289
70,City,Total,82.46437931964209
70,City,Solids,44.80690155879373
70,City,Liquid,39.80900145676497
71,City,Total,83.7632017884429
71,City,Solids,28.967703038427274
71,City,Liquid,55.45664052710656
72,City,Total,82.3430305514864
72,City,Solids,39.986021869303016
72,City,Liquid,45.51878189112621
73,City,Total,79.5454752025298
73,City,Solids,29.98235213333332
73,City,Liquid,51.60789136355278
74,City,Total,82.54591693082118
74,City,Solids,42.38466143954957
74,City,Liquid,41.020254050327964
75,City,Total,80.79354065266962
75,City,Solids,49.42505850017584
75,City,Liquid,32.255522073218785
76,City,Total,86.74260197540656
76,City,Solids,37.47049373112104
76,City,Liquid,49.9071977972583
77,City,Total,82.89324458279275
77,City,Solids,34.905915941981924
77,City,Liquid,48.12006261400106
78,City,Total,86.81099262005014
78,City,Solids,27.734174361406446
78,City,Liquid,59.028574164800176
79,City,Total,83.25508887173899
79,City,Solids,41.015847955513244
79,City,Liquid,44.29904000946459
80,City,Total,82.32207290757138
80,City,Solids,39.59841519174918
80,City,Liquid,44.997663492732684
81,City,Total,82.90396023395644
81,City,Solids,38.60602938903098
81,City,Liquid,47.507549101134906
82,City,Total,75.38984330467169
82,City,Solids,34.527927542746674
82,City,Liquid,39.63226065833913
83,City,Total,87.39138194166938
83,City,Solids,32.12281977925537
83,City,Liquid,56.45500905342542
84,City,Total,82.56760900976086
84,City,Solids,33.75646002875268
84,City,Liquid,49.649644548093356
85,City,Total,82.59950144235422
85,City,Solids,42.2375012756614
85,City,Liquid,40.71359110522724
86,City,Total,81.85262243289463
86,City,Solids,45.008077941061266
86,City,Liquid,37.563635432722755
87,City,Total,83.26281489533133
87,City,Solids,32.40688343807884
87,City,Liquid,55.57165654855898
88,City,Total,82.5932464670419
88,City,Solids,41.10509853261792
88,City,Liquid,44.131775908716406
89,City,Total,79.37285244764611
89,City,Solids,30.020330660307515
89,City,Liquid,51.927030450764875
90,City,Total,79.45054642569715
90,City,Solids,45.408011159017555
90,City,Liquid,36.58660021434035
91,City,Total,84.62669982910322
91,City,Solids,42.184665318732215
91,City,Liquid,43.88940209783841
92,City,Total,82.15377563701875
92,City,Solids,35.6253545683515
92,City,Liquid,50.9793632222707
93,City,Total,75.17167890436497
93,City,Solids,34.60052311875234
93,City,Liquid,40.40524027261541
94,City,Total,84.52916409856256
94,City,Solids,39.18182202605101
94,City,Liquid,46.988900694105816
95,City,Total,82.47063654689325
95,City,Solids,31.457495493986144
95,City,Liquid,55.93698339857542
96,City,Total,83.00394571438892
96,City,Solids,42.86686402136727
96,City,Liquid,41.513359742965044
97,City,Total,82.98030684239079
97,City,Solids,38.92905944770544
97,City,Liquid,47.419460688669105
98,City,Total,81.43350757528526
98,City,Solids,43.64921474029709
98,City,Liquid,39.7780328225101
99,City,Total,81.81143365984633
99,City,Solids,32.11826280245759
99,City,Liquid,49.90150249161538
100,City,Total,81.45241681321
100,City,Solids,44.64282544791015
100,City,Liquid,38.976037553147144
101,City,Total,81.60425170591533
101,City,Solids,32.94648869314396
101,City,Liquid,50.31935797520396
102,City,Total,86.45083838482547
102,City,Solids,36.09715302630358
102,City,Liquid,50.63515985967027
103,City,Total,84.79976198112963
103,City,Solids,20.87856755340094
103,City,Liquid,66.80467734184474
104,City,Total,86.52047454147201
104,City,Solids,38.385363760558924
104,City,Liquid,47.6912425095512
105,City,Total,76.7757909761604
105,City,Solids,39.547392318463515
105,City,Liquid,37.21507345866355
106,City,Total,84.28376490333494
106,City,Solids,38.43693667473716
106,City,Liquid,46.91426059113541
107,City,Total,81.2115799239459
107,City,Solids,39.24162211818595
107,City,Liquid,43.390567493276826
108,City,Total,79.69744220030265
108,City,Solids,37.78054963201764
108,City,Liquid,42.48938518981936
109,City,Total,82.91650039587162
109,City,Solids,37.379127267005515
109,City,Liquid,48.69361448269957
110,City,Total,86.8209151681163
110,City,Solids,29.233885138429827
110,City,Liquid,59.864145548747196
111,City,Total,83.18286612598254
111,City,Solids,33.32857225935973
111,City,Liquid,54.40700774114073
112,City,Total,88.7735677657032
112,City,Solids,34.19136960818667
112,City,Liquid,53.65273104387692
113,City,Total,84.31269220888568
113,City,Solids,33.926333344981
113,City,Liquid,51.164310938191996
114,City,Total,82.79076823246743
114,City,Solids,36.92158056558003
114,City,Liquid,48.85754660832661
115,City,Total,86.68162907012662
115,City,Solids,41.97353365311112
115,City,Liquid,44.245699933407664
116,City,Total,84.77406995021819
116,City,Solids,28.51518052981356
116,City,Liquid,56.80326991944257
117,City,Total,81.54207387500453
117,City,Solids,45.35753140356293
117,City,Liquid,35.78325969965886
118,City,Total,88.7338569633218
118,City,Solids,23.126536896427087
118,City,Liquid,66.28186821609756
119,City,Total,86.31453006831552
119,City,Solids,27.977888835752207
119,City,Liquid,60.09542052229313
120,City,Total,80.69067855873247
120,City,Solids,45.410549309870134
120,City,Liquid,38.52558699989048
121,City,Total,81.82860324438137
121,City,Solids,42.93624910831531
121,City,Liquid,38.41233142700791
122,City,Total,69.93631527473052
122,City,Solids,33.27544932727915
122,City,Liquid,36.19279038300745
123,City,Total,86.31810383824927
123,City,Solids,20.478599671105027
123,City,Liquid,66.93757188842004
124,City,Total,81.47042216863149
124,City,Solids,41.21152177889655
124,City,Liquid,44.073911316176776
125,City,Total,81.12452967294142
125,City,Solids,52.15739164790724
125,City,Liquid,31.17442855979074
126,City,Total,86.59611995765694
126,City,Solids,38.3478697396988
126,City,Liquid,47.84226302998382
127,City,Total,86.05342890408149
127,City,Solids,33.87375445326736
127,City,Liquid,53.22998468571847
128,City,Total,79.09883547128213
128,City,Solids,41.115802713511975
128,City,Liquid,38.162488509476866
129,City,Total,84.36768041021206
129,City,Solids,36.35918084234778
129,City,Liquid,47.328052720216185
130,City,Total,85.51570524225434
130,City,Solids,35.55864581764509
130,City,Liquid,52.25329675502538
131,City,Total,83.37287968124853
131,City,Solids,45.190517160774604
131,City,Liquid,38.21413081361094
132,City,Total,86.36649971600782
132,City,Solids,44.17546749138301
132,City,Liquid,40.49686172492192
133,City,Total,84.60770412749243
133,City,Solids,44.60512550386781
133,City,Liquid,40.459542819170224
134,City,Total,88.47353424057746
134,City,Solids,22.909602090034063
134,City,Liquid,67.6099218964472
135,City,Total,81.36214429921625
135,City,Solids,46.10871031614966
135,City,Liquid,37.20337351514073
136,City,Total,82.59510717133757
136,City,Solids,37.95877062595299
136,City,Liquid,47.72327408031799
137,City,Total,83.6380759299011
137,City,Solids,49.14465188441541
137,City,Liquid,33.906608263097944
138,City,Total,83.880836708297565
138,City,Solids,37.788644089433745
138,City,Liquid,47.31324879378788
139,City,Total,78.23288873118524
139,City,Solids,33.77911271674179
139,City,Liquid,45.31674005898124
140,City,Total,84.90086094213171
140,City,Solids,30.149169898381277
140,City,Liquid,56.488363908348774
141,City,Total,75.95506347587654
141,City,Solids,31.05923603891152
141,City,Liquid,44.689327617202764
142,City,Total,81.34484111727936
142,City,Solids,50.09060650525539
142,City,Liquid,33.01258840449074
143,City,Total,80.19107102211865
143,City,Solids,30.64817070272498
143,City,Liquid,52.86636900655748
144,City,Total,84.48279273174167
144,City,Solids,33.63382448759089
144,City,Liquid,52.00617067434781
145,City,Total,83.45290247909159
145,City,Solids,31.765218277501813
145,City,Liquid,55.13693019987282
146,City,Total,83.89624354050824
146,City,Solids,34.92340191401513
146,City,Liquid,52.65834221124813
147,City,Total,80.71434799296678
147,City,Solids,48.039014713470536
147,City,Liquid,36.243983813398465
148,City,Total,83.84687105343424
148,City,Solids,26.99267784435139
148,City,Liquid,56.777557060459486
149,City,Total,83.9844884459076
149,City,Solids,37.057294688144324
149,City,Liquid,46.9585986917935
150,City,Total,81.80155383818065
150,City,Solids,42.449158533514854
150,City,Liquid,41.267507384011246
151,City,Total,85.7432229498886
151,City,Solids,40.33084132870672
151,City,Liquid,45.36742911658379
152,City,Total,79.42191684446192
152,City,Solids,42.549344064428105
152,City,Liquid,38.90820826919285
153,City,Total,84.10271304678022
153,City,Solids,36.25338735422993
153,City,Liquid,46.84571190243334
154,City,Total,81.46899157916936
154,City,Solids,24.007356139407527
154,City,Liquid,59.605376909973394
155,City,Total,82.77279731031672
155,City,Solids,41.13403139679747
155,City,Liquid,44.19580102871327
156,City,Total,84.93067627199288
156,City,Solids,34.61384667419012
156,City,Liquid,53.134175349462886
157,City,Total,83.32034951509047
157,City,Solids,37.034629589336795
157,City,Liquid,49.294237406173764
158,City,Total,77.4269713992353
158,City,Solids,52.119033250683756
158,City,Liquid,25.16993206832821
159,City,Total,80.96551807868457
159,City,Solids,42.76555080486545
159,City,Liquid,38.16810139515026
160,City,Total,82.86172073872055
160,City,Solids,43.935993714647424
160,City,Liquid,39.97985641778749
161,City,Total,83.45681581835979
161,City,Solids,44.05264790834109
161,City,Liquid,40.56253698536732
162,City,Total,88.32612422948226
162,City,Solids,40.72124804608925
162,City,Liquid,45.92642873640097
163,City,Total,77.65039869809402
163,City,Solids,39.65462381639299
163,City,Liquid,38.87888507700862
164,City,Total,85.66529066714294
164,City,Solids,37.15232841769521
164,City,Liquid,49.22832178297962
165,City,Total,83.59653684720682
165,City,Solids,44.01397861242911
165,City,Liquid,39.50304848053203
166,City,Total,82.89902210133366
166,City,Solids,30.919045574544075
166,City,Liquid,52.72505836475167
167,City,Total,82.9083640980954
167,City,Solids,35.58145357122777
167,City,Liquid,51.56037847954976
168,City,Total,81.84881687915716
168,City,Solids,34.916571083043465
168,City,Liquid,49.63241399466411
169,City,Total,75.7431796618354
169,City,Solids,30.67095081163771
169,City,Liquid,45.05968128629687
170,City,Total,81.91906228829774
170,City,Solids,35.57506287680776
170,City,Liquid,50.30969724611046
171,City,Total,79.33164026706814
171,City,Solids,45.17617851030846
171,City,Liquid,34.66799871170513
172,City,Total,83.5918796566732
172,City,Solids,46.71276931082271
172,City,Liquid,37.694927529738465
173,City,Total,83.03290940939034
173,City,Solids,43.026932774118656
173,City,Liquid,41.87131287553939
174,City,Total,80.41709916226519
174,City,Solids,48.83416429645315
174,City,Liquid,33.918967115169494
175,City,Total,84.48839765433978
175,City,Solids,36.9863436864724
175,City,Liquid,49.364227432491035
176,City,Total,84.24227399329706
176,City,Solids,36.065620669680875
176,City,Liquid,49.75935484210169
177,City,Total,83.67212485761296
177,City,Solids,32.975407695298394
177,City,Liquid,51.82255416521853
178,City,Total,86.39126116821254
178,City,Solids,43.84919006906303
178,City,Liquid,41.172578766904095
179,City,Total,79.56506640372444
179,City,Solids,39.54694276438753
179,City,Liquid,42.57539473083926
180,City,Total,82.47804643257581
180,City,Solids,46.75032484519978
180,City,Liquid,37.78404961888792
181,City,Total,83.85162719171238
181,City,Solids,38.9108560043275
181,City,Liquid,45.64813603172588
182,City,Total,81.84059239530342
182,City,Solids,47.08536247198448
182,City,Liquid,35.75491272326008
183,City,Total,84.45436513858323
183,City,Solids,44.338032843570076
183,City,Liquid,41.672299376931555
184,City,Total,79.5693699288218
184,City,Solids,50.056707540113656
184,City,Liquid,30.591500168580804
185,City,Total,80.97369603560358
185,City,Solids,32.76588169611611
185,City,Liquid,48.767831865444926
186,City,Total,81.44883799258854
186,City,Solids,40.498503636874204
186,City,Liquid,44.6908167145033
187,City,Total,83.32728029832504
187,City,Solids,35.425011117876764
187,City,Liquid,48.15706936680804
188,City,Total,79.3941480519926
188,City,Solids,46.24377453481309
188,City,Liquid,36.70301890518131
189,City,Total,84.94760293239148
189,City,Solids,29.154631228178502
189,City,Liquid,56.704004089483796
190,City,Total,82.9304072151282
190,City,Solids,33.350469577551934
190,City,Liquid,49.360262953728665
191,City,Total,84.65949206495364
191,City,Solids,45.883591592817396
191,City,Liquid,38.2430932422679
192,City,Total,87.38662008902384
192,City,Solids,45.20053480135677
192,City,Liquid,38.782865810032234
193,City,Total,78.0685646465063
193,City,Solids,42.86310053892941
193,City,Liquid,35.3984789301354
194,City,Total,82.10187170413099
194,City,Solids,38.834841579267106
194,City,Liquid,44.17846754672185
195,City,Total,85.45779435977808
195,City,Solids,40.19136642320438
195,City,Liquid,45.68280977148473
196,City,Total,86.75543242030727
196,City,Solids,27.035483550209616
196,City,Liquid,62.05495216595538
197,City,Total,81.7391436610443
197,City,Solids,37.905408810730734
197,City,Liquid,44.40682824876654
198,City,Total,84.22479231279677
198,City,Solids,34.81789315465821
198,City,Liquid,50.88826828898528
199,City,Total,80.15485939115523
199,City,Solids,46.55318136218297
199,City,Liquid,33.38250665310354
200,City,Total,83.05805301993733
200,City,Solids,45.41647746807917
200,City,Liquid,38.15427704771698
201,City,Total,79.84401691705794
201,City,Solids,33.36754418458811
201,City,Liquid,51.36615924088551
202,City,Total,82.58165402048238
202,City,Solids,36.34282813977362
202,City,Liquid,49.84563093622988
203,City,Total,84.78755189054131
203,City,Solids,46.564939725540725
203,City,Liquid,36.219814787438196
204,City,Total,81.52147315380685
204,City,Solids,47.95917241885802
204,City,Liquid,35.87929581850965
205,City,Total,86.4616370813242
205,City,Solids,40.984557865080504
205,City,Liquid,43.693364355842974
206,City,Total,79.14359510717156
206,City,Solids,40.66886193585314
206,City,Liquid,40.44279632522193
207,City,Total,81.59459185478661
207,City,Solids,39.88673884667701
207,City,Liquid,46.44682157843458
208,City,Total,85.8599733003799
208,City,Solids,33.748365624186086
208,City,Liquid,51.72422845047841
209,City,Total,87.44967175254483
209,City,Solids,29.26578612296449
209,City,Liquid,58.7897267660128
210,City,Total,81.34573952391413
210,City,Solids,36.94131332859648
210,City,Liquid,48.003479039864075
211,City,Total,89.30810652024954
211,City,Solids,26.149069263476587
211,City,Liquid,63.843033864143216
212,City,Total,83.46916484204746
212,City,Solids,26.454171817918574
212,City,Liquid,61.49731610116061
213,City,Total,79.17633633304393
213,City,Solids,40.668793719227345
213,City,Liquid,40.32148575252499
214,City,Total,82.56492798807754
214,City,Solids,31.092870074954583
214,City,Liquid,53.422828405182265
215,City,Total,85.73561372453914
215,City,Solids,38.604786826190974
215,City,Liquid,46.06808023229478
216,City,Total,79.95193884510522
216,City,Solids,48.61228675260176
216,City,Liquid,34.74918387984721
217,City,Total,84.05282725197716
217,City,Solids,29.243871266238123
217,City,Liquid,59.153485710214525
218,City,Total,82.96640930538231
218,City,Solids,37.532820794872755
218,City,Liquid,47.78260080147727
219,City,Total,82.66754162806956
219,City,Solids,30.048637558368647
219,City,Liquid,55.10190641988395
220,City,Total,82.14670427878204
220,City,Solids,41.2554156286203
220,City,Liquid,43.970200064357854
221,City,Total,77.63763265124817
221,City,Solids,36.74860509568922
221,City,Liquid,40.85098112951257
222,City,Total,87.66695801682678
222,City,Solids,29.464687044289068
222,City,Liquid,59.31546916282926
223,City,Total,83.11229260950141
223,City,Solids,44.42663256695473
223,City,Liquid,39.90680466599516
224,City,Total,83.80137807439684
224,City,Solids,37.504068175315986
224,City,Liquid,48.61074149290797
225,City,Total,82.36202999606802
225,City,Solids,35.44278685665084
225,City,Liquid,48.93117599505601
226,City,Total,82.33450861940152
226,City,Solids,53.5920195726088
226,City,Liquid,28.297976128768028
227,City,Total,85.9509302901823
227,City,Solids,45.095200073628185
227,City,Liquid,38.37900699433443
228,City,Total,79.36878232967622
228,City,Solids,44.61757026571544
228,City,Liquid,34.57309936213438
229,City,Total,82.70009056207522
229,City,Solids,48.583244191322486
229,City,Liquid,34.986411438625616
230,City,Total,85.01171742388733
230,City,Solids,43.22110361492506
230,City,Liquid,41.417842308835276
231,City,Total,85.07269799869326
231,City,Solids,38.137549332933744
231,City,Liquid,47.983271658549995
232,City,Total,86.06267325205054
232,City,Solids,38.88307686383875
232,City,Liquid,47.36282367664761
233,City,Total,82.20931624416079
233,City,Solids,43.360596213684225
233,City,Liquid,38.654214788889554
234,City,Total,81.92974460742741
234,City,Solids,44.43962762126073
234,City,Liquid,39.44002932313713
235,City,Total,85.7317333921713
235,City,Solids,32.02624575230671
235,City,Liquid,55.11205332618678
236,City,Total,83.11611997495451
236,City,Solids,41.434745243522336
236,City,Liquid,43.11247057226509
237,City,Total,87.15629264687792
237,City,Solids,28.902221248622233
237,City,Liquid,59.241271536730146
238,City,Total,88.46733280822947
238,City,Solids,38.481687589696996
238,City,Liquid,48.142105066369304
239,City,Total,76.0844287636025
239,City,Solids,33.0047350506034
239,City,Liquid,42.85980198187541
240,City,Total,81.58677304711833
240,City,Solids,32.57768261742211
240,City,Liquid,55.406159521365396
241,City,Total,82.47285971130138
241,City,Solids,44.10851341117515
241,City,Liquid,41.10688377370544
242,City,Total,82.77791055813745
242,City,Solids,49.24275815722507
242,City,Liquid,32.347661635334866
243,City,Total,84.40884756880314
243,City,Solids,34.44450452563012
243,City,Liquid,53.33977959804269
244,City,Total,84.97022364957186
244,City,Solids,36.4863981372215
244,City,Liquid,47.291558005777546
245,City,Total,80.67677217098793
245,City,Solids,51.59826529161818
245,City,Liquid,28.43631418003328
246,City,Total,81.6499028200097
246,City,Solids,45.590869930988084
246,City,Liquid,37.52308686634904
247,City,Total,84.89238062588498
247,City,Solids,48.295993219704464
247,City,Liquid,36.86672031813027
248,City,Total,85.99644892896508
248,City,Solids,36.48046005896788
248,City,Liquid,50.942829805769804
249,City,Total,85.3344621154255
249,City,Solids,47.03840343330302
249,City,Liquid,38.13297474608599
250,City,Total,77.42044140159736
250,City,Solids,44.520096994799424
250,City,Liquid,32.893896531738164
251,City,Total,85.89128285769411
251,City,Solids,31.391557414066163
251,City,Liquid,54.73380244098915
252,City,Total,80.76517355487812
252,City,Solids,46.81166787085352
252,City,Liquid,34.71889136859219
253,City,Total,84.69999542783752
253,City,Solids,43.923159752176716
253,City,Liquid,40.54438922897016
254,City,Total,87.25415679366351
254,City,Solids,42.818179323895095
254,City,Liquid,42.36896729127092
255,City,Total,79.83987543835056
255,City,Solids,47.146621631752936
255,City,Liquid,32.6186104147433
256,City,Total,82.8453915478378
256,City,Solids,35.31104356398717
256,City,Liquid,51.383347105594254
257,City,Total,79.47021535753633
257,City,Solids,45.51722547335085
257,City,Liquid,33.69781766516284
258,City,Total,86.8382649348734
258,City,Solids,36.84951357323734
258,City,Liquid,51.02891589589266
259,City,Total,89.41565418772613
259,City,Solids,37.4090191983651
259,City,Liquid,49.23207845665545
260,City,Total,81.2926379090713
260,City,Solids,35.57514481331774
260,City,Liquid,47.436264240955346
261,City,Total,82.88421351089701
261,City,Solids,48.82146494731948
261,City,Liquid,35.08890110503911
262,City,Total,86.09660890980147
262,City,Solids,38.596857513498875
262,City,Liquid,48.11550637537796
263,City,Total,80.83660476223898
263,City,Solids,36.93322442646904
263,City,Liquid,45.11773958670868
264,City,Total,84.44652550783658
264,City,Solids,30.3784099369579
264,City,Liquid,56.4197232550605
265,City,Total,79.20760348172536
265,City,Solids,44.386430765734595
265,City,Liquid,35.87901576507378
266,City,Total,82.97737661425221
266,City,Solids,44.77499776706649
266,City,Liquid,39.33063393799257
267,City,Total,84.75791379523936
267,City,Solids,39.124308145469286
267,City,Liquid,45.44703931309774
268,City,Total,80.35183788197445
268,City,Solids,46.47286865103252
268,City,Liquid,34.62264695134801
269,City,Total,82.00067829343476
269,City,Solids,45.31199871478921
269,City,Liquid,38.53413650139343
270,City,Total,82.81871706325285
270,City,Solids,39.27483648157541
270,City,Liquid,47.40582783463978
271,City,Total,79.3144930805943
271,City,Solids,32.724420899330504
271,City,Liquid,47.88343331695663
272,City,Total,77.55788500205605
272,City,Solids,38.49606991710904
272,City,Liquid,39.04466060425237
273,City,Total,75.17080194984382
273,City,Solids,47.32360230683898
273,City,Liquid,27.968774754610966
274,City,Total,80.84274394428567
274,City,Solids,47.19820649882738
274,City,Liquid,36.578363547199515
275,City,Total,82.16993682433034
275,City,Solids,43.26077023323978
275,City,Liquid,41.40330715450069
276,City,Total,84.02187470348939
276,City,Solids,40.38760521608066
276,City,Liquid,44.48213532735406
277,City,Total,81.88653497262789
277,City,Solids,34.17687479301971
277,City,Liquid,52.010702984504654
278,City,Total,82.62958265010768
278,City,Solids,40.48782228384189
278,City,Liquid,46.057671665116814
279,City,Total,82.64154004568526
279,City,Solids,39.129967052408595
279,City,Liquid,44.98187282474191
280,City,Total,88.32475756662768
280,City,Solids,28.437634374991603
280,City,Liquid,60.70769966524857
281,City,Total,84.4184888274925
281,City,Solids,34.72076577127418
281,City,Liquid,52.39775133715888
282,City,Total,80.27802608262476
282,City,Solids,49.5651622876537
282,City,Liquid,32.50147140334065
283,City,Total,82.97764942178424
283,City,Solids,42.0551585241849
283,City,Liquid,43.37350706428666
284,City,Total,82.77387164779383
284,City,Solids,37.16817487761085
284,City,Liquid,47.716583615589315
285,City,Total,83.57522305296837
285,City,Solids,41.44550081273752
285,City,Liquid,43.822845318828826
286,City,Total,79.24676785455645
286,City,Solids,46.162577976791916
286,City,Liquid,34.151835096528906
287,City,Total,85.69370998191899
287,City,Solids,35.90570966306132
287,City,Liquid,50.18795279172624
288,City,Total,85.91765453302483
288,City,Solids,36.81994304903715
288,City,Liquid,50.29915032040253
289,City,Total,82.75901127977036
289,City,Solids,42.76777589816035
289,City,Liquid,40.62750205570468
290,City,Total,80.48843857143609
290,City,Solids,36.76254574292374
290,City,Liquid,44.551738736206005
291,City,Total,84.66831835965588
291,City,Solids,40.32084306706793
291,City,Liquid,45.60693992368164
292,City,Total,80.68225884762276
292,City,Solids,41.08432912982817
292,City,Liquid,42.310780929393644
293,City,Total,85.01769238601211
293,City,Solids,31.05912263076301
293,City,Liquid,54.65159671031682
294,City,Total,81.27245020138866
294,City,Solids,37.563922007000485
294,City,Liquid,46.06829271016422
295,City,Total,86.64176570526725
295,City,Solids,26.731972364570606
295,City,Liquid,61.081803694529754
296,City,Total,80.03572698116346
296,City,Solids,42.25689300536524
296,City,Liquid,41.337382067795
297,City,Total,84.80056291007982
297,City,Solids,42.342922766683735
297,City,Liquid,41.48017031202943
298,City,Total,84.4268832969187
298,City,Solids,42.42821680743572
298,City,Liquid,42.197969526732884
299,City,Total,82.44757674589941
299,City,Solids,38.353520582257914
299,City,Liquid,44.897508269808725
300,City,Total,86.42274587165653
300,City,Solids,31.807335934016496
300,City,Liquid,54.30341725789195
301,City,Total,83.05201995517797
301,City,Solids,53.53132297048625
301,City,Liquid,28.669759987507064
302,City,Total,84.63898193745568
302,City,Solids,40.042336516956404
302,City,Liquid,45.2761337351133
303,City,Total,81.38883814566873
303,City,Solids,50.435245485679125
303,City,Liquid,32.25832074313729
304,City,Total,78.80511911294866
304,City,Solids,47.128536135554654
304,City,Liquid,33.815336082610045
305,City,Total,82.03530787408216
305,City,Solids,50.05312252705008
305,City,Liquid,33.6038664999311
306,City,Total,81.57635507872419
306,City,Solids,45.72959737372561
306,City,Liquid,39.11797396736978
307,City,Total,83.01137320624154
307,City,Solids,34.74643259075001
307,City,Liquid,52.08265042427359
308,City,Total,82.36098076749663
308,City,Solids,49.73304162407406
308,City,Liquid,33.6341807610779
309,City,Total,83.80987291983615
309,City,Solids,47.30828883066439
309,City,Liquid,37.21840333870461
310,City,Total,79.32841105574504
310,City,Solids,37.46973823260849
310,City,Liquid,42.72299367142699
311,City,Total,83.25758851862174
311,City,Solids,51.52355218912938
311,City,Liquid,30.849553938870706
312,City,Total,85.8082559764033
312,City,Solids,36.68017777140321
312,City,Liquid,48.65909204030717
313,City,Total,81.26713005237191
313,City,Solids,42.4064079655269
313,City,Liquid,42.298002654442435
314,City,Total,85.07899420990009
314,City,Solids,37.23588595883307
314,City,Liquid,49.21729156316068
315,City,Total,80.266783001808
315,City,Solids,35.2729304881911
315,City,Liquid,47.30799808400884
316,City,Total,84.61023822291105
316,City,Solids,51.887057528790436
316,City,Liquid,31.359182034936612
317,City,Total,87.91187751685749
317,City,Solids,44.90368038012041
317,City,Liquid,39.07908984239152
318,City,Total,84.09894214362356
318,City,Solids,42.240736963900574
318,City,Liquid,42.45682663127906
319,City,Total,85.29023355058392
319,City,Solids,48.7900039403981
319,City,Liquid,34.06384610096774
320,City,Total,85.23724867689809
320,City,Solids,31.413195227353054
320,City,Liquid,55.11479515631731
321,City,Total,89.91927684669943
321,City,Solids,13.581398865915634
321,City,Liquid,77.40025183161349
322,City,Total,82.63872883427541
322,City,Solids,45.49981946266293
322,City,Liquid,37.336978500612595
323,City,Total,84.60219151223029
323,City,Solids,32.536338825131054
323,City,Liquid,54.563852251479084
324,City,Total,83.30170834096837
324,City,Solids,48.45353652721792
324,City,Liquid,34.85436996436524
325,City,Total,91.31930279142748
325,City,Solids,20.71976807095847
325,City,Liquid,70.97175055798341
326,City,Total,80.84056299895252
326,City,Solids,36.62128552499376
326,City,Liquid,45.539702802492876
327,City,Total,81.5432440617888
327,City,Solids,36.13780917736399
327,City,Liquid,47.741471472941846
328,City,Total,86.20900430715392
328,City,Solids,49.0510925691035
328,City,Liquid,35.04899985811717
329,City,Total,83.15301338919934
329,City,Solids,40.59074051575618
329,City,Liquid,44.961880373617966
330,City,Total,76.73676274721018
330,City,Solids,33.725033510362145
330,City,Liquid,43.02334640789833
331,City,Total,84.34220294389462
331,City,Solids,46.523628746829026
331,City,Liquid,36.53604253581496
332,City,Total,83.06144039499999
332,City,Solids,55.969407491478165
332,City,Liquid,27.322981272485215
333,City,Total,82.19369790144741
333,City,Solids,40.50232658740754
333,City,Liquid,44.66275486813718
334,City,Total,83.24934584666717
334,City,Solids,31.817961267271293
334,City,Liquid,55.85813520899697
335,City,Total,83.08746202362909
335,City,Solids,41.41374147118427
335,City,Liquid,44.11577280661073
336,City,Total,84.97315791412723
336,City,Solids,32.701173526159714
336,City,Liquid,55.067233490136225
337,City,Total,80.55705080604906
337,City,Solids,41.03522840170929
337,City,Liquid,43.72871250455772
338,City,Total,74.9324838552053
338,City,Solids,31.702049841550096
338,City,Liquid,43.1581712982761
339,City,Total,77.19391818432025
339,City,Solids,46.21514997815591
339,City,Liquid,31.53208231233144
340,City,Total,84.64234236609819
340,City,Solids,44.05189232982283
340,City,Liquid,39.82473408646681
341,City,Total,81.30966807504782
341,City,Solids,43.71762556812214
341,City,Liquid,39.157812659006915
342,City,Total,85.81559825930472
342,City,Solids,39.20230909783701
342,City,Liquid,47.318215626203745
343,City,Total,79.59893865188553
343,City,Solids,50.01398660671359
343,City,Liquid,29.88445754870081
344,City,Total,86.60633917316429
344,City,Solids,46.30166648531798
344,City,Liquid,37.8700327973725
345,City,Total,84.24235585542145
345,City,Solids,36.986526879174626
345,City,Liquid,47.651544533015986
346,City,Total,87.04455677501355
346,City,Solids,25.652105616985676
346,City,Liquid,63.350256733470225
347,City,Total,81.03949068190448
347,City,Solids,30.46603837700481
347,City,Liquid,51.51029384020169
348,City,Total,80.06233534102435
348,City,Solids,45.95782607484987
348,City,Liquid,34.53932596189284
349,City,Total,81.70380084345328
349,City,Solids,29.634018438455545
349,City,Liquid,56.17212467865145
350,City,Total,69.19867545693373
350,City,Solids,36.10441197399606
350,City,Liquid,30.820540577859894
351,City,Total,82.07910989132134
351,City,Solids,42.191218991458626
351,City,Liquid,41.3599654328495
352,City,Total,80.98790139656353
352,City,Solids,46.927246045872316
352,City,Liquid,34.80079755090894
353,City,Total,82.70590102383125
353,City,Solids,33.869852826462164
353,City,Liquid,49.54772564230919
354,City,Total,77.82671702010506
354,City,Solids,41.24021869753894
354,City,Liquid,36.728396820677226
355,City,Total,81.6598001113018
355,City,Solids,38.20440544113135
355,City,Liquid,46.27569950160776
356,City,Total,87.05304428243839
356,City,Solids,49.24261512222125
356,City,Liquid,35.04039996221783
357,City,Total,85.41245968545536
357,City,Solids,36.69437970511627
357,City,Liquid,51.12040665566522
358,City,Total,86.25520869980487
358,City,Solids,25.48703630195228
358,City,Liquid,63.672184703881115
359,City,Total,88.43899770107974
359,City,Solids,22.830964109704038
359,City,Liquid,66.9837051327682
360,City,Total,78.20524471795245
360,City,Solids,41.669567861920385
360,City,Liquid,36.7476522662704
361,City,Total,80.31803577356288
361,City,Solids,50.559982177850735
361,City,Liquid,33.08105308761651
362,City,Total,80.20187767810786
362,City,Solids,42.53962217828757
362,City,Liquid,41.17464245921951
363,City,Total,80.78614157919463
363,City,Solids,37.835079556957574
363,City,Liquid,45.98006525634817
364,City,Total,87.41455580499316
364,City,Solids,29.277343771464793
364,City,Liquid,58.88011713252378
365,City,Total,81.49197490058049
365,City,Solids,43.32316373600346
365,City,Liquid,40.366278935289586
366,City,Total,82.74980925251917
366,City,Solids,43.32050477968128
366,City,Liquid,40.94280875969642
367,City,Total,84.53672118715481
367,City,Solids,29.92000517993253
367,City,Liquid,58.886355275496626
368,City,Total,83.51959509540534
368,City,Solids,30.640441653706553
368,City,Liquid,53.25366270482492
369,City,Total,83.86379013771744
369,City,Solids,43.2974700971108
369,City,Liquid,43.54037855891437
370,City,Total,81.21679318271852
370,City,Solids,31.91100683856237
370,City,Liquid,54.77238902722732
371,City,Total,87.76161945567137
371,City,Solids,37.255643562868435
371,City,Liquid,48.56435169889267
372,City,Total,82.41999938158507
372,City,Solids,36.96295713610491
372,City,Liquid,48.616656338962486
373,City,Total,81.42716690989211
373,City,Solids,35.39571526719603
373,City,Liquid,47.279344026152835
374,City,Total,84.9323173361232
374,City,Solids,39.49080044480602
374,City,Liquid,47.468057354664225
375,City,Total,79.49357769382335
375,City,Solids,32.51028594172179
375,City,Liquid,49.51184863356737
376,City,Total,88.96465946930026
376,City,Solids,22.798066382950342
376,City,Liquid,67.66041276019136
377,City,Total,84.30048620523446
377,City,Solids,42.53227320860432
377,City,Liquid,41.430967730721115
378,City,Total,85.45162360428378
378,City,Solids,33.478458648003425
378,City,Liquid,54.037378429032515
379,City,Total,87.6082412363196
379,City,Solids,41.77315312348812
379,City,Liquid,43.56536259495849
380,City,Total,83.182396854596007
380,City,Solids,41.38454611684026
380,City,Liquid,43.374432086160425
381,City,Total,83.69918923465754
381,City,Solids,36.490986695732936
381,City,Liquid,49.455833605239896
382,City,Total,83.61433281378741
382,City,Solids,42.52509466847908
382,City,Liquid,43.11994961247223
383,City,Total,84.94249212669523
383,City,Solids,35.090653619946785
383,City,Liquid,52.964508905659414
384,City,Total,83.63240363676123
384,City,Solids,32.458834567813696
384,City,Liquid,53.108155867715936
385,City,Total,80.18636343410233
385,City,Solids,40.870745196562204
385,City,Liquid,42.85260946279524
386,City,Total,82.3805086610114
386,City,Solids,43.36115975486935
386,City,Liquid,41.504858983396325
387,City,Total,81.26112642087182
387,City,Solids,33.24388549084497
387,City,Liquid,48.80593552340518
388,City,Total,84.71795171477778
388,City,Solids,38.182907890131766
388,City,Liquid,46.83820463526286
389,City,Total,85.8128906471189
389,City,Solids,43.8008734995152
389,City,Liquid,41.710277341341566
390,City,Total,83.0089657099262
390,City,Solids,49.021791671826556
390,City,Liquid,33.69835503184934
391,City,Total,81.03440806614523
391,City,Solids,50.25482215662511
391,City,Liquid,32.53785830242284
392,City,Total,82.34515940919148
392,City,Solids,42.97145554619221
392,City,Liquid,41.54651089630803
393,City,Total,86.09576835669665
393,City,Solids,25.98299621687835
393,City,Liquid,60.4240850918119
394,City,Total,83.30267655710568
394,City,Solids,39.10791629222635
394,City,Liquid,44.80228388359875
395,City,Total,85.58677103955222
395,City,Solids,44.27539681799563
395,City,Liquid,41.786892472579666
396,City,Total,87.98970521376229
396,City,Solids,39.123620568207286
396,City,Liquid,47.25322713321612
397,City,Total,80.9470903105166
397,City,Solids,54.462338327228466
397,City,Liquid,26.48163887979328
398,City,Total,76.74245706603163
398,City,Solids,40.87032765559711
398,City,Liquid,36.094324963339055
399,City,Total,84.74978520418007
399,City,Solids,38.582560754844444
399,City,Liquid,44.878215442298924
400,City,Total,86.73295862785105
400,City,Solids,34.51718926945967
400,City,Liquid,53.18257799930542
401,City,Total,78.4592624467099
401,City,Solids,47.45014279381263
401,City,Liquid,32.01108336765103
402,City,Total,84.7200416250111
402,City,Solids,36.628673369150775
402,City,Liquid,49.189920369334274
403,City,Total,83.13578323491367
403,City,Solids,46.01621217281659
403,City,Liquid,37.229480713574375
404,City,Total,81.30144651817042
404,City,Solids,38.13771224994048
404,City,Liquid,47.20093267170807
405,City,Total,83.10648578206398
405,City,Solids,44.37994456699888
405,City,Liquid,40.67869878821454
406,City,Total,82.49811456082031
406,City,Solids,51.750958510888566
406,City,Liquid,31.258490389661443
407,City,Total,85.08369039308941
407,City,Solids,43.103460085959405
407,City,Liquid,40.232779384374865
408,City,Total,80.96324119476837
408,City,Solids,45.692621522425526
408,City,Liquid,35.32117208472304
409,City,Total,81.42101812767457
409,City,Solids,37.09109977519912
409,City,Liquid,44.82331878417393
410,City,Total,82.4522457519189
410,City,Solids,42.37456423978963
410,City,Liquid,43.19465404958767
411,City,Total,82.48457451872167
411,City,Solids,34.76114198498721
411,City,Liquid,48.09520574182105
412,City,Total,80.21315656109442
412,City,Solids,46.94415598229607
412,City,Liquid,34.114272288113476
413,City,Total,80.66082244286076
413,City,Solids,41.93913902560214
413,City,Liquid,41.39025866142359
414,City,Total,86.72872525516159
414,City,Solids,18.489184381474146
414,City,Liquid,68.4695300016149
415,City,Total,86.05075288885034
415,City,Solids,22.590595704019197
415,City,Liquid,64.99150206693601
416,City,Total,81.4573187050306
416,City,Solids,37.59370326798917
416,City,Liquid,45.423623253521264
417,City,Total,87.25415133476446
417,City,Solids,37.67045242782069
417,City,Liquid,48.21601290902624
418,City,Total,86.6740280779426
418,City,Solids,50.95024322023072
418,City,Liquid,32.77826304267697
419,City,Total,81.48323622314932
419,City,Solids,48.72327844624903
419,City,Liquid,32.73207967152836
420,City,Total,81.17194462746251
420,City,Solids,48.86314676778989
420,City,Liquid,34.33831493358127
421,City,Total,84.09281274232077
421,City,Solids,47.36382660189201
421,City,Liquid,36.880678675764955
422,City,Total,84.84655981536842
422,City,Solids,32.55495880032152
422,City,Liquid,56.19065368544057
423,City,Total,87.78572181364382
423,City,Solids,29.966851435884212
423,City,Liquid,57.77548814960145
424,City,Total,80.36670332951394
424,City,Solids,27.565390908368357
424,City,Liquid,56.18329923566898
425,City,Total,82.54944616221873
425,City,Solids,36.37943882305079
425,City,Liquid,50.081659647715426
426,City,Total,79.11635307405204
426,City,Solids,44.640583953942595
426,City,Liquid,36.390671163456034
427,City,Total,80.97176712075958
427,City,Solids,52.23888763637423
427,City,Liquid,29.500523816090634
428,City,Total,81.91547488832043
428,City,Solids,38.42339302685926
428,City,Liquid,47.28780274015421
429,City,Total,81.7015680742471
429,City,Solids,48.375822426366014
429,City,Liquid,34.46702345627647
430,City,Total,74.66340439194143
430,City,Solids,42.896891061677856
430,City,Liquid,29.811121158502434
431,City,Total,80.36474178256442
431,City,Solids,49.449180435529286
431,City,Liquid,32.4055589521832
432,City,Total,83.25744281492278
432,City,Solids,41.42139429054681
432,City,Liquid,41.90067656548585
433,City,Total,80.06444333455343
433,City,Solids,40.41590601786136
433,City,Liquid,43.408920055546375
434,City,Total,84.26275364740424
434,City,Solids,33.519602531550674
434,City,Liquid,52.414083155941405
435,City,Total,87.61065946102265
435,City,Solids,36.289687794681676
435,City,Liquid,50.941496230500924
436,City,Total,81.37058521150195
436,City,Solids,44.90931704856923
436,City,Liquid,39.82033472384742
437,City,Total,82.20677838230709
437,City,Solids,48.93318640286679
437,City,Liquid,32.749463144907
438,City,Total,80.0486767490936
438,City,Solids,47.48802366871889
438,City,Liquid,34.35962405018515
439,City,Total,82.52932123300413
439,City,Solids,32.539546758285795
439,City,Liquid,52.2056173644113
440,City,Total,79.57326292069999
440,City,Solids,54.41702087698388
440,City,Liquid,24.416317803546654
441,City,Total,85.93004659683864
441,City,Solids,39.67066117610812
441,City,Liquid,46.661050975454444
442,City,Total,85.7235855172629
442,City,Solids,31.64552303026416
442,City,Liquid,55.12638557221579
443,City,Total,84.15151057345443
443,City,Solids,44.560592826052996
443,City,Liquid,40.95845126018611
444,City,Total,84.34957884099043
444,City,Solids,31.43660883273998
444,City,Liquid,52.78821602583756
445,City,Total,85.71156724568135
445,City,Solids,49.07423104143551
445,City,Liquid,35.874072947971094
446,City,Total,76.59239540305114
446,City,Solids,41.83416057266941
446,City,Liquid,34.407789945913194
447,City,Total,84.89697157133071
447,City,Solids,33.91341433013794
447,City,Liquid,51.663768083671336
448,City,Total,82.01976481480106
448,City,Solids,49.44082218667471
448,City,Liquid,33.12846641602655
449,City,Total,80.85839188145782
449,City,Solids,43.09596413553718
449,City,Liquid,38.767115947289795
450,City,Total,83.9098747410427
450,City,Solids,37.50940130356549
450,City,Liquid,48.79076278228821
451,City,Total,81.10832981544065
451,City,Solids,42.55300927213672
451,City,Liquid,38.155755167957096
452,City,Total,82.14103572555238
452,City,Solids,43.04544705343548
452,City,Liquid,41.69563968842102
453,City,Total,84.24555850908389
453,City,Solids,41.3295024476848
453,City,Liquid,42.8724573922016
454,City,Total,80.04815978351209
454,City,Solids,42.58313957892515
454,City,Liquid,38.925730879347995
455,City,Total,88.61501023876026
455,City,Solids,31.735281565287966
455,City,Liquid,56.58375040953979
456,City,Total,82.82820206994582
456,City,Solids,49.60645594265629
456,City,Liquid,33.4790340512054
457,City,Total,84.44236556223944
457,City,Solids,27.27156766184874
457,City,Liquid,59.52758852099187
458,City,Total,80.27111223662764
458,City,Solids,39.06317868727933
458,City,Liquid,41.73409713863253
459,City,Total,84.52259546200904
459,City,Solids,37.0078593458361
459,City,Liquid,47.672717644293456
460,City,Total,86.59533945301331
460,City,Solids,38.39824659220452
460,City,Liquid,49.24599326877318
461,City,Total,86.6132560232797
461,City,Solids,33.08152320845409
461,City,Liquid,53.94621711463199
462,City,Total,82.90984307558284
462,City,Solids,44.63191780610211
462,City,Liquid,38.82305861192162
463,City,Total,80.71293133541555
463,City,Solids,35.536979587238115
463,City,Liquid,51.14359182543382
464,City,Total,80.97521715150906
464,City,Solids,38.67225241163482
464,City,Liquid,43.21146530212085
465,City,Total,85.3283296362154
465,City,Solids,46.22108015618287
465,City,Liquid,38.819525390969574
466,City,Total,83.33592597423495
466,City,Solids,45.3717637832938
466,City,Liquid,37.24025646082223
467,City,Total,84.1128517702969
467,City,Solids,42.05359815540511
467,City,Liquid,42.79575757299195
468,City,Total,85.70290385347258
468,City,Solids,22.599203899834485
468,City,Liquid,68.60786670543915
469,City,Total,79.2179706215182
469,City,Solids,42.31418518357865
469,City,Liquid,38.290948802501134
470,City,Total,83.63044450341602
470,City,Solids,34.83173724880238
470,City,Liquid,51.6613070681204
471,City,Total,80.14501454211617
471,City,Solids,46.502819281201724
471,City,Liquid,33.922771022462136
472,City,Total,83.01383918385382
472,City,Solids,48.10099815672576
472,City,Liquid,34.427043652697705
473,City,Total,85.48980454542865
473,City,Solids,36.69484308632715
473,City,Liquid,49.733493751945225
474,City,Total,82.02174752521758
474,City,Solids,30.147811186790523
474,City,Liquid,53.26013592227233
475,City,Total,78.37266807869582
475,City,Solids,40.34461595461828
475,City,Liquid,38.05004181621445
476,City,Total,79.49234903836145
476,City,Solids,40.02366945785288
476,City,Liquid,40.9581363457805
477,City,Total,83.7965051675249
477,City,Solids,41.58603680712317
477,City,Liquid,43.96731709514123
478,City,Total,82.93618190965744
478,City,Solids,35.26907003020034
478,City,Liquid,48.07246985593343
479,City,Total,82.59806692842491
479,City,Solids,48.837621087220064
479,City,Liquid,33.96483379435935
480,City,Total,83.652207606814585
480,City,Solids,33.007887661720495
480,City,Liquid,51.779077989657786
481,City,Total,82.55629903786699
481,City,Solids,29.820275100310607
481,City,Liquid,53.05155931742941
482,City,Total,85.01586314630369
482,City,Solids,41.977279026461225
482,City,Liquid,42.72228246980438
483,City,Total,82.8126324631335
483,City,Solids,35.66213493228334
483,City,Liquid,47.999769933670144
484,City,Total,79.22842574327372
484,City,Solids,42.06265046422741
484,City,Liquid,37.143279297648526
485,City,Total,82.93257830562396
485,City,Solids,35.666930744242315
485,City,Liquid,50.21555774457427
486,City,Total,88.45985113914105
486,City,Solids,36.00165161061368
486,City,Liquid,50.36315500109052
487,City,Total,85.10470793389311
487,City,Solids,51.43624667862713
487,City,Liquid,31.959464259028607
488,City,Total,82.99123393698717
488,City,Solids,22.337829400163614
488,City,Liquid,64.01290133282325
489,City,Total,71.65509210044245
489,City,Solids,47.35823015369254
489,City,Liquid,24.24567193213342
490,City,Total,85.10833247018931
490,City,Solids,38.1742989406494
490,City,Liquid,47.93563366437151
491,City,Total,84.90246581617016
491,City,Solids,36.32484091128783
491,City,Liquid,50.64061003383813
492,City,Total,76.70108717906385
492,City,Solids,37.306003190230385
492,City,Liquid,39.717250167361044
493,City,Total,80.044195795521
493,City,Solids,43.22093615109411
493,City,Liquid,39.714285292909594
494,City,Total,79.99405726277914
494,City,Solids,44.74895019980648
494,City,Liquid,36.697281567254684
495,City,Total,83.30475257469394
495,City,Solids,24.033042972872913
495,City,Liquid,64.07191068173958
496,City,Total,82.79888694428614
496,City,Solids,36.410714503997326
496,City,Liquid,50.47103300013824
497,City,Total,80.44412572218901
497,City,Solids,46.925951236982556
497,City,Liquid,36.89770966064152
498,City,Total,83.67249016623917
498,City,Solids,46.68027596065456
498,City,Liquid,37.3985590147987
499,City,Total,77.07771718007702
499,City,Solids,43.573855906620885
499,City,Liquid,33.45307227573805
500,City,Total,82.18573922541945
500,City,Solids,31.826916194306605
500,City,Liquid,53.35623225594678
