X,us_node_id,ds_node_id,depth,flow,vol,conduit_height,conduit_width,conduit_shape,conduit_length,conduit_material,conduit_volume,conduit_xs,flow_xs,flow_perimeter,flow_area,flow_volume,flow_velocity,residence_time,conduit_av,conduit_hrt,conduit_hrt_inv,conduit_roughness,conduit_ff,conduit_ss,reference_id,path_source,path_target,nodes,edges,reference_ids,path_hrt,path_weights,path_av,path_ss,path_ss_mean,path_length,color,skw.fast,geometry
1,S-00161412,S-00154424,0.26565849764095245,0.05311744947220686,8.122901384186822,0.9476002688170411,0.9476002688170411,CIRC,59.71944968216121,POLYF,42.116864244569214,0.705245350865146,0.19771461294854772,0.7881235788545518,0.19771461294854772,8.122901384186822,0.39051869534887373,152.92340774827758,0.3707141789724119,152.92340774827758,0.006539221265890625,0.008317,0.16002523805946112,0.3507855836721137,S-00161412.1,S-00161412,S-PL70008977,"[""S-00161412"",""S-00154424"",""S-00723843"",""S-00174361"",""S-00146207"",""S-00509955"",""S-00685892"",""S-00726545"",""S-00686328"",""S-00789059"",""S-00421502"",""S-00349761"",""S-00865799"",""S-00285657"",""S-00113609"",""S-00598845"",""S-00783918"",""S-00491481"",""S-00621507"",""S-00338549""]","[[""S-00161412"",""S-00154424""],[""S-00154424"",""S-00723843""],[""S-00723843"",""S-00174361""],[""S-00174361"",""S-00146207""],[""S-00146207"",""S-00509955""],[""S-00509955"",""S-00685892""],[""S-00685892"",""S-00726545""],[""S-00726545"",""S-00686328""],[""S-00686328"",""S-00789059""],[""S-00789059"",""S-00421502""],[""S-00421502"",""S-00349761""],[""S-00349761"",""S-00865799""],[""S-00865799"",""S-00285657""],[""S-00285657"",""S-00113609""],[""S-00113609"",""S-00598845""],[""S-00598845"",""S-00783918""],[""S-00783918"",""S-00491481""],[""S-00491481"",""S-00621507""],[""S-00621507"",""S-00338549""]]","[""S-00161412.1"",""S-00154424.1"",""S-00723843.1"",""S-00174361.1"",""S-00146207.1"",""S-00509955.1"",""S-00685892.1"",""S-00726545.1"",""S-00686328.1"",""S-00789059.1"",""S-00421502.1"",""S-00349761.1"",""S-00865799.1"",""S-00285657.1"",""S-00113609.1"",""S-00598845.1"",""S-00783918.1"",""S-00491481.1"",""S-00621507.1"",""S-00338549.1"",""S-00206092.1"",""S-00843620.1"",""S-00348033.1"",""S-00607825.1"",""S-00242295.1"",""S-00526928.1"",""S-00426553.1"",""S-00202661.1"",""S-00440097.1"",""S-00350882.1"",""S-00443444.1"",""S-00174742.1"",""S-00459097.1"",""S-00736967.1"",""S-00386752.1"",""S-00100102.1"",""S-00306956.1"",""S-00732136.1"",""S-00302504.1"",""S-00775362.1"",""S-00886447.1"",""S-00423291.1"",""S-00606861.1"",""S-00395899.1"",""S-00468257.1"",""S-00179767.1"",""S-00125489.1"",""S-00425229.1"",""S-00606806.1"",""S-00558900.1"",""S-00351448.1"",""S-00326278.1"",""S-00725041.1"",""S-00778668.1"",""S-00416469.1"",""S-00257983.1"",""S-00846780.1"",""S-00163083.1"",""S-00671768.1"",""S-00401693.1"",""S-00816792.1"",""NEWPCC_SURGE.7"",""BYPASS_CHAMBER.1"",""S-PL00000313.1"",""SPLIT_NEWPCC_OUTFALL2.1"",""S-TE00000316.1"",""SPLIT_NEWPCC_OUTFALL1.1"",""S-MH00014483.1"",""S-CO00007374.1"",""S-CO00007375.1""]",0.015827534205745904,0.16585949966683985,1.7897278395295144,0.22068570437608287,0.39398219452006744,303.3752501010895,red,0,"LINESTRING (633361.5 5528403, 633367.7 5528420)"
2,S-00154424,S-00723843,0.11781715969194019,0.005761199408436672,0.7860970766948924,0.2623361396836117,0.2623361396836117,CIRC,77.65341685386375,VC,4.197267982785328,0.05405129809914459,0.02427484992111213,0.2761551922002565,0.02427484992111213,0.7860970766948924,0.5691114144865423,136.44677452818863,0.4261236915248446,136.44677452818863,0.007328865071804313,0.001131,2.7927610162179914,0.44723147435346616,S-00154424.1,S-00161412,NEWPCC_EFFLUENT_OUT,"[""S-00161412"",""S-00154424"",""S-00723843"",""S-00174361"",""S-00146207"",""S-00509955"",""S-00685892"",""S-00726545"",""S-00686328"",""S-00789059"",""S-00421502"",""S-00349761"",""S-00865799"",""S-00285657"",""S-00113609"",""S-00598845"",""S-00783918"",""S-00491481"",""S-00621507"",""S-00338549""]","[[""S-00161412"",""S-00154424""],[""S-00154424"",""S-00723843""],[""S-00723843"",""S-00174361""],[""S-00174361"",""S-00146207""],[""S-00146207"",""S-00509955""],[""S-00509955"",""S-00685892""],[""S-00685892"",""S-00726545""],[""S-00726545"",""S-00686328""],[""S-00686328"",""S-00789059""],[""S-00789059"",""S-00421502""],[""S-00421502"",""S-00349761""],[""S-00349761"",""S-00865799""],[""S-00865799"",""S-00285657""],[""S-00285657"",""S-00113609""],[""S-00113609"",""S-00598845""],[""S-00598845"",""S-00783918""],[""S-00783918"",""S-00491481""],[""S-00491481"",""S-00621507""],[""S-00621507"",""S-00338549""]]","[""S-00154424.1"",""S-00723843.1"",""S-00174361.1"",""S-00146207.1"",""S-00509955.1"",""S-00685892.1"",""S-00726545.1"",""S-00686328.1"",""S-00789059.1"",""S-00421502.1"",""S-00349761.1"",""S-00865799.1"",""S-00285657.1"",""S-00113609.1"",""S-00598845.1"",""S-00783918.1"",""S-00491481.1"",""S-00621507.1"",""S-00338549.1"",""S-00206092.1"",""S-00843620.1"",""S-00348033.1"",""S-00607825.1"",""S-00242295.1"",""S-00526928.1"",""S-00426553.1"",""S-00202661.1"",""S-00440097.1"",""S-00350882.1"",""S-00443444.1"",""S-00174742.1"",""S-00459097.1"",""S-00736967.1"",""S-00386752.1"",""S-00100102.1"",""S-00306956.1"",""S-00732136.1"",""S-00302504.1"",""S-00775362.1"",""S-00886447.1"",""S-00423291.1"",""S-00606861.1"",""S-00395899.1"",""S-00468257.1"",""S-00179767.1"",""S-00125489.1"",""S-00425229.1"",""S-00606806.1"",""S-00558900.1"",""S-00351448.1"",""S-00326278.1"",""S-00725041.1"",""S-00778668.1"",""S-00416469.1"",""S-00257983.1"",""S-00846780.1"",""S-00163083.1"",""S-00671768.1"",""S-00401693.1"",""S-00816792.1"",""NEWPCC_SURGE.7"",""BYPASS_CHAMBER.1"",""S-PL00000313.1"",""SPLIT_NEWPCC_OUTFALL2.1"",""S-TE00000316.1"",""SPLIT_NEWPCC_OUTFALL1.1"",""S-MH00014483.1"",""S-CO00007374.1"",""S-CO00007375.1""]",0.009270746769267134,0.13073221873492002,1.429957700560335,0.14194463653024286,0.12528859325451777,66.85396858956665,blue,0,"LINESTRING (633367.7 5528420, 633372.1 5528422)"
3,S-00723843,S-00174361,0.07174744909726269,0.13443942635098044,3.626972295114299,0.5605692995595746,0.5605692995595746,POLYF,24.10438583465293,VC,5.949008237715614,0.2468019006384807,0.031588256469056275,0.31501973662438587,0.031588256469056275,3.626972295114299,0.8934669306734576,26.978486843921647,0.24040319771738722,26.978486843921647,0.037066571071435156,0.01465,3.613493134442251,0.12969533558236435,S-00723843.1,S-00161412,S-PL70008977,"[""S-00161412"",""S-00154424"",""S-00723843"",""S-00174361"",""S-00146207"",""S-00509955"",""S-00685892"",""S-00726545"",""S-00686328"",""S-00789059"",""S-00421502"",""S-00349761"",""S-00865799"",""S-00285657"",""S-00113609"",""S-00598845"",""S-00783918"",""S-00491481"",""S-00621507"",""S-00338549""]","[[""S-00161412"",""S-00154424""],[""S-00154424"",""S-00723843""],[""S-00723843"",""S-00174361""],[""S-00174361"",""S-00146207""],[""S-00146207"",""S-00509955""],[""S-00509955"",""S-00685892""],[""S-00685892"",""S-00726545""],[""S-00726545"",""S-00686328""],[""S-00686328"",""S-00789059""],[""S-00789059"",""S-00421502""],[""S-00421502"",""S-00349761""],[""S-00349761"",""S-00865799""],[""S-00865799"",""S-00285657""],[""S-00285657"",""S-00113609""],[""S-00113609"",""S-00598845""],[""S-00598845"",""S-00783918""],[""S-00783918"",""S-00491481""],[""S-00491481"",""S-00621507""],[""S-00621507"",""S-00338549""]]","[""S-00723843.1"",""S-00174361.1"",""S-00146207.1"",""S-00509955.1"",""S-00685892.1"",""S-00726545.1"",""S-00686328.1"",""S-00789059.1"",""S-00421502.1"",""S-00349761.1"",""S-00865799.1"",""S-00285657.1"",""S-00113609.1"",""S-00598845.1"",""S-00783918.1"",""S-00491481.1"",""S-00621507.1"",""S-00338549.1"",""S-00206092.1"",""S-00843620.1"",""S-00348033.1"",""S-00607825.1"",""S-00242295.1"",""S-00526928.1"",""S-00426553.1"",""S-00202661.1"",""S-00440097.1"",""S-00350882.1"",""S-00443444.1"",""S-00174742.1"",""S-00459097.1"",""S-00736967.1"",""S-00386752.1"",""S-00100102.1"",""S-00306956.1"",""S-00732136.1"",""S-00302504.1"",""S-00775362.1"",""S-00886447.1"",""S-00423291.1"",""S-00606861.1"",""S-00395899.1"",""S-00468257.1"",""S-00179767.1"",""S-00125489.1"",""S-00425229.1"",""S-00606806.1"",""S-00558900.1"",""S-00351448.1"",""S-00326278.1"",""S-00725041.1"",""S-00778668.1"",""S-00416469.1"",""S-00257983.1"",""S-00846780.1"",""S-00163083.1"",""S-00671768.1"",""S-00401693.1"",""S-00816792.1"",""NEWPCC_SURGE.7"",""BYPASS_CHAMBER.1"",""S-PL00000313.1"",""SPLIT_NEWPCC_OUTFALL2.1"",""S-TE00000316.1"",""SPLIT_NEWPCC_OUTFALL1.1"",""S-MH00014483.1"",""S-CO00007374.1"",""S-CO00007375.1""]",0.009647058423608542,0.15970301628112793,1.7495928108273073,0.03328162325778976,0.08072237185901031,479.33408360695466,blue,0,"LINESTRING (633372.1 5528422, 633371.5 5528437)"
4,S-00174361,S-00146207,0.05,0.041740030664035505,1.1808335722671672,0.42023207002785057,0.42023207002785057,CIRC,17.594205813948065,VC,2.4402703008795976,0.13869738291597325,0.016502474800029088,0.22769289316494282,0.016502474800029088,1.1808335722671672,0.621918877842836,28.290194172871317,1.6667633210076018,28.290194172871317,0.035347936952618834,0.011582,1.2167903850204311,0.20206353450194,S-00174361.1,S-00161412,NEWPCC_EFFLUENT_OUT,"[""S-00161412"",""S-00154424"",""S-00723843"",""S-00174361"",""S-00146207"",""S-00509955"",""S-00685892"",""S-00726545"",""S-00686328"",""S-00789059"",""S-00421502"",""S-00349761"",""S-00865799"",""S-00285657"",""S-00113609"",""S-00598845"",""S-00783918"",""S-00491481"",""S-00621507"",""S-00338549""]","[[""S-00161412"",""S-00154424""],[""S-00154424"",""S-00723843""],[""S-00723843"",""S-00174361""],[""S-00174361"",""S-00146207""],[""S-00146207"",""S-00509955""],[""S-00509955"",""S-00685892""],[""S-00685892"",""S-00726545""],[""S-00726545"",""S-00686328""],[""S-00686328"",""S-00789059""],[""S-00789059"",""S-00421502""],[""S-00421502"",""S-00349761""],[""S-00349761"",""S-00865799""],[""S-00865799"",""S-00285657""],[""S-00285657"",""S-00113609""],[""S-00113609"",""S-00598845""],[""S-00598845"",""S-00783918""],[""S-00783918"",""S-00491481""],[""S-00491481"",""S-00621507""],[""S-00621507"",""S-00338549""]]","[""S-00174361.1"",""S-00146207.1"",""S-00509955.1"",""S-00685892.1"",""S-00726545.1"",""S-00686328.1"",""S-00789059.1"",""S-00421502.1"",""S-00349761.1"",""S-00865799.1"",""S-00285657.1"",""S-00113609.1"",""S-00598845.1"",""S-00783918.1"",""S-00491481.1"",""S-00621507.1"",""S-00338549.1"",""S-00206092.1"",""S-00843620.1"",""S-00348033.1"",""S-00607825.1"",""S-00242295.1"",""S-00526928.1"",""S-00426553.1"",""S-00202661.1"",""S-00440097.1"",""S-00350882.1"",""S-00443444.1"",""S-00174742.1"",""S-00459097.1"",""S-00736967.1"",""S-00386752.1"",""S-00100102.1"",""S-00306956.1"",""S-00732136.1"",""S-00302504.1"",""S-00775362.1"",""S-00886447.1"",""S-00423291.1"",""S-00606861.1"",""S-00395899.1"",""S-00468257.1"",""S-00179767.1"",""S-00125489.1"",""S-00425229.1"",""S-00606806.1"",""S-00558900.1"",""S-00351448.1"",""S-00326278.1"",""S-00725041.1"",""S-00778668.1"",""S-00416469.1"",""S-00257983.1"",""S-00846780.1"",""S-00163083.1"",""S-00671768.1"",""S-00401693.1"",""S-00816792.1"",""NEWPCC_SURGE.7"",""BYPASS_CHAMBER.1"",""S-PL00000313.1"",""SPLIT_NEWPCC_OUTFALL2.1"",""S-TE00000316.1"",""SPLIT_NEWPCC_OUTFALL1.1"",""S-MH00014483.1"",""S-CO00007374.1"",""S-CO00007375.1""]",0.008336270465049892,0.037230290938168764,1.8085119928768836,0.44303842954104766,0.31129634635988623,55.45642796205357,blue,0,"LINESTRING (633371.5 5528437, 633365.8 5528443)"
5,S-00146207,S-00509955,0.09603067193659187,0.02057985307645688,0.6045358561115599,0.32473044050857425,0.32473044050857425,POLYF,13.87815251480788,VC,1.1493903341438796,0.08282012558353781,0.024491921044433342,0.2773871648535545,0.024491921044433342,0.6045358561115599,0.4724456570111215,29.375129835263113,1.6214347178116442,29.375129835263113,0.03404240272666162,0.002332,4.068804421892855,0.3138759045419283,S-00146207.1,S-00161412,NEWPCC_EFFLUENT_OUT,"[""S-00161412"",""S-00154424"",""S-00723843"",""S-00174361"",""S-00146207"",""S-00509955"",""S-00685892"",""S-00726545"",""S-00686328"",""S-00789059"",""S-00421502"",""S-00349761"",""S-00865799"",""S-00285657"",""S-00113609"",""S-00598845"",""S-00783918"",""S-00491481"",""S-00621507"",""S-00338549""]","[[""S-00161412"",""S-00154424""],[""S-00154424"",""S-00723843""],[""S-00723843"",""S-00174361""],[""S-00174361"",""S-00146207""],[""S-00146207"",""S-00509955""],[""S-00509955"",""S-00685892""],[""S-00685892"",""S-00726545""],[""S-00726545"",""S-00686328""],[""S-00686328"",""S-00789059""],[""S-00789059"",""S-00421502""],[""S-00421502"",""S-00349761""],[""S-00349761"",""S-00865799""],[""S-00865799"",""S-00285657""],[""S-00285657"",""S-00113609""],[""S-00113609"",""S-00598845""],[""S-00598845"",""S-00783918""],[""S-00783918"",""S-00491481""],[""S-00491481"",""S-00621507""],[""S-00621507"",""S-00338549""]]","[""S-00146207.1"",""S-00509955.1"",""S-00685892.1"",""S-00726545.1"",""S-00686328.1"",""S-00789059.1"",""S-00421502.1"",""S-00349761.1"",""S-00865799.1"",""S-00285657.1"",""S-00113609.1"",""S-00598845.1"",""S-00783918.1"",""S-00491481.1"",""S-00621507.1"",""S-00338549.1"",""S-00206092.1"",""S-00843620.1"",""S-00348033.1"",""S-00607825.1"",""S-00242295.1"",""S-00526928.1"",""S-00426553.1"",""S-00202661.1"",""S-00440097.1"",""S-00350882.1"",""S-00443444.1"",""S-00174742.1"",""S-00459097.1"",""S-00736967.1"",""S-00386752.1"",""S-00100102.1"",""S-00306956.1"",""S-00732136.1"",""S-00302504.1"",""S-00775362.1"",""S-00886447.1"",""S-00423291.1"",""S-00606861.1"",""S-00395899.1"",""S-00468257.1"",""S-00179767.1"",""S-00125489.1"",""S-00425229.1"",""S-00606806.1"",""S-00558900.1"",""S-00351448.1"",""S-00326278.1"",""S-00725041.1"",""S-00778668.1"",""S-00416469.1"",""S-00257983.1"",""S-00846780.1"",""S-00163083.1"",""S-00671768.1"",""S-00401693.1"",""S-00816792.1"",""NEWPCC_SURGE.7"",""BYPASS_CHAMBER.1"",""S-PL00000313.1"",""SPLIT_NEWPCC_OUTFALL2.1"",""S-TE00000316.1"",""SPLIT_NEWPCC_OUTFALL1.1"",""S-MH00014483.1"",""S-CO00007374.1"",""S-CO00007375.1""]",0.018096322485129348,0.1509415149688721,0.9598269178136252,0.07820329241338186,0.3495818511489779,309.48516444768757,red,0,"LINESTRING (633365.8 5528443, 633369.3 5528459)"
6,S-00509955,S-00685892,0.06219451042994318,0.019971173869899807,3.7286312237443813,0.612192906322889,0.612192906322889,POLYF,68.08064605575055,POLYF,20.039650163462298,0.29435164506300415,0.02990406499301423,0.30650675505529273,0.02990406499301423,3.7286312237443813,0.3646513527259231,186.70065405439723,0.5945764733245597,186.70065405439723,0.005356167631360516,0.007609,2.136295790458098,0.2866035188548267,S-00509955.1,S-00161412,NEWPCC_EFFLUENT_OUT,"[""S-00161412"",""S-00154424"",""S-00723843"",""S-00174361"",""S-00146207"",""S-00509955"",""S-00685892"",""S-00726545"",""S-00686328"",""S-00789059"",""S-00421502"",""S-00349761"",""S-00865799"",""S-00285657"",""S-00113609"",""S-00598845"",""S-00783918"",""S-00491481"",""S-00621507"",""S-00338549""]","[[""S-00161412"",""S-00154424""],[""S-00154424"",""S-00723843""],[""S-00723843"",""S-00174361""],[""S-00174361"",""S-00146207""],[""S-00146207"",""S-00509955""],[""S-00509955"",""S-00685892""],[""S-00685892"",""S-00726545""],[""S-00726545"",""S-00686328""],[""S-00686328"",""S-00789059""],[""S-00789059"",""S-00421502""],[""S-00421502"",""S-00349761""],[""S-00349761"",""S-00865799""],[""S-00865799"",""S-00285657""],[""S-00285657"",""S-00113609""],[""S-00113609"",""S-00598845""],[""S-00598845"",""S-00783918""],[""S-00783918"",""S-00491481""],[""S-00491481"",""S-00621507""],[""S-00621507"",""S-00338549""]]","[""S-00509955.1"",""S-00685892.1"",""S-00726545.1"",""S-00686328.1"",""S-00789059.1"",""S-00421502.1"",""S-00349761.1"",""S-00865799.1"",""S-00285657.1"",""S-00113609.1"",""S-00598845.1"",""S-00783918.1"",""S-00491481.1"",""S-00621507.1"",""S-00338549.1"",""S-00206092.1"",""S-00843620.1"",""S-00348033.1"",""S-00607825.1"",""S-00242295.1"",""S-00526928.1"",""S-00426553.1"",""S-00202661.1"",""S-00440097.1"",""S-00350882.1"",""S-00443444.1"",""S-00174742.1"",""S-00459097.1"",""S-00736967.1"",""S-00386752.1"",""S-00100102.1"",""S-00306956.1"",""S-00732136.1"",""S-00302504.1"",""S-00775362.1"",""S-00886447.1"",""S-00423291.1"",""S-00606861.1"",""S-00395899.1"",""S-00468257.1"",""S-00179767.1"",""S-00125489.1"",""S-00425229.1"",""S-00606806.1"",""S-00558900.1"",""S-00351448.1"",""S-00326278.1"",""S-00725041.1"",""S-00778668.1"",""S-00416469.1"",""S-00257983.1"",""S-00846780.1"",""S-00163083.1"",""S-00671768.1"",""S-00401693.1"",""S-00816792.1"",""NEWPCC_SURGE.7"",""BYPASS_CHAMBER.1"",""S-PL00000313.1"",""SPLIT_NEWPCC_OUTFALL2.1"",""S-TE00000316.1"",""SPLIT_NEWPCC_OUTFALL1.1"",""S-MH00014483.1"",""S-CO00007374.1"",""S-CO00007375.1""]",0.011491923990077339,0.14718407369218767,0.14288938523968683,0.16210383433382958,0.13208474514074625,384.13283579284325,blue,0,"LINESTRING (633369.3 5528459, 633372.1 5528462)"
7,S-00685892,S-00726545,0.24019791632800638,0.10301344482849333,15.452320414256196,0.7375965035753325,0.7375965035753325,POLYF,50.683842960279435,PVC,21.656941166283126,0.4272947728777298,0.13914831971894923,0.6611711873549956,0.13914831971894923,15.452320414256196,0.3378856456838548,150.0029480616118,0.9256076791672968,150.0029480616118,0.006666535644281223,0.008847,2.8463072266313247,0.030286769852973523,S-00685892.1,S-00161412,NEWPCC_EFFLUENT_OUT,"[""S-00161412"",""S-00154424"",""S-00723843"",""S-00174361"",""S-00146207"",""S-00509955"",""S-00685892"",""S-00726545"",""S-00686328"",""S-00789059"",""S-00421502"",""S-00349761"",""S-00865799"",""S-00285657"",""S-00113609"",""S-00598845"",""S-00783918"",""S-00491481"",""S-00621507"",""S-00338549""]","[[""S-00161412"",""S-00154424""],[""S-00154424"",""S-00723843""],[""S-00723843"",""S-00174361""],[""S-00174361"",""S-00146207""],[""S-00146207"",""S-00509955""],[""S-00509955"",""S-00685892""],[""S-00685892"",""S-00726545""],[""S-00726545"",""S-00686328""],[""S-00686328"",""S-00789059""],[""S-00789059"",""S-00421502""],[""S-00421502"",""S-00349761""],[""S-00349761"",""S-00865799""],[""S-00865799"",""S-00285657""],[""S-00285657"",""S-00113609""],[""S-00113609"",""S-00598845""],[""S-00598845"",""S-00783918""],[""S-00783918"",""S-00491481""],[""S-00491481"",""S-00621507""],[""S-00621507"",""S-00338549""]]","[""S-00685892.1"",""S-00726545.1"",""S-00686328.1"",""S-00789059.1"",""S-00421502.1"",""S-00349761.1"",""S-00865799.1"",""S-00285657.1"",""S-00113609.1"",""S-00598845.1"",""S-00783918.1"",""S-00491481.1"",""S-00621507.1"",""S-00338549.1"",""S-00206092.1"",""S-00843620.1"",""S-00348033.1"",""S-00607825.1"",""S-00242295.1"",""S-00526928.1"",""S-00426553.1"",""S-00202661.1"",""S-00440097.1"",""S-00350882.1"",""S-00443444.1"",""S-00174742.1"",""S-00459097.1"",""S-00736967.1"",""S-00386752.1"",""S-00100102.1"",""S-00306956.1"",""S-00732136.1"",""S-00302504.1"",""S-00775362.1"",""S-00886447.1"",""S-00423291.1"",""S-00606861.1"",""S-00395899.1"",""S-00468257.1"",""S-00179767.1"",""S-00125489.1"",""S-00425229.1"",""S-00606806.1"",""S-00558900.1"",""S-00351448.1"",""S-00326278.1"",""S-00725041.1"",""S-00778668.1"",""S-00416469.1"",""S-00257983.1"",""S-00846780.1"",""S-00163083.1"",""S-00671768.1"",""S-00401693.1"",""S-00816792.1"",""NEWPCC_SURGE.7"",""BYPASS_CHAMBER.1"",""S-PL00000313.1"",""SPLIT_NEWPCC_OUTFALL2.1"",""S-TE00000316.1"",""SPLIT_NEWPCC_OUTFALL1.1"",""S-MH00014483.1"",""S-CO00007374.1"",""S-CO00007375.1""]",0.013974435190786607,0.15035714972764255,1.4425593021675014,0.3419049121474382,0.3665633560949937,134.90026076324284,blue,0,"LINESTRING (633372.1 5528462, 633365.5 5528484)"
8,S-00726545,S-00686328,0.5781720564006709,0.17566526255457096,20.578536476045596,0.94099733378971,0.94099733378971,CIRC,42.906466270796955,POLYF,29.83935389136808,0.6954512101519154,0.42730243950906405,1.1586242724984976,0.42730243950906405,20.578536476045596,0.3662639309419319,117.14630528988512,1.2704634791822174,117.14630528988512,0.008536334095432576,0.006921,0.8008693838142791,0.24237930805888028,S-00726545.1,S-00161412,NEWPCC_EFFLUENT_OUT,"[""S-00161412"",""S-00154424"",""S-00723843"",""S-00174361"",""S-00146207"",""S-00509955"",""S-00685892"",""S-00726545"",""S-00686328"",""S-00789059"",""S-00421502"",""S-00349761"",""S-00865799"",""S-00285657"",""S-00113609"",""S-00598845"",""S-00783918"",""S-00491481"",""S-00621507"",""S-00338549""]","[[""S-00161412"",""S-00154424""],[""S-00154424"",""S-00723843""],[""S-00723843"",""S-00174361""],[""S-00174361"",""S-00146207""],[""S-00146207"",""S-00509955""],[""S-00509955"",""S-00685892""],[""S-00685892"",""S-00726545""],[""S-00726545"",""S-00686328""],[""S-00686328"",""S-00789059""],[""S-00789059"",""S-00421502""],[""S-00421502"",""S-00349761""],[""S-00349761"",""S-00865799""],[""S-00865799"",""S-00285657""],[""S-00285657"",""S-00113609""],[""S-00113609"",""S-00598845""],[""S-00598845"",""S-00783918""],[""S-00783918"",""S-00491481""],[""S-00491481"",""S-00621507""],[""S-00621507"",""S-00338549""]]","[""S-00726545.1"",""S-00686328.1"",""S-00789059.1"",""S-00421502.1"",""S-00349761.1"",""S-00865799.1"",""S-00285657.1"",""S-00113609.1"",""S-00598845.1"",""S-00783918.1"",""S-00491481.1"",""S-00621507.1"",""S-00338549.1"",""S-00206092.1"",""S-00843620.1"",""S-00348033.1"",""S-00607825.1"",""S-00242295.1"",""S-00526928.1"",""S-00426553.1"",""S-00202661.1"",""S-00440097.1"",""S-00350882.1"",""S-00443444.1"",""S-00174742.1"",""S-00459097.1"",""S-00736967.1"",""S-00386752.1"",""S-00100102.1"",""S-00306956.1"",""S-00732136.1"",""S-00302504.1"",""S-00775362.1"",""S-00886447.1"",""S-00423291.1"",""S-00606861.1"",""S-00395899.1"",""S-00468257.1"",""S-00179767.1"",""S-00125489.1"",""S-00425229.1"",""S-00606806.1"",""S-00558900.1"",""S-00351448.1"",""S-00326278.1"",""S-00725041.1"",""S-00778668.1"",""S-00416469.1"",""S-00257983.1"",""S-00846780.1"",""S-00163083.1"",""S-00671768.1"",""S-00401693.1"",""S-00816792.1"",""NEWPCC_SURGE.7"",""BYPASS_CHAMBER.1"",""S-PL00000313.1"",""SPLIT_NEWPCC_OUTFALL2.1"",""S-TE00000316.1"",""SPLIT_NEWPCC_OUTFALL1.1"",""S-MH00014483.1"",""S-CO00007374.1"",""S-CO00007375.1""]",0.006979347620508634,0.06652289689518512,0.5511387633602135,0.14490003964980133,0.36689270138973373,183.6836241185665,blue,0,"LINESTRING (633365.5 5528484, 633367 5528495)"
9,S-00686328,S-00789059,0.0628155931592215,0.020431541700942215,1.0068843847240194,0.5219513553311117,0.5219513553311117,POLYF,35.55098840035498,VC,7.606793387221828,0.21396854854099845,0.02575060138601263,0.28442556168498007,0.02575060138601263,1.0068843847240194,0.7213951403275132,49.28088146562069,0.7732967616058887,49.28088146562069,0.020291844834342494,0.015014,1.0142225557472557,0.4751105644064955,S-00686328.1,S-00161412,NEWPCC_EFFLUENT_OUT,"[""S-00161412"",""S-00154424"",""S-00723843"",""S-00174361"",""S-00146207"",""S-00509955"",""S-00685892"",""S-00726545"",""S-00686328"",""S-00789059"",""S-00421502"",""S-00349761"",""S-00865799"",""S-00285657"",""S-00113609"",""S-00598845"",""S-00783918"",""S-00491481"",""S-00621507"",""S-00338549""]","[[""S-00161412"",""S-00154424""],[""S-00154424"",""S-00723843""],[""S-00723843"",""S-00174361""],[""S-00174361"",""S-00146207""],[""S-00146207"",""S-00509955""],[""S-00509955"",""S-00685892""],[""S-00685892"",""S-00726545""],[""S-00726545"",""S-00686328""],[""S-00686328"",""S-00789059""],[""S-00789059"",""S-00421502""],[""S-00421502"",""S-00349761""],[""S-00349761"",""S-00865799""],[""S-00865799"",""S-00285657""],[""S-00285657"",""S-00113609""],[""S-00113609"",""S-00598845""],[""S-00598845"",""S-00783918""],[""S-00783918"",""S-00491481""],[""S-00491481"",""S-00621507""],[""S-00621507"",""S-00338549""]]","[""S-00686328.1"",""S-00789059.1"",""S-00421502.1"",""S-00349761.1"",""S-00865799.1"",""S-00285657.1"",""S-00113609.1"",""S-00598845.1"",""S-00783918.1"",""S-00491481.1"",""S-00621507.1"",""S-00338549.1"",""S-00206092.1"",""S-00843620.1"",""S-00348033.1"",""S-00607825.1"",""S-00242295.1"",""S-00526928.1"",""S-00426553.1"",""S-00202661.1"",""S-00440097.1"",""S-00350882.1"",""S-00443444.1"",""S-00174742.1"",""S-00459097.1"",""S-00736967.1"",""S-00386752.1"",""S-00100102.1"",""S-00306956.1"",""S-00732136.1"",""S-00302504.1"",""S-00775362.1"",""S-00886447.1"",""S-00423291.1"",""S-00606861.1"",""S-00395899.1"",""S-00468257.1"",""S-00179767.1"",""S-00125489.1"",""S-00425229.1"",""S-00606806.1"",""S-00558900.1"",""S-00351448.1"",""S-00326278.1"",""S-00725041.1"",""S-00778668.1"",""S-00416469.1"",""S-00257983.1"",""S-00846780.1"",""S-00163083.1"",""S-00671768.1"",""S-00401693.1"",""S-00816792.1"",""NEWPCC_SURGE.7"",""BYPASS_CHAMBER.1"",""S-PL00000313.1"",""SPLIT_NEWPCC_OUTFALL2.1"",""S-TE00000316.1"",""SPLIT_NEWPCC_OUTFALL1.1"",""S-MH00014483.1"",""S-CO00007374.1"",""S-CO00007375.1""]",0.002349850072292611,0.011509724846109749,0.6598948933649809,0.21524734575417825,0.32492437812732533,251.14399360027164,red,0,"LINESTRING (633367 5528495, 633366.3 5528495)"
10,S-00789059,S-00421502,0.14178036704459665,0.3281007299787403,10.991593417335737,0.8913512425497174,0.8913512425497174,POLYF,29.60872391005978,POLYF,18.475973054733192,0.6240043681334015,0.099255561812324,0.5584089395931308,0.099255561812324,10.991593417335737,0.8838248977903276,33.50066736531782,0.795521949371323,33.50066736531782,0.02985015161325617,0.008378,0.8755760303349235,0.12776235905243083,S-00789059.1,S-00161412,NEWPCC_EFFLUENT_OUT,"[""S-00161412"",""S-00154424"",""S-00723843"",""S-00174361"",""S-00146207"",""S-00509955"",""S-00685892"",""S-00726545"",""S-00686328"",""S-00789059"",""S-00421502"",""S-00349761"",""S-00865799"",""S-00285657"",""S-00113609"",""S-00598845"",""S-00783918"",""S-00491481"",""S-00621507"",""S-00338549""]","[[""S-00161412"",""S-00154424""],[""S-00154424"",""S-00723843""],[""S-00723843"",""S-00174361""],[""S-00174361"",""S-00146207""],[""S-00146207"",""S-00509955""],[""S-00509955"",""S-00685892""],[""S-00685892"",""S-00726545""],[""S-00726545"",""S-00686328""],[""S-00686328"",""S-00789059""],[""S-00789059"",""S-00421502""],[""S-00421502"",""S-00349761""],[""S-00349761"",""S-00865799""],[""S-00865799"",""S-00285657""],[""S-00285657"",""S-00113609""],[""S-00113609"",""S-00598845""],[""S-00598845"",""S-00783918""],[""S-00783918"",""S-00491481""],[""S-00491481"",""S-00621507""],[""S-00621507"",""S-00338549""]]","[""S-00789059.1"",""S-00421502.1"",""S-00349761.1"",""S-00865799.1"",""S-00285657.1"",""S-00113609.1"",""S-00598845.1"",""S-00783918.1"",""S-00491481.1"",""S-00621507.1"",""S-00338549.1"",""S-00206092.1"",""S-00843620.1"",""S-00348033.1"",""S-00607825.1"",""S-00242295.1"",""S-00526928.1"",""S-00426553.1"",""S-00202661.1"",""S-00440097.1"",""S-00350882.1"",""S-00443444.1"",""S-00174742.1"",""S-00459097.1"",""S-00736967.1"",""S-00386752.1"",""S-00100102.1"",""S-00306956.1"",""S-00732136.1"",""S-00302504.1"",""S-00775362.1"",""S-00886447.1"",""S-00423291.1"",""S-00606861.1"",""S-00395899.1"",""S-00468257.1"",""S-00179767.1"",""S-00125489.1"",""S-00425229.1"",""S-00606806.1"",""S-00558900.1"",""S-00351448.1"",""S-00326278.1"",""S-00725041.1"",""S-00778668.1"",""S-00416469.1"",""S-00257983.1"",""S-00846780.1"",""S-00163083.1"",""S-00671768.1"",""S-00401693.1"",""S-00816792.1"",""NEWPCC_SURGE.7"",""BYPASS_CHAMBER.1"",""S-PL00000313.1"",""SPLIT_NEWPCC_OUTFALL2.1"",""S-TE00000316.1"",""SPLIT_NEWPCC_OUTFALL1.1"",""S-MH00014483.1"",""S-CO00007374.1"",""S-CO00007375.1""]",0.01878912457311526,0.13488308950327338,0.7762487575900741,0.24633460024138912,0.14760643128771336,226.14946868270636,red,0,"LINESTRING (633366.3 5528495, 633370 5528503)"
11,S-00421502,S-00349761,0.1404262617979238,0.01845353037713462,4.381859824264889,0.4756796136498451,0.4756796136498451,POLYF,51.980109848082066,VC,9.237536183957298,0.17771290231888842,0.05246295580005925,0.40597689161708717,0.05246295580005925,4.381859824264889,0.2189062577439472,237.45374108438125,1.833237709000241,237.45374108438125,0.004211346578214749,0.012769,4.183792382187676,0.34228943407768386,S-00421502.1,S-00161412,NEWPCC_EFFLUENT_OUT,"[""S-00161412"",""S-00154424"",""S-00723843"",""S-00174361"",""S-00146207"",""S-00509955"",""S-00685892"",""S-00726545"",""S-00686328"",""S-00789059"",""S-00421502"",""S-00349761"",""S-00865799"",""S-00285657"",""S-00113609"",""S-00598845"",""S-00783918"",""S-00491481"",""S-00621507"",""S-00338549""]","[[""S-00161412"",""S-00154424""],[""S-00154424"",""S-00723843""],[""S-00723843"",""S-00174361""],[""S-00174361"",""S-00146207""],[""S-00146207"",""S-00509955""],[""S-00509955"",""S-00685892""],[""S-00685892"",""S-00726545""],[""S-00726545"",""S-00686328""],[""S-00686328"",""S-00789059""],[""S-00789059"",""S-00421502""],[""S-00421502"",""S-00349761""],[""S-00349761"",""S-00865799""],[""S-00865799"",""S-00285657""],[""S-00285657"",""S-00113609""],[""S-00113609"",""S-00598845""],[""S-00598845"",""S-00783918""],[""S-00783918"",""S-00491481""],[""S-00491481"",""S-00621507""],[""S-00621507"",""S-00338549""]]","[""S-00421502.1"",""S-00349761.1"",""S-00865799.1"",""S-00285657.1"",""S-00113609.1"",""S-00598845.1"",""S-00783918.1"",""S-00491481.1"",""S-00621507.1"",""S-00338549.1"",""S-00206092.1"",""S-00843620.1"",""S-00348033.1"",""S-00607825.1"",""S-00242295.1"",""S-00526928.1"",""S-00426553.1"",""S-00202661.1"",""S-00440097.1"",""S-00350882.1"",""S-00443444.1"",""S-00174742.1"",""S-00459097.1"",""S-00736967.1"",""S-00386752.1"",""S-00100102.1"",""S-00306956.1"",""S-00732136.1"",""S-00302504.1"",""S-00775362.1"",""S-00886447.1"",""S-00423291.1"",""S-00606861.1"",""S-00395899.1"",""S-00468257.1"",""S-00179767.1"",""S-00125489.1"",""S-00425229.1"",""S-00606806.1"",""S-00558900.1"",""S-00351448.1"",""S-00326278.1"",""S-00725041.1"",""S-00778668.1"",""S-00416469.1"",""S-00257983.1"",""S-00846780.1"",""S-00163083.1"",""S-00671768.1"",""S-00401693.1"",""S-00816792.1"",""NEWPCC_SURGE.7"",""BYPASS_CHAMBER.1"",""S-PL00000313.1"",""SPLIT_NEWPCC_OUTFALL2.1"",""S-TE00000316.1"",""SPLIT_NEWPCC_OUTFALL1.1"",""S-MH00014483.1"",""S-CO00007374.1"",""S-CO00007375.1""]",0.013584871744038537,0.008314034622162582,0.6681120986840687,0.12450073263258674,0.27347350686090066,345.6695221364498,blue,0,"LINESTRING (633370 5528503, 633368.9 5528521)"
12,S-00349761,S-00865799,0.0732941872278043,0.1441669058314167,14.459990454247588,0.5992468188633211,0.5992468188633211,POLYF,67.29987290455028,PVC,18.980847500249865,0.28203392786744075,0.034495715059313634,0.32919824575879275,0.034495715059313634,14.459990454247588,0.6709834608947858,100.30034542848934,0.8110806216020138,100.30034542848934,0.00997005539440505,0.012847,0.5998380762059242,0.45758177022915336,S-00349761.1,S-00161412,NEWPCC_EFFLUENT_OUT,"[""S-00161412"",""S-00154424"",""S-00723843"",""S-00174361"",""S-00146207"",""S-00509955"",""S-00685892"",""S-00726545"",""S-00686328"",""S-00789059"",""S-00421502"",""S-00349761"",""S-00865799"",""S-00285657"",""S-00113609"",""S-00598845"",""S-00783918"",""S-00491481"",""S-00621507"",""S-00338549""]","[[""S-00161412"",""S-00154424""],[""S-00154424"",""S-00723843""],[""S-00723843"",""S-00174361""],[""S-00174361"",""S-00146207""],[""S-00146207"",""S-00509955""],[""S-00509955"",""S-00685892""],[""S-00685892"",""S-00726545""],[""S-00726545"",""S-00686328""],[""S-00686328"",""S-00789059""],[""S-00789059"",""S-00421502""],[""S-00421502"",""S-00349761""],[""S-00349761"",""S-00865799""],[""S-00865799"",""S-00285657""],[""S-00285657"",""S-00113609""],[""S-00113609"",""S-00598845""],[""S-00598845"",""S-00783918""],[""S-00783918"",""S-00491481""],[""S-00491481"",""S-00621507""],[""S-00621507"",""S-00338549""]]","[""S-00349761.1"",""S-00865799.1"",""S-00285657.1"",""S-00113609.1"",""S-00598845.1"",""S-00783918.1"",""S-00491481.1"",""S-00621507.1"",""S-00338549.1"",""S-00206092.1"",""S-00843620.1"",""S-00348033.1"",""S-00607825.1"",""S-00242295.1"",""S-00526928.1"",""S-00426553.1"",""S-00202661.1"",""S-00440097.1"",""S-00350882.1"",""S-00443444.1"",""S-00174742.1"",""S-00459097.1"",""S-00736967.1"",""S-00386752.1"",""S-00100102.1"",""S-00306956.1"",""S-00732136.1"",""S-00302504.1"",""S-00775362.1"",""S-00886447.1"",""S-00423291.1"",""S-00606861.1"",""S-00395899.1"",""S-00468257.1"",""S-00179767.1"",""S-00125489.1"",""S-00425229.1"",""S-00606806.1"",""S-00558900.1"",""S-00351448.1"",""S-00326278.1"",""S-00725041.1"",""S-00778668.1"",""S-00416469.1"",""S-00257983.1"",""S-00846780.1"",""S-00163083.1"",""S-00671768.1"",""S-00401693.1"",""S-00816792.1"",""NEWPCC_SURGE.7"",""BYPASS_CHAMBER.1"",""S-PL00000313.1"",""SPLIT_NEWPCC_OUTFALL2.1"",""S-TE00000316.1"",""SPLIT_NEWPCC_OUTFALL1.1"",""S-MH00014483.1"",""S-CO00007374.1"",""S-CO00007375.1""]",7.923847859492525e-4,0.12871260638348758,0.20617482594447212,0.18327441507950426,0.11486978841247036,326.277131261304,red,0,"LINESTRING (633368.9 5528521, 633373.8 5528542)"
13,S-00865799,S-00285657,0.07657863011616349,0.07670033983893744,1.2456675884085038,0.3570479986956343,0.3570479986956343,CIRC,16.84825963107869,POLYF,1.686934165123968,0.10012512877070164,0.021474550283086494,0.25973888697784386,0.021474550283086494,1.2456675884085038,1.0374093790538608,16.24070494373654,0.18707283094991,16.24070494373654,0.0615736818976977,0.016246,1.376947027805727,0.03233494780026376,S-00865799.1,S-00161412,NEWPCC_EFFLUENT_OUT,"[""S-00161412"",""S-00154424"",""S-00723843"",""S-00174361"",""S-00146207"",""S-00509955"",""S-00685892"",""S-00726545"",""S-00686328"",""S-00789059"",""S-00421502"",""S-00349761"",""S-00865799"",""S-00285657"",""S-00113609"",""S-00598845"",""S-00783918"",""S-00491481"",""S-00621507"",""S-00338549""]","[[""S-00161412"",""S-00154424""],[""S-00154424"",""S-00723843""],[""S-00723843"",""S-00174361""],[""S-00174361"",""S-00146207""],[""S-00146207"",""S-00509955""],[""S-00509955"",""S-00685892""],[""S-00685892"",""S-00726545""],[""S-00726545"",""S-00686328""],[""S-00686328"",""S-00789059""],[""S-00789059"",""S-00421502""],[""S-00421502"",""S-00349761""],[""S-00349761"",""S-00865799""],[""S-00865799"",""S-00285657""],[""S-00285657"",""S-00113609""],[""S-00113609"",""S-00598845""],[""S-00598845"",""S-00783918""],[""S-00783918"",""S-00491481""],[""S-00491481"",""S-00621507""],[""S-00621507"",""S-00338549""]]","[""S-00865799.1"",""S-00285657.1"",""S-00113609.1"",""S-00598845.1"",""S-00783918.1"",""S-00491481.1"",""S-00621507.1"",""S-00338549.1"",""S-00206092.1"",""S-00843620.1"",""S-00348033.1"",""S-00607825.1"",""S-00242295.1"",""S-00526928.1"",""S-00426553.1"",""S-00202661.1"",""S-00440097.1"",""S-00350882.1"",""S-00443444.1"",""S-00174742.1"",""S-00459097.1"",""S-00736967.1"",""S-00386752.1"",""S-00100102.1"",""S-00306956.1"",""S-00732136.1"",""S-00302504.1"",""S-00775362.1"",""S-00886447.1"",""S-00423291.1"",""S-00606861.1"",""S-00395899.1"",""S-00468257.1"",""S-00179767.1"",""S-00125489.1"",""S-00425229.1"",""S-00606806.1"",""S-00558900.1"",""S-00351448.1"",""S-00326278.1"",""S-00725041.1"",""S-00778668.1"",""S-00416469.1"",""S-00257983.1"",""S-00846780.1"",""S-00163083.1"",""S-00671768.1"",""S-00401693.1"",""S-00816792.1"",""NEWPCC_SURGE.7"",""BYPASS_CHAMBER.1"",""S-PL00000313.1"",""SPLIT_NEWPCC_OUTFALL2.1"",""S-TE00000316.1"",""SPLIT_NEWPCC_OUTFALL1.1"",""S-MH00014483.1"",""S-CO00007374.1"",""S-CO00007375.1""]",0.002705718483775854,0.059920901386067274,1.1665457646804862,0.039231582393404095,0.38351482627214867,377.96347363619134,red,0,"LINESTRING (633373.8 5528542, 633370.9 5528557)"
14,S-00285657,S-00113609,0.4459004668895182,0.21365328596029945,18.67656479973384,0.8557892452226952,0.8557892452226952,CIRC,77.4582668254152,POLYF,44.55447240046288,0.5752061623181569,0.2997054447309059,0.9703362424476764,0.2997054447309059,18.67656479973384,0.8860951363109051,87.41529396933439,1.429637891019229,87.41529396933439,0.011439645794142198,0.013427,4.002480803080835,0.07684929431183263,S-00285657.1,S-00161412,NEWPCC_EFFLUENT_OUT,"[""S-00161412"",""S-00154424"",""S-00723843"",""S-00174361"",""S-00146207"",""S-00509955"",""S-00685892"",""S-00726545"",""S-00686328"",""S-00789059"",""S-00421502"",""S-00349761"",""S-00865799"",""S-00285657"",""S-00113609"",""S-00598845"",""S-00783918"",""S-00491481"",""S-00621507"",""S-00338549""]","[[""S-00161412"",""S-00154424""],[""S-00154424"",""S-00723843""],[""S-00723843"",""S-00174361""],[""S-00174361"",""S-00146207""],[""S-00146207"",""S-00509955""],[""S-00509955"",""S-00685892""],[""S-00685892"",""S-00726545""],[""S-00726545"",""S-00686328""],[""S-00686328"",""S-00789059""],[""S-00789059"",""S-00421502""],[""S-00421502"",""S-00349761""],[""S-00349761"",""S-00865799""],[""S-00865799"",""S-00285657""],[""S-00285657"",""S-00113609""],[""S-00113609"",""S-00598845""],[""S-00598845"",""S-00783918""],[""S-00783918"",""S-00491481""],[""S-00491481"",""S-00621507""],[""S-00621507"",""S-00338549""]]","[""S-00285657.1"",""S-00113609.1"",""S-00598845.1"",""S-00783918.1"",""S-00491481.1"",""S-00621507.1"",""S-00338549.1"",""S-00206092.1"",""S-00843620.1"",""S-00348033.1"",""S-00607825.1"",""S-00242295.1"",""S-00526928.1"",""S-00426553.1"",""S-00202661.1"",""S-00440097.1"",""S-00350882.1"",""S-00443444.1"",""S-00174742.1"",""S-00459097.1"",""S-00736967.1"",""S-00386752.1"",""S-00100102.1"",""S-00306956.1"",""S-00732136.1"",""S-00302504.1"",""S-00775362.1"",""S-00886447.1"",""S-00423291.1"",""S-00606861.1"",""S-00395899.1"",""S-00468257.1"",""S-00179767.1"",""S-00125489.1"",""S-00425229.1"",""S-00606806.1"",""S-00558900.1"",""S-00351448.1"",""S-00326278.1"",""S-00725041.1"",""S-00778668.1"",""S-00416469.1"",""S-00257983.1"",""S-00846780.1"",""S-00163083.1"",""S-00671768.1"",""S-00401693.1"",""S-00816792.1"",""NEWPCC_SURGE.7"",""BYPASS_CHAMBER.1"",""S-PL00000313.1"",""SPLIT_NEWPCC_OUTFALL2.1"",""S-TE00000316.1"",""SPLIT_NEWPCC_OUTFALL1.1"",""S-MH00014483.1"",""S-CO00007374.1"",""S-CO00007375.1""]",0.017031921722111293,0.07868621610105038,1.5148222461063414,0.18354413934866898,0.05733748452039436,194.19553966727108,red,0,"LINESTRING (633370.9 5528557, 633379.3 5528558)"
15,S-00113609,S-00598845,0.2769734465984253,0.12489957878156373,6.116696830097001,0.7493557238485664,0.7493557238485664,CIRC,21.8115510372445,PVC,9.61949977885278,0.44102777296428497,0.16301067495179516,0.7156208066324465,0.16301067495179516,6.116696830097001,0.44537985334172836,48.97291800154477,1.4013437871355563,48.97291800154477,0.02041944896909056,0.01391,1.5297005705535414,0.05917357419850305,S-00113609.1,S-00161412,NEWPCC_EFFLUENT_OUT,"[""S-00161412"",""S-00154424"",""S-00723843"",""S-00174361"",""S-00146207"",""S-00509955"",""S-00685892"",""S-00726545"",""S-00686328"",""S-00789059"",""S-00421502"",""S-00349761"",""S-00865799"",""S-00285657"",""S-00113609"",""S-00598845"",""S-00783918"",""S-00491481"",""S-00621507"",""S-00338549""]","[[""S-00161412"",""S-00154424""],[""S-00154424"",""S-00723843""],[""S-00723843"",""S-00174361""],[""S-00174361"",""S-00146207""],[""S-00146207"",""S-00509955""],[""S-00509955"",""S-00685892""],[""S-00685892"",""S-00726545""],[""S-00726545"",""S-00686328""],[""S-00686328"",""S-00789059""],[""S-00789059"",""S-00421502""],[""S-00421502"",""S-00349761""],[""S-00349761"",""S-00865799""],[""S-00865799"",""S-00285657""],[""S-00285657"",""S-00113609""],[""S-00113609"",""S-00598845""],[""S-00598845"",""S-00783918""],[""S-00783918"",""S-00491481""],[""S-00491481"",""S-00621507""],[""S-00621507"",""S-00338549""]]","[""S-00113609.1"",""S-00598845.1"",""S-00783918.1"",""S-00491481.1"",""S-00621507.1"",""S-00338549.1"",""S-00206092.1"",""S-00843620.1"",""S-00348033.1"",""S-00607825.1"",""S-00242295.1"",""S-00526928.1"",""S-00426553.1"",""S-00202661.1"",""S-00440097.1"",""S-00350882.1"",""S-00443444.1"",""S-00174742.1"",""S-00459097.1"",""S-00736967.1"",""S-00386752.1"",""S-00100102.1"",""S-00306956.1"",""S-00732136.1"",""S-00302504.1"",""S-00775362.1"",""S-00886447.1"",""S-00423291.1"",""S-00606861.1"",""S-00395899.1"",""S-00468257.1"",""S-00179767.1"",""S-00125489.1"",""S-00425229.1"",""S-00606806.1"",""S-00558900.1"",""S-00351448.1"",""S-00326278.1"",""S-00725041.1"",""S-00778668.1"",""S-00416469.1"",""S-00257983.1"",""S-00846780.1"",""S-00163083.1"",""S-00671768.1"",""S-00401693.1"",""S-00816792.1"",""NEWPCC_SURGE.7"",""BYPASS_CHAMBER.1"",""S-PL00000313.1"",""SPLIT_NEWPCC_OUTFALL2.1"",""S-TE00000316.1"",""SPLIT_NEWPCC_OUTFALL1.1"",""S-MH00014483.1"",""S-CO00007374.1"",""S-CO00007375.1""]",0.009212979116244241,0.18470085244625808,1.0388382593588903,0.4915746822580695,0.13596007489133627,114.88849460147321,blue,0,"LINESTRING (633379.3 5528558, 633374.1 5528559)"
16,S-00598845,S-00783918,0.08150550779982227,0.0071187713672690766,0.5016924064566876,0.29645573493326083,0.29645573493326083,CIRC,16.025838411878794,VC,1.1061915921156489,0.06902550516768652,0.01897739927715712,0.24417055136391255,0.01897739927715712,0.5016924064566876,0.22739885665941983,70.47457778506353,0.23748721588635818,70.47457778506353,0.014189513884706682,0.008804,4.344465324853081,0.2107307613408193,S-00598845.1,S-00161412,NEWPCC_EFFLUENT_OUT,"[""S-00161412"",""S-00154424"",""S-00723843"",""S-00174361"",""S-00146207"",""S-00509955"",""S-00685892"",""S-00726545"",""S-00686328"",""S-00789059"",""S-00421502"",""S-00349761"",""S-00865799"",""S-00285657"",""S-00113609"",""S-00598845"",""S-00783918"",""S-00491481"",""S-00621507"",""S-00338549""]","[[""S-00161412"",""S-00154424""],[""S-00154424"",""S-00723843""],[""S-00723843"",""S-00174361""],[""S-00174361"",""S-00146207""],[""S-00146207"",""S-00509955""],[""S-00509955"",""S-00685892""],[""S-00685892"",""S-00726545""],[""S-00726545"",""S-00686328""],[""S-00686328"",""S-00789059""],[""S-00789059"",""S-00421502""],[""S-00421502"",""S-00349761""],[""S-00349761"",""S-00865799""],[""S-00865799"",""S-00285657""],[""S-00285657"",""S-00113609""],[""S-00113609"",""S-00598845""],[""S-00598845"",""S-00783918""],[""S-00783918"",""S-00491481""],[""S-00491481"",""S-00621507""],[""S-00621507"",""S-00338549""]]","[""S-00598845.1"",""S-00783918.1"",""S-00491481.1"",""S-00621507.1"",""S-00338549.1"",""S-00206092.1"",""S-00843620.1"",""S-00348033.1"",""S-00607825.1"",""S-00242295.1"",""S-00526928.1"",""S-00426553.1"",""S-00202661.1"",""S-00440097.1"",""S-00350882.1"",""S-00443444.1"",""S-00174742.1"",""S-00459097.1"",""S-00736967.1"",""S-00386752.1"",""S-00100102.1"",""S-00306956.1"",""S-00732136.1"",""S-00302504.1"",""S-00775362.1"",""S-00886447.1"",""S-00423291.1"",""S-00606861.1"",""S-00395899.1"",""S-00468257.1"",""S-00179767.1"",""S-00125489.1"",""S-00425229.1"",""S-00606806.1"",""S-00558900.1"",""S-00351448.1"",""S-00326278.1"",""S-00725041.1"",""S-00778668.1"",""S-00416469.1"",""S-00257983.1"",""S-00846780.1"",""S-00163083.1"",""S-00671768.1"",""S-00401693.1"",""S-00816792.1"",""NEWPCC_SURGE.7"",""BYPASS_CHAMBER.1"",""S-PL00000313.1"",""SPLIT_NEWPCC_OUTFALL2.1"",""S-TE00000316.1"",""SPLIT_NEWPCC_OUTFALL1.1"",""S-MH00014483.1"",""S-CO00007374.1"",""S-CO00007375.1""]",0.008336667591589504,0.13584355874918402,0.5563063337025232,0.09908115259371698,0.25522663024254144,74.2599499062635,blue,0,"LINESTRING (633374.1 5528559, 633365.4 5528570)"
17,S-00783918,S-00491481,0.31398581213101184,0.04570157302038646,4.385124852861764,0.5731941762496717,0.5731941762496717,CIRC,70.2847486990504,POLYF,18.13654326389284,0.2580437947007681,0.1413519079600648,0.6663858609081079,0.1413519079600648,4.385124852861764,0.7325044742552562,95.95128926756321,0.12196129760704935,95.95128926756321,0.01042195480262353,0.013602,0.24514507314888762,0.48527444415260107,S-00783918.1,S-00161412,WEWPCC,"[""S-00161412"",""S-00154424"",""S-00723843"",""S-00174361"",""S-00146207"",""S-00509955"",""S-00685892"",""S-00726545"",""S-00686328"",""S-00789059"",""S-00421502"",""S-00349761"",""S-00865799"",""S-00285657"",""S-00113609"",""S-00598845"",""S-00783918"",""S-00491481"",""S-00621507"",""S-00338549""]","[[""S-00161412"",""S-00154424""],[""S-00154424"",""S-00723843""],[""S-00723843"",""S-00174361""],[""S-00174361"",""S-00146207""],[""S-00146207"",""S-00509955""],[""S-00509955"",""S-00685892""],[""S-00685892"",""S-00726545""],[""S-00726545"",""S-00686328""],[""S-00686328"",""S-00789059""],[""S-00789059"",""S-00421502""],[""S-00421502"",""S-00349761""],[""S-00349761"",""S-00865799""],[""S-00865799"",""S-00285657""],[""S-00285657"",""S-00113609""],[""S-00113609"",""S-00598845""],[""S-00598845"",""S-00783918""],[""S-00783918"",""S-00491481""],[""S-00491481"",""S-00621507""],[""S-00621507"",""S-00338549""]]","[""S-00783918.1"",""S-00491481.1"",""S-00621507.1"",""S-00338549.1"",""S-00206092.1"",""S-00843620.1"",""S-00348033.1"",""S-00607825.1"",""S-00242295.1"",""S-00526928.1"",""S-00426553.1"",""S-00202661.1"",""S-00440097.1"",""S-00350882.1"",""S-00443444.1"",""S-00174742.1"",""S-00459097.1"",""S-00736967.1"",""S-00386752.1"",""S-00100102.1"",""S-00306956.1"",""S-00732136.1"",""S-00302504.1"",""S-00775362.1"",""S-00886447.1"",""S-00423291.1"",""S-00606861.1"",""S-00395899.1"",""S-00468257.1"",""S-00179767.1"",""S-00125489.1"",""S-00425229.1"",""S-00606806.1"",""S-00558900.1"",""S-00351448.1"",""S-00326278.1"",""S-00725041.1"",""S-00778668.1"",""S-00416469.1"",""S-00257983.1"",""S-00846780.1"",""S-00163083.1"",""S-00671768.1"",""S-00401693.1"",""S-00816792.1"",""NEWPCC_SURGE.7"",""BYPASS_CHAMBER.1"",""S-PL00000313.1"",""SPLIT_NEWPCC_OUTFALL2.1"",""S-TE00000316.1"",""SPLIT_NEWPCC_OUTFALL1.1"",""S-MH00014483.1"",""S-CO00007374.1"",""S-CO00007375.1""]",0.008928176941466519,0.14350926163606345,0.8947893723216839,0.43658672997495157,0.10435250332579017,479.7930963221006,red,0,"LINESTRING (633365.4 5528570, 633369.3 5528589)"
18,S-00491481,S-00621507,0.2618754145567915,0.14385754368498513,6.627078485030637,0.5476413110736758,0.5476413110736758,CIRC,46.73534214263782,POLYF,11.008488949906692,0.23554955297659783,0.11263693148619108,0.594860787478814,0.11263693148619108,6.627078485030637,1.0145091142505407,46.066951480434085,0.8318332357914188,46.066951480434085,0.021707535833464645,0.001515,1.7321263746591287,0.1883524790708907,S-00491481.1,S-00161412,NEWPCC_EFFLUENT_OUT,"[""S-00161412"",""S-00154424"",""S-00723843"",""S-00174361"",""S-00146207"",""S-00509955"",""S-00685892"",""S-00726545"",""S-00686328"",""S-00789059"",""S-00421502"",""S-00349761"",""S-00865799"",""S-00285657"",""S-00113609"",""S-00598845"",""S-00783918"",""S-00491481"",""S-00621507"",""S-00338549""]","[[""S-00161412"",""S-00154424""],[""S-00154424"",""S-00723843""],[""S-00723843"",""S-00174361""],[""S-00174361"",""S-00146207""],[""S-00146207"",""S-00509955""],[""S-00509955"",""S-00685892""],[""S-00685892"",""S-00726545""],[""S-00726545"",""S-00686328""],[""S-00686328"",""S-00789059""],[""S-00789059"",""S-00421502""],[""S-00421502"",""S-00349761""],[""S-00349761"",""S-00865799""],[""S-00865799"",""S-00285657""],[""S-00285657"",""S-00113609""],[""S-00113609"",""S-00598845""],[""S-00598845"",""S-00783918""],[""S-00783918"",""S-00491481""],[""S-00491481"",""S-00621507""],[""S-00621507"",""S-00338549""]]","[""S-00491481.1"",""S-00621507.1"",""S-00338549.1"",""S-00206092.1"",""S-00843620.1"",""S-00348033.1"",""S-00607825.1"",""S-00242295.1"",""S-00526928.1"",""S-00426553.1"",""S-00202661.1"",""S-00440097.1"",""S-00350882.1"",""S-00443444.1"",""S-00174742.1"",""S-00459097.1"",""S-00736967.1"",""S-00386752.1"",""S-00100102.1"",""S-00306956.1"",""S-00732136.1"",""S-00302504.1"",""S-00775362.1"",""S-00886447.1"",""S-00423291.1"",""S-00606861.1"",""S-00395899.1"",""S-00468257.1"",""S-00179767.1"",""S-00125489.1"",""S-00425229.1"",""S-00606806.1"",""S-00558900.1"",""S-00351448.1"",""S-00326278.1"",""S-00725041.1"",""S-00778668.1"",""S-00416469.1"",""S-00257983.1"",""S-00846780.1"",""S-00163083.1"",""S-00671768.1"",""S-00401693.1"",""S-00816792.1"",""NEWPCC_SURGE.7"",""BYPASS_CHAMBER.1"",""S-PL00000313.1"",""SPLIT_NEWPCC_OUTFALL2.1"",""S-TE00000316.1"",""SPLIT_NEWPCC_OUTFALL1.1"",""S-MH00014483.1"",""S-CO00007374.1"",""S-CO00007375.1""]",0.013440286070224829,0.1434273242019117,1.7922564940992742,0.06072936812182888,0.3722107005235739,61.520423204638064,red,0,"LINESTRING (633369.3 5528589, 633375.5 5528591)"
19,S-00621507,S-00338549,0.19219096471193506,0.2010607005423285,16.73879610554299,0.7727175635518506,0.7727175635518506,CIRC,55.976761269848794,VC,26.25059888964593,0.4689553002736065,0.11663895816224942,0.6053363478966798,0.11663895816224942,16.73879610554299,0.6723737336928024,83.25245092846495,0.07249758917605505,83.25245092846495,0.012011658381796526,0.016503,1.5825006725615822,0.3652016926370561,S-00621507.1,S-00161412,NEWPCC_EFFLUENT_OUT,"[""S-00161412"",""S-00154424"",""S-00723843"",""S-00174361"",""S-00146207"",""S-00509955"",""S-00685892"",""S-00726545"",""S-00686328"",""S-00789059"",""S-00421502"",""S-00349761"",""S-00865799"",""S-00285657"",""S-00113609"",""S-00598845"",""S-00783918"",""S-00491481"",""S-00621507"",""S-00338549""]","[[""S-00161412"",""S-00154424""],[""S-00154424"",""S-00723843""],[""S-00723843"",""S-00174361""],[""S-00174361"",""S-00146207""],[""S-00146207"",""S-00509955""],[""S-00509955"",""S-00685892""],[""S-00685892"",""S-00726545""],[""S-00726545"",""S-00686328""],[""S-00686328"",""S-00789059""],[""S-00789059"",""S-00421502""],[""S-00421502"",""S-00349761""],[""S-00349761"",""S-00865799""],[""S-00865799"",""S-00285657""],[""S-00285657"",""S-00113609""],[""S-00113609"",""S-00598845""],[""S-00598845"",""S-00783918""],[""S-00783918"",""S-00491481""],[""S-00491481"",""S-00621507""],[""S-00621507"",""S-00338549""]]","[""S-00621507.1"",""S-00338549.1"",""S-00206092.1"",""S-00843620.1"",""S-00348033.1"",""S-00607825.1"",""S-00242295.1"",""S-00526928.1"",""S-00426553.1"",""S-00202661.1"",""S-00440097.1"",""S-00350882.1"",""S-00443444.1"",""S-00174742.1"",""S-00459097.1"",""S-00736967.1"",""S-00386752.1"",""S-00100102.1"",""S-00306956.1"",""S-00732136.1"",""S-00302504.1"",""S-00775362.1"",""S-00886447.1"",""S-00423291.1"",""S-00606861.1"",""S-00395899.1"",""S-00468257.1"",""S-00179767.1"",""S-00125489.1"",""S-00425229.1"",""S-00606806.1"",""S-00558900.1"",""S-00351448.1"",""S-00326278.1"",""S-00725041.1"",""S-00778668.1"",""S-00416469.1"",""S-00257983.1"",""S-00846780.1"",""S-00163083.1"",""S-00671768.1"",""S-00401693.1"",""S-00816792.1"",""NEWPCC_SURGE.7"",""BYPASS_CHAMBER.1"",""S-PL00000313.1"",""SPLIT_NEWPCC_OUTFALL2.1"",""S-TE00000316.1"",""SPLIT_NEWPCC_OUTFALL1.1"",""S-MH00014483.1"",""S-CO00007374.1"",""S-CO00007375.1""]",0.004056201839004643,0.04563441178761423,1.8433523256401532,0.10107398106483743,0.24119257741607728,464.34341261629015,red,0,"LINESTRING (633375.5 5528591, 633386.6 5528596)"
20,S-00338549,S-00206092,0.05,0.22343487897724465,6.745484464944936,0.7444897379609756,0.7444897379609756,CIRC,26.066356096416712,VC,11.347171973793383,0.4353186894179373,0.029236043643139892,0.3030639205338024,0.029236043643139892,6.745484464944936,0.8634121314855291,30.189934963698835,1.1573874810128473,30.189934963698835,0.033123622200658134,0.002426,0.6907957425690257,0.3543139582732692,S-00338549.1,S-00161412,NEWPCC_EFFLUENT_OUT,"[""S-00161412"",""S-00154424"",""S-00723843"",""S-00174361"",""S-00146207"",""S-00509955"",""S-00685892"",""S-00726545"",""S-00686328"",""S-00789059"",""S-00421502"",""S-00349761"",""S-00865799"",""S-00285657"",""S-00113609"",""S-00598845"",""S-00783918"",""S-00491481"",""S-00621507"",""S-00338549""]","[[""S-00161412"",""S-00154424""],[""S-00154424"",""S-00723843""],[""S-00723843"",""S-00174361""],[""S-00174361"",""S-00146207""],[""S-00146207"",""S-00509955""],[""S-00509955"",""S-00685892""],[""S-00685892"",""S-00726545""],[""S-00726545"",""S-00686328""],[""S-00686328"",""S-00789059""],[""S-00789059"",""S-00421502""],[""S-00421502"",""S-00349761""],[""S-00349761"",""S-00865799""],[""S-00865799"",""S-00285657""],[""S-00285657"",""S-00113609""],[""S-00113609"",""S-00598845""],[""S-00598845"",""S-00783918""],[""S-00783918"",""S-00491481""],[""S-00491481"",""S-00621507""],[""S-00621507"",""S-00338549""]]","[""S-00338549.1"",""S-00206092.1"",""S-00843620.1"",""S-00348033.1"",""S-00607825.1"",""S-00242295.1"",""S-00526928.1"",""S-00426553.1"",""S-00202661.1"",""S-00440097.1"",""S-00350882.1"",""S-00443444.1"",""S-00174742.1"",""S-00459097.1"",""S-00736967.1"",""S-00386752.1"",""S-00100102.1"",""S-00306956.1"",""S-00732136.1"",""S-00302504.1"",""S-00775362.1"",""S-00886447.1"",""S-00423291.1"",""S-00606861.1"",""S-00395899.1"",""S-00468257.1"",""S-00179767.1"",""S-00125489.1"",""S-00425229.1"",""S-00606806.1"",""S-00558900.1"",""S-00351448.1"",""S-00326278.1"",""S-00725041.1"",""S-00778668.1"",""S-00416469.1"",""S-00257983.1"",""S-00846780.1"",""S-00163083.1"",""S-00671768.1"",""S-00401693.1"",""S-00816792.1"",""NEWPCC_SURGE.7"",""BYPASS_CHAMBER.1"",""S-PL00000313.1"",""SPLIT_NEWPCC_OUTFALL2.1"",""S-TE00000316.1"",""SPLIT_NEWPCC_OUTFALL1.1"",""S-MH00014483.1"",""S-CO00007374.1"",""S-CO00007375.1""]",0.01684760581923183,0.08175478801131249,1.0474594794539736,0.36642750778468325,0.15075751589844005,214.99913521111012,red,0,"LINESTRING (633386.6 5528596, 633387.3 5528603)"
21,S-00206092,S-00843620,0.16564694490332296,0.03688000976929296,3.432431104677674,0.555513032246381,0.555513032246381,POLYF,60.485822199843824,PVC,14.659932600284938,0.242369733387253,0.07227158237905214,0.47649540634232745,0.07227158237905214,3.432431104677674,0.6498943884391337,93.0702330652739,1.89265235546045,93.0702330652739,0.010744573931588414,0.018118,1.900480700528715,0.022159154061228037,S-00206092.1,S-00161412,NEWPCC_EFFLUENT_OUT,"[""S-00161412"",""S-00154424"",""S-00723843"",""S-00174361"",""S-00146207"",""S-00509955"",""S-00685892"",""S-00726545"",""S-00686328"",""S-00789059"",""S-00421502"",""S-00349761"",""S-00865799"",""S-00285657"",""S-00113609"",""S-00598845"",""S-00783918"",""S-00491481"",""S-00621507"",""S-00338549""]","[[""S-00161412"",""S-00154424""],[""S-00154424"",""S-00723843""],[""S-00723843"",""S-00174361""],[""S-00174361"",""S-00146207""],[""S-00146207"",""S-00509955""],[""S-00509955"",""S-00685892""],[""S-00685892"",""S-00726545""],[""S-00726545"",""S-00686328""],[""S-00686328"",""S-00789059""],[""S-00789059"",""S-00421502""],[""S-00421502"",""S-00349761""],[""S-00349761"",""S-00865799""],[""S-00865799"",""S-00285657""],[""S-00285657"",""S-00113609""],[""S-00113609"",""S-00598845""],[""S-00598845"",""S-00783918""],[""S-00783918"",""S-00491481""],[""S-00491481"",""S-00621507""],[""S-00621507"",""S-00338549""]]","[""S-00206092.1"",""S-00843620.1"",""S-00348033.1"",""S-00607825.1"",""S-00242295.1"",""S-00526928.1"",""S-00426553.1"",""S-00202661.1"",""S-00440097.1"",""S-00350882.1"",""S-00443444.1"",""S-00174742.1"",""S-00459097.1"",""S-00736967.1"",""S-00386752.1"",""S-00100102.1"",""S-00306956.1"",""S-00732136.1"",""S-00302504.1"",""S-00775362.1"",""S-00886447.1"",""S-00423291.1"",""S-00606861.1"",""S-00395899.1"",""S-00468257.1"",""S-00179767.1"",""S-00125489.1"",""S-00425229.1"",""S-00606806.1"",""S-00558900.1"",""S-00351448.1"",""S-00326278.1"",""S-00725041.1"",""S-00778668.1"",""S-00416469.1"",""S-00257983.1"",""S-00846780.1"",""S-00163083.1"",""S-00671768.1"",""S-00401693.1"",""S-00816792.1"",""NEWPCC_SURGE.7"",""BYPASS_CHAMBER.1"",""S-PL00000313.1"",""SPLIT_NEWPCC_OUTFALL2.1"",""S-TE00000316.1"",""SPLIT_NEWPCC_OUTFALL1.1"",""S-MH00014483.1"",""S-CO00007374.1"",""S-CO00007375.1""]",0.018388773013139143,0.11422279258258641,1.5340673462697305,0.1387727110402193,0.24725973257329317,364.27664613584056,red,0,"LINESTRING (633387.3 5528603, 633386.5 5528614)"
22,S-00843620,S-00348033,0.1416826397295402,0.027354835999027962,2.4781750598792747,0.48019016528269276,0.48019016528269276,CIRC,44.35252764960751,VC,8.032204902204954,0.18109914649421416,0.053434257890228744,0.4097177956081052,0.053434257890228744,2.4781750598792747,0.48957643858157096,90.59367272270742,0.7194392456673085,90.59367272270742,0.011038298480963877,0.002346,2.351579863182269,0.4735392847866751,S-00843620.1,S-00161412,NEWPCC_EFFLUENT_OUT,"[""S-00161412"",""S-00154424"",""S-00723843"",""S-00174361"",""S-00146207"",""S-00509955"",""S-00685892"",""S-00726545"",""S-00686328"",""S-00789059"",""S-00421502"",""S-00349761"",""S-00865799"",""S-00285657"",""S-00113609"",""S-00598845"",""S-00783918"",""S-00491481"",""S-00621507"",""S-00338549""]","[[""S-00161412"",""S-00154424""],[""S-00154424"",""S-00723843""],[""S-00723843"",""S-00174361""],[""S-00174361"",""S-00146207""],[""S-00146207"",""S-00509955""],[""S-00509955"",""S-00685892""],[""S-00685892"",""S-00726545""],[""S-00726545"",""S-00686328""],[""S-00686328"",""S-00789059""],[""S-00789059"",""S-00421502""],[""S-00421502"",""S-00349761""],[""S-00349761"",""S-00865799""],[""S-00865799"",""S-00285657""],[""S-00285657"",""S-00113609""],[""S-00113609"",""S-00598845""],[""S-00598845"",""S-00783918""],[""S-00783918"",""S-00491481""],[""S-00491481"",""S-00621507""],[""S-00621507"",""S-00338549""]]","[""S-00843620.1"",""S-00348033.1"",""S-00607825.1"",""S-00242295.1"",""S-00526928.1"",""S-00426553.1"",""S-00202661.1"",""S-00440097.1"",""S-00350882.1"",""S-00443444.1"",""S-00174742.1"",""S-00459097.1"",""S-00736967.1"",""S-00386752.1"",""S-00100102.1"",""S-00306956.1"",""S-00732136.1"",""S-00302504.1"",""S-00775362.1"",""S-00886447.1"",""S-00423291.1"",""S-00606861.1"",""S-00395899.1"",""S-00468257.1"",""S-00179767.1"",""S-00125489.1"",""S-00425229.1"",""S-00606806.1"",""S-00558900.1"",""S-00351448.1"",""S-00326278.1"",""S-00725041.1"",""S-00778668.1"",""S-00416469.1"",""S-00257983.1"",""S-00846780.1"",""S-00163083.1"",""S-00671768.1"",""S-00401693.1"",""S-00816792.1"",""NEWPCC_SURGE.7"",""BYPASS_CHAMBER.1"",""S-PL00000313.1"",""SPLIT_NEWPCC_OUTFALL2.1"",""S-TE00000316.1"",""SPLIT_NEWPCC_OUTFALL1.1"",""S-MH00014483.1"",""S-CO00007374.1"",""S-CO00007375.1""]",0.016066870733280666,0.1758900297805667,1.5357758287200705,0.1089810886385385,0.2452222795132548,306.20855612214655,blue,0,"LINESTRING (633386.5 5528614, 633387.3 5528624)"
23,S-00348033,S-00607825,0.14059660543919814,0.05819552326980603,3.88716437880595,0.44133050879463553,0.44133050879463553,CIRC,77.5678914738819,VC,11.865875009169718,0.1529740564517615,0.04873361942758887,0.3912814597914831,0.04873361942758887,3.88716437880595,1.1612845749128609,66.79490380702107,0.5267716457601637,66.79490380702107,0.014971202037944789,0.004631,0.28071053499588744,0.2714108394272626,S-00348033.1,S-00161412,NEWPCC_EFFLUENT_OUT,"[""S-00161412"",""S-00154424"",""S-00723843"",""S-00174361"",""S-00146207"",""S-00509955"",""S-00685892"",""S-00726545"",""S-00686328"",""S-00789059"",""S-00421502"",""S-00349761"",""S-00865799"",""S-00285657"",""S-00113609"",""S-00598845"",""S-00783918"",""S-00491481"",""S-00621507"",""S-00338549""]","[[""S-00161412"",""S-00154424""],[""S-00154424"",""S-00723843""],[""S-00723843"",""S-00174361""],[""S-00174361"",""S-00146207""],[""S-00146207"",""S-00509955""],[""S-00509955"",""S-00685892""],[""S-00685892"",""S-00726545""],[""S-00726545"",""S-00686328""],[""S-00686328"",""S-00789059""],[""S-00789059"",""S-00421502""],[""S-00421502"",""S-00349761""],[""S-00349761"",""S-00865799""],[""S-00865799"",""S-00285657""],[""S-00285657"",""S-00113609""],[""S-00113609"",""S-00598845""],[""S-00598845"",""S-00783918""],[""S-00783918"",""S-00491481""],[""S-00491481"",""S-00621507""],[""S-00621507"",""S-00338549""]]","[""S-00348033.1"",""S-00607825.1"",""S-00242295.1"",""S-00526928.1"",""S-00426553.1"",""S-00202661.1"",""S-00440097.1"",""S-00350882.1"",""S-00443444.1"",""S-00174742.1"",""S-00459097.1"",""S-00736967.1"",""S-00386752.1"",""S-00100102.1"",""S-00306956.1"",""S-00732136.1"",""S-00302504.1"",""S-00775362.1"",""S-00886447.1"",""S-00423291.1"",""S-00606861.1"",""S-00395899.1"",""S-00468257.1"",""S-00179767.1"",""S-00125489.1"",""S-00425229.1"",""S-00606806.1"",""S-00558900.1"",""S-00351448.1"",""S-00326278.1"",""S-00725041.1"",""S-00778668.1"",""S-00416469.1"",""S-00257983.1"",""S-00846780.1"",""S-00163083.1"",""S-00671768.1"",""S-00401693.1"",""S-00816792.1"",""NEWPCC_SURGE.7"",""BYPASS_CHAMBER.1"",""S-PL00000313.1"",""SPLIT_NEWPCC_OUTFALL2.1"",""S-TE00000316.1"",""SPLIT_NEWPCC_OUTFALL1.1"",""S-MH00014483.1"",""S-CO00007374.1"",""S-CO00007375.1""]",0.01030959749338217,0.11893560537137092,1.6780771002033725,0.29335445530014115,0.35359125347808007,177.80501142842695,blue,0,"LINESTRING (633387.3 5528624, 633387.9 5528630)"
24,S-00607825,S-00242295,0.28738960426438115,0.24925309920991695,16.43500591588499,0.75442611501785,0.75442611501785,POLYF,73.48597363336012,POLYF,32.849424152351,0.44701624715819893,0.17028549226123224,0.7314148286033096,0.17028549226123224,16.43500591588499,1.1144873795798047,65.93701730482273,1.1062701059621758,65.93701730482273,0.015165987799797831,0.015762,4.938205186231062,0.35119149135425687,S-00607825.1,S-00161412,NEWPCC_EFFLUENT_OUT,"[""S-00161412"",""S-00154424"",""S-00723843"",""S-00174361"",""S-00146207"",""S-00509955"",""S-00685892"",""S-00726545"",""S-00686328"",""S-00789059"",""S-00421502"",""S-00349761"",""S-00865799"",""S-00285657"",""S-00113609"",""S-00598845"",""S-00783918"",""S-00491481"",""S-00621507"",""S-00338549""]","[[""S-00161412"",""S-00154424""],[""S-00154424"",""S-00723843""],[""S-00723843"",""S-00174361""],[""S-00174361"",""S-00146207""],[""S-00146207"",""S-00509955""],[""S-00509955"",""S-00685892""],[""S-00685892"",""S-00726545""],[""S-00726545"",""S-00686328""],[""S-00686328"",""S-00789059""],[""S-00789059"",""S-00421502""],[""S-00421502"",""S-00349761""],[""S-00349761"",""S-00865799""],[""S-00865799"",""S-00285657""],[""S-00285657"",""S-00113609""],[""S-00113609"",""S-00598845""],[""S-00598845"",""S-00783918""],[""S-00783918"",""S-00491481""],[""S-00491481"",""S-00621507""],[""S-00621507"",""S-00338549""]]","[""S-00607825.1"",""S-00242295.1"",""S-00526928.1"",""S-00426553.1"",""S-00202661.1"",""S-00440097.1"",""S-00350882.1"",""S-00443444.1"",""S-00174742.1"",""S-00459097.1"",""S-00736967.1"",""S-00386752.1"",""S-00100102.1"",""S-00306956.1"",""S-00732136.1"",""S-00302504.1"",""S-00775362.1"",""S-00886447.1"",""S-00423291.1"",""S-00606861.1"",""S-00395899.1"",""S-00468257.1"",""S-00179767.1"",""S-00125489.1"",""S-00425229.1"",""S-00606806.1"",""S-00558900.1"",""S-00351448.1"",""S-00326278.1"",""S-00725041.1"",""S-00778668.1"",""S-00416469.1"",""S-00257983.1"",""S-00846780.1"",""S-00163083.1"",""S-00671768.1"",""S-00401693.1"",""S-00816792.1"",""NEWPCC_SURGE.7"",""BYPASS_CHAMBER.1"",""S-PL00000313.1"",""SPLIT_NEWPCC_OUTFALL2.1"",""S-TE00000316.1"",""SPLIT_NEWPCC_OUTFALL1.1"",""S-MH00014483.1"",""S-CO00007374.1"",""S-CO00007375.1""]",0.005461960192536934,0.18362902915105225,1.8820918834372424,0.04674835431273095,0.25591721853474153,55.116463417652994,blue,0,"LINESTRING (633387.9 5528630, 633384.9 5528627)"
25,S-00242295,S-00526928,0.195418485176227,0.15535966674479182,23.222573851414065,0.9207950751879252,0.9207950751879252,CIRC,48.58753694919869,PVC,32.35495058995169,0.6659104910747136,0.14132484299204082,0.6663220606535,0.14132484299204082,23.222573851414065,0.3250519772991538,149.47620793729956,0.27952353705186395,149.47620793729956,0.006690027890053698,0.00486,4.546839035430457,0.03217617632355541,S-00242295.1,S-00161412,NEWPCC_EFFLUENT_OUT,"[""S-00161412"",""S-00154424"",""S-00723843"",""S-00174361"",""S-00146207"",""S-00509955"",""S-00685892"",""S-00726545"",""S-00686328"",""S-00789059"",""S-00421502"",""S-00349761"",""S-00865799"",""S-00285657"",""S-00113609"",""S-00598845"",""S-00783918"",""S-00491481"",""S-00621507"",""S-00338549""]","[[""S-00161412"",""S-00154424""],[""S-00154424"",""S-00723843""],[""S-00723843"",""S-00174361""],[""S-00174361"",""S-00146207""],[""S-00146207"",""S-00509955""],[""S-00509955"",""S-00685892""],[""S-00685892"",""S-00726545""],[""S-00726545"",""S-00686328""],[""S-00686328"",""S-00789059""],[""S-00789059"",""S-00421502""],[""S-00421502"",""S-00349761""],[""S-00349761"",""S-00865799""],[""S-00865799"",""S-00285657""],[""S-00285657"",""S-00113609""],[""S-00113609"",""S-00598845""],[""S-00598845"",""S-00783918""],[""S-00783918"",""S-00491481""],[""S-00491481"",""S-00621507""],[""S-00621507"",""S-00338549""]]","[""S-00242295.1"",""S-00526928.1"",""S-00426553.1"",""S-00202661.1"",""S-00440097.1"",""S-00350882.1"",""S-00443444.1"",""S-00174742.1"",""S-00459097.1"",""S-00736967.1"",""S-00386752.1"",""S-00100102.1"",""S-00306956.1"",""S-00732136.1"",""S-00302504.1"",""S-00775362.1"",""S-00886447.1"",""S-00423291.1"",""S-00606861.1"",""S-00395899.1"",""S-00468257.1"",""S-00179767.1"",""S-00125489.1"",""S-00425229.1"",""S-00606806.1"",""S-00558900.1"",""S-00351448.1"",""S-00326278.1"",""S-00725041.1"",""S-00778668.1"",""S-00416469.1"",""S-00257983.1"",""S-00846780.1"",""S-00163083.1"",""S-00671768.1"",""S-00401693.1"",""S-00816792.1"",""NEWPCC_SURGE.7"",""BYPASS_CHAMBER.1"",""S-PL00000313.1"",""SPLIT_NEWPCC_OUTFALL2.1"",""S-TE00000316.1"",""SPLIT_NEWPCC_OUTFALL1.1"",""S-MH00014483.1"",""S-CO00007374.1"",""S-CO00007375.1""]",0.013511285997345112,0.07027674526907504,0.8513430459750816,0.23859339557238854,0.34769031141186135,239.6174086490646,red,0,"LINESTRING (633384.9 5528627, 633382.6 5528633)"
26,S-00526928,S-00426553,0.5464603642765593,0.5044509312250844,6.705560905677215,0.8843021171633154,0.8843021171633154,POLYF,15.29193696565926,POLYF,9.39190541320468,0.6141736939078326,0.37953271171459907,1.0919419301957396,0.37953271171459907,6.705560905677215,1.1503932260209695,13.292791212402808,0.7810714876046404,13.292791212402808,0.07522874496568879,0.008672,4.897981226048432,0.4591200002096593,S-00526928.1,S-00161412,S-PL70008977,"[""S-00161412"",""S-00154424"",""S-00723843"",""S-00174361"",""S-00146207"",""S-00509955"",""S-00685892"",""S-00726545"",""S-00686328"",""S-00789059"",""S-00421502"",""S-00349761"",""S-00865799"",""S-00285657"",""S-00113609"",""S-00598845"",""S-00783918"",""S-00491481"",""S-00621507"",""S-00338549""]","[[""S-00161412"",""S-00154424""],[""S-00154424"",""S-00723843""],[""S-00723843"",""S-00174361""],[""S-00174361"",""S-00146207""],[""S-00146207"",""S-00509955""],[""S-00509955"",""S-00685892""],[""S-00685892"",""S-00726545""],[""S-00726545"",""S-00686328""],[""S-00686328"",""S-00789059""],[""S-00789059"",""S-00421502""],[""S-00421502"",""S-00349761""],[""S-00349761"",""S-00865799""],[""S-00865799"",""S-00285657""],[""S-00285657"",""S-00113609""],[""S-00113609"",""S-00598845""],[""S-00598845"",""S-00783918""],[""S-00783918"",""S-00491481""],[""S-00491481"",""S-00621507""],[""S-00621507"",""S-00338549""]]","[""S-00526928.1"",""S-00426553.1"",""S-00202661.1"",""S-00440097.1"",""S-00350882.1"",""S-00443444.1"",""S-00174742.1"",""S-00459097.1"",""S-00736967.1"",""S-00386752.1"",""S-00100102.1"",""S-00306956.1"",""S-00732136.1"",""S-00302504.1"",""S-00775362.1"",""S-00886447.1"",""S-00423291.1"",""S-00606861.1"",""S-00395899.1"",""S-00468257.1"",""S-00179767.1"",""S-00125489.1"",""S-00425229.1"",""S-00606806.1"",""S-00558900.1"",""S-00351448.1"",""S-00326278.1"",""S-00725041.1"",""S-00778668.1"",""S-00416469.1"",""S-00257983.1"",""S-00846780.1"",""S-00163083.1"",""S-00671768.1"",""S-00401693.1"",""S-00816792.1"",""NEWPCC_SURGE.7"",""BYPASS_CHAMBER.1"",""S-PL00000313.1"",""SPLIT_NEWPCC_OUTFALL2.1"",""S-TE00000316.1"",""SPLIT_NEWPCC_OUTFALL1.1"",""S-MH00014483.1"",""S-CO00007374.1"",""S-CO00007375.1""]",0.018851437808363698,0.05079768151044846,1.2134244191227481,0.15636110106366688,0.3697808175766841,326.43162126187235,red,0,"LINESTRING (633382.6 5528633, 633398.8 5528632)"
27,S-00426553,S-00202661,0.21258420256758753,0.0915288794475006,0.999374538856703,0.54467639268841594,0.54467639268841594,POLYF,11.589000788517296,POLYF,2.7003059840323496,0.23300593669023542,0.09094093650786005,0.5345085387939738,0.09094093650786005,0.999374538856703,1.061392115615308,10.918679928010341,0.6886466778814793,10.918679928010341,0.09158616303374187,0.009477,0.8938374581397511,0.026093668283428996,S-00426553.1,S-00161412,NEWPCC_EFFLUENT_OUT,"[""S-00161412"",""S-00154424"",""S-00723843"",""S-00174361"",""S-00146207"",""S-00509955"",""S-00685892"",""S-00726545"",""S-00686328"",""S-00789059"",""S-00421502"",""S-00349761"",""S-00865799"",""S-00285657"",""S-00113609"",""S-00598845"",""S-00783918"",""S-00491481"",""S-00621507"",""S-00338549""]","[[""S-00161412"",""S-00154424""],[""S-00154424"",""S-00723843""],[""S-00723843"",""S-00174361""],[""S-00174361"",""S-00146207""],[""S-00146207"",""S-00509955""],[""S-00509955"",""S-00685892""],[""S-00685892"",""S-00726545""],[""S-00726545"",""S-00686328""],[""S-00686328"",""S-00789059""],[""S-00789059"",""S-00421502""],[""S-00421502"",""S-00349761""],[""S-00349761"",""S-00865799""],[""S-00865799"",""S-00285657""],[""S-00285657"",""S-00113609""],[""S-00113609"",""S-00598845""],[""S-00598845"",""S-00783918""],[""S-00783918"",""S-00491481""],[""S-00491481"",""S-00621507""],[""S-00621507"",""S-00338549""]]","[""S-00426553.1"",""S-00202661.1"",""S-00440097.1"",""S-00350882.1"",""S-00443444.1"",""S-00174742.1"",""S-00459097.1"",""S-00736967.1"",""S-00386752.1"",""S-00100102.1"",""S-00306956.1"",""S-00732136.1"",""S-00302504.1"",""S-00775362.1"",""S-00886447.1"",""S-00423291.1"",""S-00606861.1"",""S-00395899.1"",""S-00468257.1"",""S-00179767.1"",""S-00125489.1"",""S-00425229.1"",""S-00606806.1"",""S-00558900.1"",""S-00351448.1"",""S-00326278.1"",""S-00725041.1"",""S-00778668.1"",""S-00416469.1"",""S-00257983.1"",""S-00846780.1"",""S-00163083.1"",""S-00671768.1"",""S-00401693.1"",""S-00816792.1"",""NEWPCC_SURGE.7"",""BYPASS_CHAMBER.1"",""S-PL00000313.1"",""SPLIT_NEWPCC_OUTFALL2.1"",""S-TE00000316.1"",""SPLIT_NEWPCC_OUTFALL1.1"",""S-MH00014483.1"",""S-CO00007374.1"",""S-CO00007375.1""]",0.01962484007119201,0.1428223093505949,0.4481936675682664,0.44589778014691545,0.2318237285804935,52.139917376916856,red,0,"LINESTRING (633398.8 5528632, 633399.6 5528630)"
28,S-00202661,S-00440097,0.05,0.040157415167777134,2.1270260017011813,0.30928790499456227,0.30928790499456227,CIRC,45.92676694737747,POLYF,3.4504968001341974,0.07513040933379328,0.012145707627188685,0.195337824944954,0.012145707627188685,2.1270260017011813,0.8670793145662172,52.967204009881996,1.8970512148458512,52.967204009881996,0.01887960708315719,0.01252,0.2615351515938528,0.3908756480482407,S-00202661.1,S-00161412,WEWPCC,"[""S-00161412"",""S-00154424"",""S-00723843"",""S-00174361"",""S-00146207"",""S-00509955"",""S-00685892"",""S-00726545"",""S-00686328"",""S-00789059"",""S-00421502"",""S-00349761"",""S-00865799"",""S-00285657"",""S-00113609"",""S-00598845"",""S-00783918"",""S-00491481"",""S-00621507"",""S-00338549""]","[[""S-00161412"",""S-00154424""],[""S-00154424"",""S-00723843""],[""S-00723843"",""S-00174361""],[""S-00174361"",""S-00146207""],[""S-00146207"",""S-00509955""],[""S-00509955"",""S-00685892""],[""S-00685892"",""S-00726545""],[""S-00726545"",""S-00686328""],[""S-00686328"",""S-00789059""],[""S-00789059"",""S-00421502""],[""S-00421502"",""S-00349761""],[""S-00349761"",""S-00865799""],[""S-00865799"",""S-00285657""],[""S-00285657"",""S-00113609""],[""S-00113609"",""S-00598845""],[""S-00598845"",""S-00783918""],[""S-00783918"",""S-00491481""],[""S-00491481"",""S-00621507""],[""S-00621507"",""S-00338549""]]","[""S-00202661.1"",""S-00440097.1"",""S-00350882.1"",""S-00443444.1"",""S-00174742.1"",""S-00459097.1"",""S-00736967.1"",""S-00386752.1"",""S-00100102.1"",""S-00306956.1"",""S-00732136.1"",""S-00302504.1"",""S-00775362.1"",""S-00886447.1"",""S-00423291.1"",""S-00606861.1"",""S-00395899.1"",""S-00468257.1"",""S-00179767.1"",""S-00125489.1"",""S-00425229.1"",""S-00606806.1"",""S-00558900.1"",""S-00351448.1"",""S-00326278.1"",""S-00725041.1"",""S-00778668.1"",""S-00416469.1"",""S-00257983.1"",""S-00846780.1"",""S-00163083.1"",""S-00671768.1"",""S-00401693.1"",""S-00816792.1"",""NEWPCC_SURGE.7"",""BYPASS_CHAMBER.1"",""S-PL00000313.1"",""SPLIT_NEWPCC_OUTFALL2.1"",""S-TE00000316.1"",""SPLIT_NEWPCC_OUTFALL1.1"",""S-MH00014483.1"",""S-CO00007374.1"",""S-CO00007375.1""]",0.0015197968407301232,0.04369409768842161,1.7198054337268696,0.10973432694212534,0.3011799886845984,348.6196824698709,blue,0,"LINESTRING (633399.6 5528630, 633390.8 5528641)"
29,S-00440097,S-00350882,0.5563754542249911,0.2602314835739766,21.22721072397461,0.8713172927382402,0.8713172927382402,POLYF,54.15083061438054,PVC,32.28848520353399,0.5962694355229209,0.38074497177368416,1.09368441801804,0.38074497177368416,21.22721072397461,0.6638531633187085,81.57049420939994,1.8256210790365004,81.57049420939994,0.012259334820663168,0.011952,0.757020201580599,0.267809470128268,S-00440097.1,S-00161412,S-PL70008977,"[""S-00161412"",""S-00154424"",""S-00723843"",""S-00174361"",""S-00146207"",""S-00509955"",""S-00685892"",""S-00726545"",""S-00686328"",""S-00789059"",""S-00421502"",""S-00349761"",""S-00865799"",""S-00285657"",""S-00113609"",""S-00598845"",""S-00783918"",""S-00491481"",""S-00621507"",""S-00338549""]","[[""S-00161412"",""S-00154424""],[""S-00154424"",""S-00723843""],[""S-00723843"",""S-00174361""],[""S-00174361"",""S-00146207""],[""S-00146207"",""S-00509955""],[""S-00509955"",""S-00685892""],[""S-00685892"",""S-00726545""],[""S-00726545"",""S-00686328""],[""S-00686328"",""S-00789059""],[""S-00789059"",""S-00421502""],[""S-00421502"",""S-00349761""],[""S-00349761"",""S-00865799""],[""S-00865799"",""S-00285657""],[""S-00285657"",""S-00113609""],[""S-00113609"",""S-00598845""],[""S-00598845"",""S-00783918""],[""S-00783918"",""S-00491481""],[""S-00491481"",""S-00621507""],[""S-00621507"",""S-00338549""]]","[""S-00440097.1"",""S-00350882.1"",""S-00443444.1"",""S-00174742.1"",""S-00459097.1"",""S-00736967.1"",""S-00386752.1"",""S-00100102.1"",""S-00306956.1"",""S-00732136.1"",""S-00302504.1"",""S-00775362.1"",""S-00886447.1"",""S-00423291.1"",""S-00606861.1"",""S-00395899.1"",""S-00468257.1"",""S-00179767.1"",""S-00125489.1"",""S-00425229.1"",""S-00606806.1"",""S-00558900.1"",""S-00351448.1"",""S-00326278.1"",""S-00725041.1"",""S-00778668.1"",""S-00416469.1"",""S-00257983.1"",""S-00846780.1"",""S-00163083.1"",""S-00671768.1"",""S-00401693.1"",""S-00816792.1"",""NEWPCC_SURGE.7"",""BYPASS_CHAMBER.1"",""S-PL00000313.1"",""SPLIT_NEWPCC_OUTFALL2.1"",""S-TE00000316.1"",""SPLIT_NEWPCC_OUTFALL1.1"",""S-MH00014483.1"",""S-CO00007374.1"",""S-CO00007375.1""]",0.007956888166139833,0.08867313070222736,1.856108616986312,0.26290769062703473,0.1628656290913932,102.0439080777578,blue,0,"LINESTRING (633390.8 5528641, 633384.8 5528651)"
30,S-00350882,S-00443444,0.14658239931158218,0.027826131057392123,1.7394817717956161,0.3046688686590642,0.3046688686590642,POLYF,39.31401370326057,POLYF,2.866113771184067,0.07290310759967918,0.03507517022091875,0.3319516487222948,0.03507517022091875,1.7394817717956161,0.6288981669349595,62.512527099361726,1.5367671951884403,62.512527099361726,0.01599679370521257,0.002131,1.8348751656478273,0.14039972298545764,S-00350882.1,S-00161412,NEWPCC_EFFLUENT_OUT,"[""S-00161412"",""S-00154424"",""S-00723843"",""S-00174361"",""S-00146207"",""S-00509955"",""S-00685892"",""S-00726545"",""S-00686328"",""S-00789059"",""S-00421502"",""S-00349761"",""S-00865799"",""S-00285657"",""S-00113609"",""S-00598845"",""S-00783918"",""S-00491481"",""S-00621507"",""S-00338549""]","[[""S-00161412"",""S-00154424""],[""S-00154424"",""S-00723843""],[""S-00723843"",""S-00174361""],[""S-00174361"",""S-00146207""],[""S-00146207"",""S-00509955""],[""S-00509955"",""S-00685892""],[""S-00685892"",""S-00726545""],[""S-00726545"",""S-00686328""],[""S-00686328"",""S-00789059""],[""S-00789059"",""S-00421502""],[""S-00421502"",""S-00349761""],[""S-00349761"",""S-00865799""],[""S-00865799"",""S-00285657""],[""S-00285657"",""S-00113609""],[""S-00113609"",""S-00598845""],[""S-00598845"",""S-00783918""],[""S-00783918"",""S-00491481""],[""S-00491481"",""S-00621507""],[""S-00621507"",""S-00338549""]]","[""S-00350882.1"",""S-00443444.1"",""S-00174742.1"",""S-00459097.1"",""S-00736967.1"",""S-00386752.1"",""S-00100102.1"",""S-00306956.1"",""S-00732136.1"",""S-00302504.1"",""S-00775362.1"",""S-00886447.1"",""S-00423291.1"",""S-00606861.1"",""S-00395899.1"",""S-00468257.1"",""S-00179767.1"",""S-00125489.1"",""S-00425229.1"",""S-00606806.1"",""S-00558900.1"",""S-00351448.1"",""S-00326278.1"",""S-00725041.1"",""S-00778668.1"",""S-00416469.1"",""S-00257983.1"",""S-00846780.1"",""S-00163083.1"",""S-00671768.1"",""S-00401693.1"",""S-00816792.1"",""NEWPCC_SURGE.7"",""BYPASS_CHAMBER.1"",""S-PL00000313.1"",""SPLIT_NEWPCC_OUTFALL2.1"",""S-TE00000316.1"",""SPLIT_NEWPCC_OUTFALL1.1"",""S-MH00014483.1"",""S-CO00007374.1"",""S-CO00007375.1""]",0.016220462942263113,0.1392425363883376,1.1710426206863485,0.012009899815311656,0.0651805668254383,456.03256105678156,red,0,"LINESTRING (633384.8 5528651, 633382.2 5528656)"
31,S-00443444,S-00174742,0.05,0.010562335814663489,2.347096489604693,0.33607200818369165,0.33607200818369165,CIRC,71.54861616203561,VC,6.346814451654622,0.08870632015133653,0.013197516899838184,0.20362028911225616,0.013197516899838184,2.347096489604693,0.32198101540561763,222.21377267197505,1.528246086591389,222.21377267197505,0.004500171109898613,0.004471,2.7448817207477987,0.257418678838294,S-00443444.1,S-00161412,WEWPCC,"[""S-00161412"",""S-00154424"",""S-00723843"",""S-00174361"",""S-00146207"",""S-00509955"",""S-00685892"",""S-00726545"",""S-00686328"",""S-00789059"",""S-00421502"",""S-00349761"",""S-00865799"",""S-00285657"",""S-00113609"",""S-00598845"",""S-00783918"",""S-00491481"",""S-00621507"",""S-00338549""]","[[""S-00161412"",""S-00154424""],[""S-00154424"",""S-00723843""],[""S-00723843"",""S-00174361""],[""S-00174361"",""S-00146207""],[""S-00146207"",""S-00509955""],[""S-00509955"",""S-00685892""],[""S-00685892"",""S-00726545""],[""S-00726545"",""S-00686328""],[""S-00686328"",""S-00789059""],[""S-00789059"",""S-00421502""],[""S-00421502"",""S-00349761""],[""S-00349761"",""S-00865799""],[""S-00865799"",""S-00285657""],[""S-00285657"",""S-00113609""],[""S-00113609"",""S-00598845""],[""S-00598845"",""S-00783918""],[""S-00783918"",""S-00491481""],[""S-00491481"",""S-00621507""],[""S-00621507"",""S-00338549""]]","[""S-00443444.1"",""S-00174742.1"",""S-00459097.1"",""S-00736967.1"",""S-00386752.1"",""S-00100102.1"",""S-00306956.1"",""S-00732136.1"",""S-00302504.1"",""S-00775362.1"",""S-00886447.1"",""S-00423291.1"",""S-00606861.1"",""S-00395899.1"",""S-00468257.1"",""S-00179767.1"",""S-00125489.1"",""S-00425229.1"",""S-00606806.1"",""S-00558900.1"",""S-00351448.1"",""S-00326278.1"",""S-00725041.1"",""S-00778668.1"",""S-00416469.1"",""S-00257983.1"",""S-00846780.1"",""S-00163083.1"",""S-00671768.1"",""S-00401693.1"",""S-00816792.1"",""NEWPCC_SURGE.7"",""BYPASS_CHAMBER.1"",""S-PL00000313.1"",""SPLIT_NEWPCC_OUTFALL2.1"",""S-TE00000316.1"",""SPLIT_NEWPCC_OUTFALL1.1"",""S-MH00014483.1"",""S-CO00007374.1"",""S-CO00007375.1""]",0.011183810130110942,0.13470082841813566,1.3211014239117502,0.26577421377412974,0.378596289427951,95.4494553967379,red,0,"LINESTRING (633382.2 5528656, 633370.1 5528656)"
32,S-00174742,S-00459097,0.13447787475074552,0.027164906221231643,2.2686610097436652,0.7299882025690749,0.7299882025690749,POLYF,17.5590951112099,POLYF,7.348922976567487,0.4185251534901626,0.07710038733915145,0.4921564898013697,0.07710038733915145,2.2686610097436652,0.2102522897766903,83.51440609688235,1.9970571270328947,83.51440609688235,0.011973982055741765,0.006626,4.690113261761144,0.270922675463371,S-00174742.1,S-00161412,NEWPCC_EFFLUENT_OUT,"[""S-00161412"",""S-00154424"",""S-00723843"",""S-00174361"",""S-00146207"",""S-00509955"",""S-00685892"",""S-00726545"",""S-00686328"",""S-00789059"",""S-00421502"",""S-00349761"",""S-00865799"",""S-00285657"",""S-00113609"",""S-00598845"",""S-00783918"",""S-00491481"",""S-00621507"",""S-00338549""]","[[""S-00161412"",""S-00154424""],[""S-00154424"",""S-00723843""],[""S-00723843"",""S-00174361""],[""S-00174361"",""S-00146207""],[""S-00146207"",""S-00509955""],[""S-00509955"",""S-00685892""],[""S-00685892"",""S-00726545""],[""S-00726545"",""S-00686328""],[""S-00686328"",""S-00789059""],[""S-00789059"",""S-00421502""],[""S-00421502"",""S-00349761""],[""S-00349761"",""S-00865799""],[""S-00865799"",""S-00285657""],[""S-00285657"",""S-00113609""],[""S-00113609"",""S-00598845""],[""S-00598845"",""S-00783918""],[""S-00783918"",""S-00491481""],[""S-00491481"",""S-00621507""],[""S-00621507"",""S-00338549""]]","[""S-00174742.1"",""S-00459097.1"",""S-00736967.1"",""S-00386752.1"",""S-00100102.1"",""S-00306956.1"",""S-00732136.1"",""S-00302504.1"",""S-00775362.1"",""S-00886447.1"",""S-00423291.1"",""S-00606861.1"",""S-00395899.1"",""S-00468257.1"",""S-00179767.1"",""S-00125489.1"",""S-00425229.1"",""S-00606806.1"",""S-00558900.1"",""S-00351448.1"",""S-00326278.1"",""S-00725041.1"",""S-00778668.1"",""S-00416469.1"",""S-00257983.1"",""S-00846780.1"",""S-00163083.1"",""S-00671768.1"",""S-00401693.1"",""S-00816792.1"",""NEWPCC_SURGE.7"",""BYPASS_CHAMBER.1"",""S-PL00000313.1"",""SPLIT_NEWPCC_OUTFALL2.1"",""S-TE00000316.1"",""SPLIT_NEWPCC_OUTFALL1.1"",""S-MH00014483.1"",""S-CO00007374.1"",""S-CO00007375.1""]",0.00643705817090813,0.0361078348942101,0.13996385770849884,0.19584710052236914,0.10474353256169706,304.4369559152983,red,0,"LINESTRING (633370.1 5528656, 633371.2 5528671)"
33,S-00459097,S-00736967,0.21161129122036013,0.016419496524951654,2.0825964529026733,0.49042465013917536,0.49042465013917536,CIRC,78.61950874794275,PVC,14.851310875062163,0.1889010897114106,0.0815081450237478,0.5060290402875486,0.0815081450237478,2.0825964529026733,0.6198477620957419,126.83680341464095,1.181782739283517,126.83680341464095,0.007884146975313701,0.008146,3.1959668861469255,0.05256641591200605,S-00459097.1,S-00161412,NEWPCC_EFFLUENT_OUT,"[""S-00161412"",""S-00154424"",""S-00723843"",""S-00174361"",""S-00146207"",""S-00509955"",""S-00685892"",""S-00726545"",""S-00686328"",""S-00789059"",""S-00421502"",""S-00349761"",""S-00865799"",""S-00285657"",""S-00113609"",""S-00598845"",""S-00783918"",""S-00491481"",""S-00621507"",""S-00338549""]","[[""S-00161412"",""S-00154424""],[""S-00154424"",""S-00723843""],[""S-00723843"",""S-00174361""],[""S-00174361"",""S-00146207""],[""S-00146207"",""S-00509955""],[""S-00509955"",""S-00685892""],[""S-00685892"",""S-00726545""],[""S-00726545"",""S-00686328""],[""S-00686328"",""S-00789059""],[""S-00789059"",""S-00421502""],[""S-00421502"",""S-00349761""],[""S-00349761"",""S-00865799""],[""S-00865799"",""S-00285657""],[""S-00285657"",""S-00113609""],[""S-00113609"",""S-00598845""],[""S-00598845"",""S-00783918""],[""S-00783918"",""S-00491481""],[""S-00491481"",""S-00621507""],[""S-00621507"",""S-00338549""]]","[""S-00459097.1"",""S-00736967.1"",""S-00386752.1"",""S-00100102.1"",""S-00306956.1"",""S-00732136.1"",""S-00302504.1"",""S-00775362.1"",""S-00886447.1"",""S-00423291.1"",""S-00606861.1"",""S-00395899.1"",""S-00468257.1"",""S-00179767.1"",""S-00125489.1"",""S-00425229.1"",""S-00606806.1"",""S-00558900.1"",""S-00351448.1"",""S-00326278.1"",""S-00725041.1"",""S-00778668.1"",""S-00416469.1"",""S-00257983.1"",""S-00846780.1"",""S-00163083.1"",""S-00671768.1"",""S-00401693.1"",""S-00816792.1"",""NEWPCC_SURGE.7"",""BYPASS_CHAMBER.1"",""S-PL00000313.1"",""SPLIT_NEWPCC_OUTFALL2.1"",""S-TE00000316.1"",""SPLIT_NEWPCC_OUTFALL1.1"",""S-MH00014483.1"",""S-CO00007374.1"",""S-CO00007375.1""]",0.00834494411747437,0.14634903529658913,0.4966496520373039,0.005759255106095225,0.018675815011374653,163.14425288001075,blue,0,"LINESTRING (633371.2 5528671, 633368.2 5528681)"
34,S-00736967,S-00386752,0.11536472214216262,0.03051866339501119,1.9649103397105068,0.39156214462127537,0.39156214462127537,POLYF,28.54766419157386,POLYF,3.4376515863293213,0.1204179635594838,0.03547836556161843,0.3338541187551137,0.03547836556161843,1.9649103397105068,0.4433976128930226,64.38389238342941,0.4659041537903249,64.38389238342941,0.015531835106281516,0.014549,2.4494953313376753,0.4586447005835362,S-00736967.1,S-00161412,S-PL70008977,"[""S-00161412"",""S-00154424"",""S-00723843"",""S-00174361"",""S-00146207"",""S-00509955"",""S-00685892"",""S-00726545"",""S-00686328"",""S-00789059"",""S-00421502"",""S-00349761"",""S-00865799"",""S-00285657"",""S-00113609"",""S-00598845"",""S-00783918"",""S-00491481"",""S-00621507"",""S-00338549""]","[[""S-00161412"",""S-00154424""],[""S-00154424"",""S-00723843""],[""S-00723843"",""S-00174361""],[""S-00174361"",""S-00146207""],[""S-00146207"",""S-00509955""],[""S-00509955"",""S-00685892""],[""S-00685892"",""S-00726545""],[""S-00726545"",""S-00686328""],[""S-00686328"",""S-00789059""],[""S-00789059"",""S-00421502""],[""S-00421502"",""S-00349761""],[""S-00349761"",""S-00865799""],[""S-00865799"",""S-00285657""],[""S-00285657"",""S-00113609""],[""S-00113609"",""S-00598845""],[""S-00598845"",""S-00783918""],[""S-00783918"",""S-00491481""],[""S-00491481"",""S-00621507""],[""S-00621507"",""S-00338549""]]","[""S-00736967.1"",""S-00386752.1"",""S-00100102.1"",""S-00306956.1"",""S-00732136.1"",""S-00302504.1"",""S-00775362.1"",""S-00886447.1"",""S-00423291.1"",""S-00606861.1"",""S-00395899.1"",""S-00468257.1"",""S-00179767.1"",""S-00125489.1"",""S-00425229.1"",""S-00606806.1"",""S-00558900.1"",""S-00351448.1"",""S-00326278.1"",""S-00725041.1"",""S-00778668.1"",""S-00416469.1"",""S-00257983.1"",""S-00846780.1"",""S-00163083.1"",""S-00671768.1"",""S-00401693.1"",""S-00816792.1"",""NEWPCC_SURGE.7"",""BYPASS_CHAMBER.1"",""S-PL00000313.1"",""SPLIT_NEWPCC_OUTFALL2.1"",""S-TE00000316.1"",""SPLIT_NEWPCC_OUTFALL1.1"",""S-MH00014483.1"",""S-CO00007374.1"",""S-CO00007375.1""]",0.001038117834366858,0.06531259650364518,1.0227835500985385,0.2853598204569425,0.0988397807488218,311.5381549927406,red,0,"LINESTRING (633368.2 5528681, 633375 5528702)"
35,S-00386752,S-00100102,0.1970110938053747,0.052929126402600245,0.8861710110328882,0.5453722308739088,0.5453722308739088,CIRC,15.899426625110209,POLYF,3.7141324399443802,0.23360165919936973,0.08438661851167595,0.5148867650052442,0.08438661851167595,0.8861710110328882,0.9496392356464638,16.742596586467624,0.31042620190419257,16.742596586467624,0.05972789195722845,0.003378,0.47518632616847756,0.286364048612304,S-00386752.1,S-00161412,NEWPCC_EFFLUENT_OUT,"[""S-00161412"",""S-00154424"",""S-00723843"",""S-00174361"",""S-00146207"",""S-00509955"",""S-00685892"",""S-00726545"",""S-00686328"",""S-00789059"",""S-00421502"",""S-00349761"",""S-00865799"",""S-00285657"",""S-00113609"",""S-00598845"",""S-00783918"",""S-00491481"",""S-00621507"",""S-00338549""]","[[""S-00161412"",""S-00154424""],[""S-00154424"",""S-00723843""],[""S-00723843"",""S-00174361""],[""S-00174361"",""S-00146207""],[""S-00146207"",""S-00509955""],[""S-00509955"",""S-00685892""],[""S-00685892"",""S-00726545""],[""S-00726545"",""S-00686328""],[""S-00686328"",""S-00789059""],[""S-00789059"",""S-00421502""],[""S-00421502"",""S-00349761""],[""S-00349761"",""S-00865799""],[""S-00865799"",""S-00285657""],[""S-00285657"",""S-00113609""],[""S-00113609"",""S-00598845""],[""S-00598845"",""S-00783918""],[""S-00783918"",""S-00491481""],[""S-00491481"",""S-00621507""],[""S-00621507"",""S-00338549""]]","[""S-00386752.1"",""S-00100102.1"",""S-00306956.1"",""S-00732136.1"",""S-00302504.1"",""S-00775362.1"",""S-00886447.1"",""S-00423291.1"",""S-00606861.1"",""S-00395899.1"",""S-00468257.1"",""S-00179767.1"",""S-00125489.1"",""S-00425229.1"",""S-00606806.1"",""S-00558900.1"",""S-00351448.1"",""S-00326278.1"",""S-00725041.1"",""S-00778668.1"",""S-00416469.1"",""S-00257983.1"",""S-00846780.1"",""S-00163083.1"",""S-00671768.1"",""S-00401693.1"",""S-00816792.1"",""NEWPCC_SURGE.7"",""BYPASS_CHAMBER.1"",""S-PL00000313.1"",""SPLIT_NEWPCC_OUTFALL2.1"",""S-TE00000316.1"",""SPLIT_NEWPCC_OUTFALL1.1"",""S-MH00014483.1"",""S-CO00007374.1"",""S-CO00007375.1""]",0.017055376900243575,0.07048491826280952,1.0347369057754987,0.22667383124120533,0.10222242823801934,478.63566739251837,blue,0,"LINESTRING (633375 5528702, 633368.4 5528711)"
36,S-00100102,S-00306956,0.8038698140238424,0.3702932707626604,12.560561251069046,0.8965195119963028,0.8965195119963028,CIRC,37.013502300251275,POLYF,23.365202776606846,0.6312616025111524,0.5660246544786027,1.3334987425043485,0.5660246544786027,12.560561251069046,1.0911814014660193,33.92057658838673,1.594950516463723,33.92057658838673,0.029480630949603803,0.009155,4.727320275967941,0.0390229578432627,S-00100102.1,S-00161412,NEWPCC_EFFLUENT_OUT,"[""S-00161412"",""S-00154424"",""S-00723843"",""S-00174361"",""S-00146207"",""S-00509955"",""S-00685892"",""S-00726545"",""S-00686328"",""S-00789059"",""S-00421502"",""S-00349761"",""S-00865799"",""S-00285657"",""S-00113609"",""S-00598845"",""S-00783918"",""S-00491481"",""S-00621507"",""S-00338549""]","[[""S-00161412"",""S-00154424""],[""S-00154424"",""S-00723843""],[""S-00723843"",""S-00174361""],[""S-00174361"",""S-00146207""],[""S-00146207"",""S-00509955""],[""S-00509955"",""S-00685892""],[""S-00685892"",""S-00726545""],[""S-00726545"",""S-00686328""],[""S-00686328"",""S-00789059""],[""S-00789059"",""S-00421502""],[""S-00421502"",""S-00349761""],[""S-00349761"",""S-00865799""],[""S-00865799"",""S-00285657""],[""S-00285657"",""S-00113609""],[""S-00113609"",""S-00598845""],[""S-00598845"",""S-00783918""],[""S-00783918"",""S-00491481""],[""S-00491481"",""S-00621507""],[""S-00621507"",""S-00338549""]]","[""S-00100102.1"",""S-00306956.1"",""S-00732136.1"",""S-00302504.1"",""S-00775362.1"",""S-00886447.1"",""S-00423291.1"",""S-00606861.1"",""S-00395899.1"",""S-00468257.1"",""S-00179767.1"",""S-00125489.1"",""S-00425229.1"",""S-00606806.1"",""S-00558900.1"",""S-00351448.1"",""S-00326278.1"",""S-00725041.1"",""S-00778668.1"",""S-00416469.1"",""S-00257983.1"",""S-00846780.1"",""S-00163083.1"",""S-00671768.1"",""S-00401693.1"",""S-00816792.1"",""NEWPCC_SURGE.7"",""BYPASS_CHAMBER.1"",""S-PL00000313.1"",""SPLIT_NEWPCC_OUTFALL2.1"",""S-TE00000316.1"",""SPLIT_NEWPCC_OUTFALL1.1"",""S-MH00014483.1"",""S-CO00007374.1"",""S-CO00007375.1""]",0.0011051572018768638,0.1577986366581172,1.5296900547295809,0.30986334813409483,0.22695360713172705,377.27546135429293,red,0,"LINESTRING (633368.4 5528711, 633375.6 5528717)"
37,S-00306956,S-00732136,0.07558594502445948,0.01890724334707478,0.7559920353877566,0.5109335549059324,0.5109335549059324,POLYF,18.742707900237292,PVC,3.8428290840216026,0.20503062334834501,0.03033160236968951,0.30869003737766354,0.03033160236968951,0.7559920353877566,0.46875221254304045,39.98425479115227,1.9647163827554324,39.98425479115227,0.02500984463067398,0.001577,1.766233170463238,0.33963559018448,S-00306956.1,S-00161412,NEWPCC_EFFLUENT_OUT,"[""S-00161412"",""S-00154424"",""S-00723843"",""S-00174361"",""S-00146207"",""S-00509955"",""S-00685892"",""S-00726545"",""S-00686328"",""S-00789059"",""S-00421502"",""S-00349761"",""S-00865799"",""S-00285657"",""S-00113609"",""S-00598845"",""S-00783918"",""S-00491481"",""S-00621507"",""S-00338549""]","[[""S-00161412"",""S-00154424""],[""S-00154424"",""S-00723843""],[""S-00723843"",""S-00174361""],[""S-00174361"",""S-00146207""],[""S-00146207"",""S-00509955""],[""S-00509955"",""S-00685892""],[""S-00685892"",""S-00726545""],[""S-00726545"",""S-00686328""],[""S-00686328"",""S-00789059""],[""S-00789059"",""S-00421502""],[""S-00421502"",""S-00349761""],[""S-00349761"",""S-00865799""],[""S-00865799"",""S-00285657""],[""S-00285657"",""S-00113609""],[""S-00113609"",""S-00598845""],[""S-00598845"",""S-00783918""],[""S-00783918"",""S-00491481""],[""S-00491481"",""S-00621507""],[""S-00621507"",""S-00338549""]]","[""S-00306956.1"",""S-00732136.1"",""S-00302504.1"",""S-00775362.1"",""S-00886447.1"",""S-00423291.1"",""S-00606861.1"",""S-00395899.1"",""S-00468257.1"",""S-00179767.1"",""S-00125489.1"",""S-00425229.1"",""S-00606806.1"",""S-00558900.1"",""S-00351448.1"",""S-00326278.1"",""S-00725041.1"",""S-00778668.1"",""S-00416469.1"",""S-00257983.1"",""S-00846780.1"",""S-00163083.1"",""S-00671768.1"",""S-00401693.1"",""S-00816792.1"",""NEWPCC_SURGE.7"",""BYPASS_CHAMBER.1"",""S-PL00000313.1"",""SPLIT_NEWPCC_OUTFALL2.1"",""S-TE00000316.1"",""SPLIT_NEWPCC_OUTFALL1.1"",""S-MH00014483.1"",""S-CO00007374.1"",""S-CO00007375.1""]",0.013219690715428441,0.07290741386823356,0.543024513409473,0.029855552344815805,0.2684553176746704,232.0576931699179,red,0,"LINESTRING (633375.6 5528717, 633375.3 5528727)"
38,S-00732136,S-00302504,0.05,0.017994344936806333,0.9067241318910282,0.25107542384648696,0.25107542384648696,POLYF,50.70879551814869,VC,2.5106234750845373,0.049510611510896266,0.009859708838163337,0.17599769558863065,0.009859708838163337,0.9067241318910282,1.0063386710360644,50.38939372760269,1.964995145436842,50.38939372760269,0.01984544615491598,0.009629,1.8782638053642586,0.3173881121003069,S-00732136.1,S-00161412,NEWPCC_EFFLUENT_OUT,"[""S-00161412"",""S-00154424"",""S-00723843"",""S-00174361"",""S-00146207"",""S-00509955"",""S-00685892"",""S-00726545"",""S-00686328"",""S-00789059"",""S-00421502"",""S-00349761"",""S-00865799"",""S-00285657"",""S-00113609"",""S-00598845"",""S-00783918"",""S-00491481"",""S-00621507"",""S-00338549""]","[[""S-00161412"",""S-00154424""],[""S-00154424"",""S-00723843""],[""S-00723843"",""S-00174361""],[""S-00174361"",""S-00146207""],[""S-00146207"",""S-00509955""],[""S-00509955"",""S-00685892""],[""S-00685892"",""S-00726545""],[""S-00726545"",""S-00686328""],[""S-00686328"",""S-00789059""],[""S-00789059"",""S-00421502""],[""S-00421502"",""S-00349761""],[""S-00349761"",""S-00865799""],[""S-00865799"",""S-00285657""],[""S-00285657"",""S-00113609""],[""S-00113609"",""S-00598845""],[""S-00598845"",""S-00783918""],[""S-00783918"",""S-00491481""],[""S-00491481"",""S-00621507""],[""S-00621507"",""S-00338549""]]","[""S-00732136.1"",""S-00302504.1"",""S-00775362.1"",""S-00886447.1"",""S-00423291.1"",""S-00606861.1"",""S-00395899.1"",""S-00468257.1"",""S-00179767.1"",""S-00125489.1"",""S-00425229.1"",""S-00606806.1"",""S-00558900.1"",""S-00351448.1"",""S-00326278.1"",""S-00725041.1"",""S-00778668.1"",""S-00416469.1"",""S-00257983.1"",""S-00846780.1"",""S-00163083.1"",""S-00671768.1"",""S-00401693.1"",""S-00816792.1"",""NEWPCC_SURGE.7"",""BYPASS_CHAMBER.1"",""S-PL00000313.1"",""SPLIT_NEWPCC_OUTFALL2.1"",""S-TE00000316.1"",""SPLIT_NEWPCC_OUTFALL1.1"",""S-MH00014483.1"",""S-CO00007374.1"",""S-CO00007375.1""]",0.012138401543488726,0.056632186938077214,1.3786044115619733,0.32810862867394464,0.20438586563803257,271.5639819158241,blue,0,"LINESTRING (633375.3 5528727, 633369.9 5528733)"
39,S-00302504,S-00775362,0.32132543311155065,0.07487214338577505,5.868846234381205,0.9334633402759209,0.9334633402759209,POLYF,26.8104725680314,POLYF,18.348006432376785,0.6843596801891066,0.2355766543288636,0.8602824458262648,0.2355766543288636,5.868846234381205,0.3420361458091065,78.38491018137763,0.294614776421804,78.38491018137763,0.012757557515675713,0.016092,3.1395362778217533,0.04569915577303618,S-00302504.1,S-00161412,NEWPCC_EFFLUENT_OUT,"[""S-00161412"",""S-00154424"",""S-00723843"",""S-00174361"",""S-00146207"",""S-00509955"",""S-00685892"",""S-00726545"",""S-00686328"",""S-00789059"",""S-00421502"",""S-00349761"",""S-00865799"",""S-00285657"",""S-00113609"",""S-00598845"",""S-00783918"",""S-00491481"",""S-00621507"",""S-00338549""]","[[""S-00161412"",""S-00154424""],[""S-00154424"",""S-00723843""],[""S-00723843"",""S-00174361""],[""S-00174361"",""S-00146207""],[""S-00146207"",""S-00509955""],[""S-00509955"",""S-00685892""],[""S-00685892"",""S-00726545""],[""S-00726545"",""S-00686328""],[""S-00686328"",""S-00789059""],[""S-00789059"",""S-00421502""],[""S-00421502"",""S-00349761""],[""S-00349761"",""S-00865799""],[""S-00865799"",""S-00285657""],[""S-00285657"",""S-00113609""],[""S-00113609"",""S-00598845""],[""S-00598845"",""S-00783918""],[""S-00783918"",""S-00491481""],[""S-00491481"",""S-00621507""],[""S-00621507"",""S-00338549""]]","[""S-00302504.1"",""S-00775362.1"",""S-00886447.1"",""S-00423291.1"",""S-00606861.1"",""S-00395899.1"",""S-00468257.1"",""S-00179767.1"",""S-00125489.1"",""S-00425229.1"",""S-00606806.1"",""S-00558900.1"",""S-00351448.1"",""S-00326278.1"",""S-00725041.1"",""S-00778668.1"",""S-00416469.1"",""S-00257983.1"",""S-00846780.1"",""S-00163083.1"",""S-00671768.1"",""S-00401693.1"",""S-00816792.1"",""NEWPCC_SURGE.7"",""BYPASS_CHAMBER.1"",""S-PL00000313.1"",""SPLIT_NEWPCC_OUTFALL2.1"",""S-TE00000316.1"",""SPLIT_NEWPCC_OUTFALL1.1"",""S-MH00014483.1"",""S-CO00007374.1"",""S-CO00007375.1""]",0.00659591524291318,0.052123918896541,1.1198738313443029,0.16489123570965603,0.05507359056035057,352.4631573352963,blue,0,"LINESTRING (633369.9 5528733, 633369.8 5528740)"
40,S-00775362,S-00886447,0.16036783189345188,0.4612430080345427,29.615956791599096,0.9637925866991282,0.9637925866991282,CIRC,60.532152203377336,PVC,44.161433232339924,0.729553330335345,0.12139218276955897,0.6175473986602776,0.12139218276955897,29.615956791599096,0.9427361122099681,64.20900973176626,1.255656030762475,64.20900973176626,0.015574138336309957,0.009954,3.6506588357151486,0.22447547654854133,S-00775362.1,S-00161412,NEWPCC_EFFLUENT_OUT,"[""S-00161412"",""S-00154424"",""S-00723843"",""S-00174361"",""S-00146207"",""S-00509955"",""S-00685892"",""S-00726545"",""S-00686328"",""S-00789059"",""S-00421502"",""S-00349761"",""S-00865799"",""S-00285657"",""S-00113609"",""S-00598845"",""S-00783918"",""S-00491481"",""S-00621507"",""S-00338549""]","[[""S-00161412"",""S-00154424""],[""S-00154424"",""S-00723843""],[""S-00723843"",""S-00174361""],[""S-00174361"",""S-00146207""],[""S-00146207"",""S-00509955""],[""S-00509955"",""S-00685892""],[""S-00685892"",""S-00726545""],[""S-00726545"",""S-00686328""],[""S-00686328"",""S-00789059""],[""S-00789059"",""S-00421502""],[""S-00421502"",""S-00349761""],[""S-00349761"",""S-00865799""],[""S-00865799"",""S-00285657""],[""S-00285657"",""S-00113609""],[""S-00113609"",""S-00598845""],[""S-00598845"",""S-00783918""],[""S-00783918"",""S-00491481""],[""S-00491481"",""S-00621507""],[""S-00621507"",""S-00338549""]]","[""S-00775362.1"",""S-00886447.1"",""S-00423291.1"",""S-00606861.1"",""S-00395899.1"",""S-00468257.1"",""S-00179767.1"",""S-00125489.1"",""S-00425229.1"",""S-00606806.1"",""S-00558900.1"",""S-00351448.1"",""S-00326278.1"",""S-00725041.1"",""S-00778668.1"",""S-00416469.1"",""S-00257983.1"",""S-00846780.1"",""S-00163083.1"",""S-00671768.1"",""S-00401693.1"",""S-00816792.1"",""NEWPCC_SURGE.7"",""BYPASS_CHAMBER.1"",""S-PL00000313.1"",""SPLIT_NEWPCC_OUTFALL2.1"",""S-TE00000316.1"",""SPLIT_NEWPCC_OUTFALL1.1"",""S-MH00014483.1"",""S-CO00007374.1"",""S-CO00007375.1""]",0.01974474695639219,0.005383955268189311,0.8676434449618682,0.0834333393885754,0.26098063099430874,260.7045023702085,blue,0,"LINESTRING (633369.8 5528740, 633376.4 5528746)"
41,S-00886447,S-00423291,0.23763892239395465,0.07698137477843961,2.171073543720578,0.6181892372551374,0.6181892372551374,POLYF,20.215008347295225,PVC,6.0674567002717765,0.30014613875158774,0.11537956450088771,0.6020594590323937,0.11537956450088771,2.171073543720578,0.7167786361882462,28.20258211767656,1.723464268236421,28.20258211767656,0.035457746238534274,0.005491,1.0297441394184716,0.32435496552614496,S-00886447.1,S-00161412,NEWPCC_EFFLUENT_OUT,"[""S-00161412"",""S-00154424"",""S-00723843"",""S-00174361"",""S-00146207"",""S-00509955"",""S-00685892"",""S-00726545"",""S-00686328"",""S-00789059"",""S-00421502"",""S-00349761"",""S-00865799"",""S-00285657"",""S-00113609"",""S-00598845"",""S-00783918"",""S-00491481"",""S-00621507"",""S-00338549""]","[[""S-00161412"",""S-00154424""],[""S-00154424"",""S-00723843""],[""S-00723843"",""S-00174361""],[""S-00174361"",""S-00146207""],[""S-00146207"",""S-00509955""],[""S-00509955"",""S-00685892""],[""S-00685892"",""S-00726545""],[""S-00726545"",""S-00686328""],[""S-00686328"",""S-00789059""],[""S-00789059"",""S-00421502""],[""S-00421502"",""S-00349761""],[""S-00349761"",""S-00865799""],[""S-00865799"",""S-00285657""],[""S-00285657"",""S-00113609""],[""S-00113609"",""S-00598845""],[""S-00598845"",""S-00783918""],[""S-00783918"",""S-00491481""],[""S-00491481"",""S-00621507""],[""S-00621507"",""S-00338549""]]","[""S-00886447.1"",""S-00423291.1"",""S-00606861.1"",""S-00395899.1"",""S-00468257.1"",""S-00179767.1"",""S-00125489.1"",""S-00425229.1"",""S-00606806.1"",""S-00558900.1"",""S-00351448.1"",""S-00326278.1"",""S-00725041.1"",""S-00778668.1"",""S-00416469.1"",""S-00257983.1"",""S-00846780.1"",""S-00163083.1"",""S-00671768.1"",""S-00401693.1"",""S-00816792.1"",""NEWPCC_SURGE.7"",""BYPASS_CHAMBER.1"",""S-PL00000313.1"",""SPLIT_NEWPCC_OUTFALL2.1"",""S-TE00000316.1"",""SPLIT_NEWPCC_OUTFALL1.1"",""S-MH00014483.1"",""S-CO00007374.1"",""S-CO00007375.1""]",0.01666407531150617,0.13125853925012052,1.7232209377386607,0.1098777702753432,0.2545886847237125,183.0839099478908,blue,0,"LINESTRING (633376.4 5528746, 633373.8 5528762)"
42,S-00423291,S-00606861,0.08891633272970076,0.06473981489324017,2.3683780887202417,0.5977387864841148,0.5977387864841148,POLYF,20.698713921010494,POLYF,5.808394675176816,0.2806162111009675,0.041742923430425016,0.3621315528760018,0.041742923430425016,2.3683780887202417,0.5658010915387421,36.58302225030824,0.321805694932118,36.58302225030824,0.027335084377605633,0.017854,2.9641402403940447,0.40688504869583997,S-00423291.1,S-00161412,NEWPCC_EFFLUENT_OUT,"[""S-00161412"",""S-00154424"",""S-00723843"",""S-00174361"",""S-00146207"",""S-00509955"",""S-00685892"",""S-00726545"",""S-00686328"",""S-00789059"",""S-00421502"",""S-00349761"",""S-00865799"",""S-00285657"",""S-00113609"",""S-00598845"",""S-00783918"",""S-00491481"",""S-00621507"",""S-00338549""]","[[""S-00161412"",""S-00154424""],[""S-00154424"",""S-00723843""],[""S-00723843"",""S-00174361""],[""S-00174361"",""S-00146207""],[""S-00146207"",""S-00509955""],[""S-00509955"",""S-00685892""],[""S-00685892"",""S-00726545""],[""S-00726545"",""S-00686328""],[""S-00686328"",""S-00789059""],[""S-00789059"",""S-00421502""],[""S-00421502"",""S-00349761""],[""S-00349761"",""S-00865799""],[""S-00865799"",""S-00285657""],[""S-00285657"",""S-00113609""],[""S-00113609"",""S-00598845""],[""S-00598845"",""S-00783918""],[""S-00783918"",""S-00491481""],[""S-00491481"",""S-00621507""],[""S-00621507"",""S-00338549""]]","[""S-00423291.1"",""S-00606861.1"",""S-00395899.1"",""S-00468257.1"",""S-00179767.1"",""S-00125489.1"",""S-00425229.1"",""S-00606806.1"",""S-00558900.1"",""S-00351448.1"",""S-00326278.1"",""S-00725041.1"",""S-00778668.1"",""S-00416469.1"",""S-00257983.1"",""S-00846780.1"",""S-00163083.1"",""S-00671768.1"",""S-00401693.1"",""S-00816792.1"",""NEWPCC_SURGE.7"",""BYPASS_CHAMBER.1"",""S-PL00000313.1"",""SPLIT_NEWPCC_OUTFALL2.1"",""S-TE00000316.1"",""SPLIT_NEWPCC_OUTFALL1.1"",""S-MH00014483.1"",""S-CO00007374.1"",""S-CO00007375.1""]",0.0123504996370757,0.14935598061420025,0.2322215078538284,0.1892961271724198,0.10963728819042444,295.77540741302073,blue,0,"LINESTRING (633373.8 5528762, 633367.5 5528771)"
43,S-00606861,S-00395899,0.1822752218058091,0.15906932852765995,4.378895150074431,0.6973540351027623,0.6973540351027623,CIRC,28.14558691577986,PVC,10.749959477193977,0.38194120838059337,0.09983224441239869,0.5600287900075962,0.09983224441239869,4.378895150074431,1.0224267670884728,27.528217982720673,0.7648320168373175,27.528217982720673,0.036326361576608235,0.003393,4.22234097647015,0.20195895629702137,S-00606861.1,S-00161412,NEWPCC_EFFLUENT_OUT,"[""S-00161412"",""S-00154424"",""S-00723843"",""S-00174361"",""S-00146207"",""S-00509955"",""S-00685892"",""S-00726545"",""S-00686328"",""S-00789059"",""S-00421502"",""S-00349761"",""S-00865799"",""S-00285657"",""S-00113609"",""S-00598845"",""S-00783918"",""S-00491481"",""S-00621507"",""S-00338549""]","[[""S-00161412"",""S-00154424""],[""S-00154424"",""S-00723843""],[""S-00723843"",""S-00174361""],[""S-00174361"",""S-00146207""],[""S-00146207"",""S-00509955""],[""S-00509955"",""S-00685892""],[""S-00685892"",""S-00726545""],[""S-00726545"",""S-00686328""],[""S-00686328"",""S-00789059""],[""S-00789059"",""S-00421502""],[""S-00421502"",""S-00349761""],[""S-00349761"",""S-00865799""],[""S-00865799"",""S-00285657""],[""S-00285657"",""S-00113609""],[""S-00113609"",""S-00598845""],[""S-00598845"",""S-00783918""],[""S-00783918"",""S-00491481""],[""S-00491481"",""S-00621507""],[""S-00621507"",""S-00338549""]]","[""S-00606861.1"",""S-00395899.1"",""S-00468257.1"",""S-00179767.1"",""S-00125489.1"",""S-00425229.1"",""S-00606806.1"",""S-00558900.1"",""S-00351448.1"",""S-00326278.1"",""S-00725041.1"",""S-00778668.1"",""S-00416469.1"",""S-00257983.1"",""S-00846780.1"",""S-00163083.1"",""S-00671768.1"",""S-00401693.1"",""S-00816792.1"",""NEWPCC_SURGE.7"",""BYPASS_CHAMBER.1"",""S-PL00000313.1"",""SPLIT_NEWPCC_OUTFALL2.1"",""S-TE00000316.1"",""SPLIT_NEWPCC_OUTFALL1.1"",""S-MH00014483.1"",""S-CO00007374.1"",""S-CO00007375.1""]",0.0031931963984388858,0.12622910155914724,0.639447034529876,0.33847556395223366,0.10194435494020582,380.76152914436534,blue,0,"LINESTRING (633367.5 5528771, 633358.2 5528791)"
44,S-00395899,S-00468257,0.18482527146092412,0.1471782270675708,22.799847082053624,0.9295382179552689,0.9295382179552689,POLYF,64.45203820476308,PVC,43.73821330061414,0.6786164490509756,0.13493309580061896,0.6510797358951915,0.13493309580061896,22.799847082053624,0.4160526463063433,154.91317932227852,0.3564039430231787,154.91317932227852,0.006455228692451134,0.006117,4.996926209842786,0.38897717496845874,S-00395899.1,S-00161412,NEWPCC_EFFLUENT_OUT,"[""S-00161412"",""S-00154424"",""S-00723843"",""S-00174361"",""S-00146207"",""S-00509955"",""S-00685892"",""S-00726545"",""S-00686328"",""S-00789059"",""S-00421502"",""S-00349761"",""S-00865799"",""S-00285657"",""S-00113609"",""S-00598845"",""S-00783918"",""S-00491481"",""S-00621507"",""S-00338549""]","[[""S-00161412"",""S-00154424""],[""S-00154424"",""S-00723843""],[""S-00723843"",""S-00174361""],[""S-00174361"",""S-00146207""],[""S-00146207"",""S-00509955""],[""S-00509955"",""S-00685892""],[""S-00685892"",""S-00726545""],[""S-00726545"",""S-00686328""],[""S-00686328"",""S-00789059""],[""S-00789059"",""S-00421502""],[""S-00421502"",""S-00349761""],[""S-00349761"",""S-00865799""],[""S-00865799"",""S-00285657""],[""S-00285657"",""S-00113609""],[""S-00113609"",""S-00598845""],[""S-00598845"",""S-00783918""],[""S-00783918"",""S-00491481""],[""S-00491481"",""S-00621507""],[""S-00621507"",""S-00338549""]]","[""S-00395899.1"",""S-00468257.1"",""S-00179767.1"",""S-00125489.1"",""S-00425229.1"",""S-00606806.1"",""S-00558900.1"",""S-00351448.1"",""S-00326278.1"",""S-00725041.1"",""S-00778668.1"",""S-00416469.1"",""S-00257983.1"",""S-00846780.1"",""S-00163083.1"",""S-00671768.1"",""S-00401693.1"",""S-00816792.1"",""NEWPCC_SURGE.7"",""BYPASS_CHAMBER.1"",""S-PL00000313.1"",""SPLIT_NEWPCC_OUTFALL2.1"",""S-TE00000316.1"",""SPLIT_NEWPCC_OUTFALL1.1"",""S-MH00014483.1"",""S-CO00007374.1"",""S-CO00007375.1""]",0.017483079663594255,0.010903619881719352,1.484568710620515,0.08253854199312628,0.14779854320921004,397.22639040555805,blue,0,"LINESTRING (633358.2 5528791, 633356.6 5528797)"
45,S-00468257,S-00179767,0.09619447047001141,0.026781093509314065,1.7275975944512973,0.379750884254463,0.379750884254463,POLYF,39.85264097806066,PVC,4.513823525759509,0.11326284569809116,0.02869054403189699,0.3002232541927792,0.02869054403189699,1.7275975944512973,0.6177927707554771,64.50810508728722,0.923287676810287,64.50810508728722,0.015501927992565893,0.017767,0.10661933441879229,0.4379636113229208,S-00468257.1,S-00161412,NEWPCC_EFFLUENT_OUT,"[""S-00161412"",""S-00154424"",""S-00723843"",""S-00174361"",""S-00146207"",""S-00509955"",""S-00685892"",""S-00726545"",""S-00686328"",""S-00789059"",""S-00421502"",""S-00349761"",""S-00865799"",""S-00285657"",""S-00113609"",""S-00598845"",""S-00783918"",""S-00491481"",""S-00621507"",""S-00338549""]","[[""S-00161412"",""S-00154424""],[""S-00154424"",""S-00723843""],[""S-00723843"",""S-00174361""],[""S-00174361"",""S-00146207""],[""S-00146207"",""S-00509955""],[""S-00509955"",""S-00685892""],[""S-00685892"",""S-00726545""],[""S-00726545"",""S-00686328""],[""S-00686328"",""S-00789059""],[""S-00789059"",""S-00421502""],[""S-00421502"",""S-00349761""],[""S-00349761"",""S-00865799""],[""S-00865799"",""S-00285657""],[""S-00285657"",""S-00113609""],[""S-00113609"",""S-00598845""],[""S-00598845"",""S-00783918""],[""S-00783918"",""S-00491481""],[""S-00491481"",""S-00621507""],[""S-00621507"",""S-00338549""]]","[""S-00468257.1"",""S-00179767.1"",""S-00125489.1"",""S-00425229.1"",""S-00606806.1"",""S-00558900.1"",""S-00351448.1"",""S-00326278.1"",""S-00725041.1"",""S-00778668.1"",""S-00416469.1"",""S-00257983.1"",""S-00846780.1"",""S-00163083.1"",""S-00671768.1"",""S-00401693.1"",""S-00816792.1"",""NEWPCC_SURGE.7"",""BYPASS_CHAMBER.1"",""S-PL00000313.1"",""SPLIT_NEWPCC_OUTFALL2.1"",""S-TE00000316.1"",""SPLIT_NEWPCC_OUTFALL1.1"",""S-MH00014483.1"",""S-CO00007374.1"",""S-CO00007375.1""]",0.011753210988012143,0.10545697291381657,1.0977578579448164,0.20486444565351122,0.12980982939712704,416.4769523544237,red,0,"LINESTRING (633356.6 5528797, 633349.1 5528807)"
46,S-00179767,S-00125489,0.41261892905424946,0.40905338544919745,6.0587824531658505,0.83941080752993,0.83941080752993,POLYF,14.203383531421423,VC,7.860149543025248,0.5533997955935386,0.27202798552067087,0.9244463861590733,0.27202798552067087,6.0587824531658505,0.9589289866853504,14.811715704326627,0.9974554296117276,14.811715704326627,0.06751412327660945,0.01526,4.115592657600064,0.31297342707868664,S-00179767.1,S-00161412,NEWPCC_EFFLUENT_OUT,"[""S-00161412"",""S-00154424"",""S-00723843"",""S-00174361"",""S-00146207"",""S-00509955"",""S-00685892"",""S-00726545"",""S-00686328"",""S-00789059"",""S-00421502"",""S-00349761"",""S-00865799"",""S-00285657"",""S-00113609"",""S-00598845"",""S-00783918"",""S-00491481"",""S-00621507"",""S-00338549""]","[[""S-00161412"",""S-00154424""],[""S-00154424"",""S-00723843""],[""S-00723843"",""S-00174361""],[""S-00174361"",""S-00146207""],[""S-00146207"",""S-00509955""],[""S-00509955"",""S-00685892""],[""S-00685892"",""S-00726545""],[""S-00726545"",""S-00686328""],[""S-00686328"",""S-00789059""],[""S-00789059"",""S-00421502""],[""S-00421502"",""S-00349761""],[""S-00349761"",""S-00865799""],[""S-00865799"",""S-00285657""],[""S-00285657"",""S-00113609""],[""S-00113609"",""S-00598845""],[""S-00598845"",""S-00783918""],[""S-00783918"",""S-00491481""],[""S-00491481"",""S-00621507""],[""S-00621507"",""S-00338549""]]","[""S-00179767.1"",""S-00125489.1"",""S-00425229.1"",""S-00606806.1"",""S-00558900.1"",""S-00351448.1"",""S-00326278.1"",""S-00725041.1"",""S-00778668.1"",""S-00416469.1"",""S-00257983.1"",""S-00846780.1"",""S-00163083.1"",""S-00671768.1"",""S-00401693.1"",""S-00816792.1"",""NEWPCC_SURGE.7"",""BYPASS_CHAMBER.1"",""S-PL00000313.1"",""SPLIT_NEWPCC_OUTFALL2.1"",""S-TE00000316.1"",""SPLIT_NEWPCC_OUTFALL1.1"",""S-MH00014483.1"",""S-CO00007374.1"",""S-CO00007375.1""]",0.01608386512857396,0.01755449497140944,0.36763062387006357,0.13497389456722886,0.3105973453540355,199.90784251131117,red,0,"LINESTRING (633349.1 5528807, 633344.3 5528813)"
47,S-00125489,S-00425229,0.1298656624911597,0.02109115362440029,1.9919945018597967,0.42470078845508397,0.42470078845508397,CIRC,18.038277591113,POLYF,2.5553540545463505,0.14166286341026862,0.04331788898742501,0.3688999346867828,0.04331788898742501,1.9919945018597967,0.1909885210217908,94.44692013220484,1.9028959287446923,94.44692013220484,0.01058795775023919,0.002856,1.0678379410644994,0.18528975016670302,S-00125489.1,S-00161412,NEWPCC_EFFLUENT_OUT,"[""S-00161412"",""S-00154424"",""S-00723843"",""S-00174361"",""S-00146207"",""S-00509955"",""S-00685892"",""S-00726545"",""S-00686328"",""S-00789059"",""S-00421502"",""S-00349761"",""S-00865799"",""S-00285657"",""S-00113609"",""S-00598845"",""S-00783918"",""S-00491481"",""S-00621507"",""S-00338549""]","[[""S-00161412"",""S-00154424""],[""S-00154424"",""S-00723843""],[""S-00723843"",""S-00174361""],[""S-00174361"",""S-00146207""],[""S-00146207"",""S-00509955""],[""S-00509955"",""S-00685892""],[""S-00685892"",""S-00726545""],[""S-00726545"",""S-00686328""],[""S-00686328"",""S-00789059""],[""S-00789059"",""S-00421502""],[""S-00421502"",""S-00349761""],[""S-00349761"",""S-00865799""],[""S-00865799"",""S-00285657""],[""S-00285657"",""S-00113609""],[""S-00113609"",""S-00598845""],[""S-00598845"",""S-00783918""],[""S-00783918"",""S-00491481""],[""S-00491481"",""S-00621507""],[""S-00621507"",""S-00338549""]]","[""S-00125489.1"",""S-00425229.1"",""S-00606806.1"",""S-00558900.1"",""S-00351448.1"",""S-00326278.1"",""S-00725041.1"",""S-00778668.1"",""S-00416469.1"",""S-00257983.1"",""S-00846780.1"",""S-00163083.1"",""S-00671768.1"",""S-00401693.1"",""S-00816792.1"",""NEWPCC_SURGE.7"",""BYPASS_CHAMBER.1"",""S-PL00000313.1"",""SPLIT_NEWPCC_OUTFALL2.1"",""S-TE00000316.1"",""SPLIT_NEWPCC_OUTFALL1.1"",""S-MH00014483.1"",""S-CO00007374.1"",""S-CO00007375.1""]",0.0010498260186286644,0.05405750581994653,1.3664401559787802,0.17805167295387947,0.09907626647269353,451.06005473062396,blue,0,"LINESTRING (633344.3 5528813, 633352.1 5528821)"
48,S-00425229,S-00606806,0.05,0.14471276524315682,11.8684792902997,0.6827861567726359,0.6827861567726359,POLYF,43.7929828139022,PVC,16.034810170107065,0.3661502172219421,0.026812949676121522,0.29023329533941516,0.026812949676121522,11.8684792902997,0.5339693052694201,82.01404534256135,1.814270066213794,82.01404534256135,0.012193033471561341,0.016496,0.6133340134052561,0.4668057737615891,S-00425229.1,S-00161412,S-PL70008977,"[""S-00161412"",""S-00154424"",""S-00723843"",""S-00174361"",""S-00146207"",""S-00509955"",""S-00685892"",""S-00726545"",""S-00686328"",""S-00789059"",""S-00421502"",""S-00349761"",""S-00865799"",""S-00285657"",""S-00113609"",""S-00598845"",""S-00783918"",""S-00491481"",""S-00621507"",""S-00338549""]","[[""S-00161412"",""S-00154424""],[""S-00154424"",""S-00723843""],[""S-00723843"",""S-00174361""],[""S-00174361"",""S-00146207""],[""S-00146207"",""S-00509955""],[""S-00509955"",""S-00685892""],[""S-00685892"",""S-00726545""],[""S-00726545"",""S-00686328""],[""S-00686328"",""S-00789059""],[""S-00789059"",""S-00421502""],[""S-00421502"",""S-00349761""],[""S-00349761"",""S-00865799""],[""S-00865799"",""S-00285657""],[""S-00285657"",""S-00113609""],[""S-00113609"",""S-00598845""],[""S-00598845"",""S-00783918""],[""S-00783918"",""S-00491481""],[""S-00491481"",""S-00621507""],[""S-00621507"",""S-00338549""]]","[""S-00425229.1"",""S-00606806.1"",""S-00558900.1"",""S-00351448.1"",""S-00326278.1"",""S-00725041.1"",""S-00778668.1"",""S-00416469.1"",""S-00257983.1"",""S-00846780.1"",""S-00163083.1"",""S-00671768.1"",""S-00401693.1"",""S-00816792.1"",""NEWPCC_SURGE.7"",""BYPASS_CHAMBER.1"",""S-PL00000313.1"",""SPLIT_NEWPCC_OUTFALL2.1"",""S-TE00000316.1"",""SPLIT_NEWPCC_OUTFALL1.1"",""S-MH00014483.1"",""S-CO00007374.1"",""S-CO00007375.1""]",0.005498975937371142,2.545056398957968e-4,0.21958103168290108,0.06101915877196006,0.18952802256913856,188.91652872553095,blue,0,"LINESTRING (633352.1 5528821, 633345.6 5528832)"
49,S-00606806,S-00558900,0.2507954335048587,0.019752808094893888,7.5595505971603005,0.8806577749783173,0.8806577749783173,CIRC,78.54215087369084,VC,47.84174577323582,0.6091219204089979,0.17346692486766258,0.7382156980212906,0.17346692486766258,7.5595505971603005,0.20522754807025195,382.70764140691716,1.8833211684715934,382.70764140691716,0.002612960630531914,0.017309,3.4560240348102522,0.3749173550750129,S-00606806.1,S-00161412,S-PL70008977,"[""S-00161412"",""S-00154424"",""S-00723843"",""S-00174361"",""S-00146207"",""S-00509955"",""S-00685892"",""S-00726545"",""S-00686328"",""S-00789059"",""S-00421502"",""S-00349761"",""S-00865799"",""S-00285657"",""S-00113609"",""S-00598845"",""S-00783918"",""S-00491481"",""S-00621507"",""S-00338549""]","[[""S-00161412"",""S-00154424""],[""S-00154424"",""S-00723843""],[""S-00723843"",""S-00174361""],[""S-00174361"",""S-00146207""],[""S-00146207"",""S-00509955""],[""S-00509955"",""S-00685892""],[""S-00685892"",""S-00726545""],[""S-00726545"",""S-00686328""],[""S-00686328"",""S-00789059""],[""S-00789059"",""S-00421502""],[""S-00421502"",""S-00349761""],[""S-00349761"",""S-00865799""],[""S-00865799"",""S-00285657""],[""S-00285657"",""S-00113609""],[""S-00113609"",""S-00598845""],[""S-00598845"",""S-00783918""],[""S-00783918"",""S-00491481""],[""S-00491481"",""S-00621507""],[""S-00621507"",""S-00338549""]]","[""S-00606806.1"",""S-00558900.1"",""S-00351448.1"",""S-00326278.1"",""S-00725041.1"",""S-00778668.1"",""S-00416469.1"",""S-00257983.1"",""S-00846780.1"",""S-00163083.1"",""S-00671768.1"",""S-00401693.1"",""S-00816792.1"",""NEWPCC_SURGE.7"",""BYPASS_CHAMBER.1"",""S-PL00000313.1"",""SPLIT_NEWPCC_OUTFALL2.1"",""S-TE00000316.1"",""SPLIT_NEWPCC_OUTFALL1.1"",""S-MH00014483.1"",""S-CO00007374.1"",""S-CO00007375.1""]",0.015256954812444747,0.1413028696086258,0.5842799521493726,0.15021808688528837,0.33683036299655217,364.44595366483554,red,0,"LINESTRING (633345.6 5528832, 633343.4 5528847)"
50,S-00558900,S-00351448,0.1620171416568321,0.010245250339691498,2.7747822370192576,0.3491528326412663,0.3491528326412663,POLYF,66.80617508478463,PVC,6.396429658684233,0.09574608410923746,0.04442898760082941,0.37360109883831666,0.04442898760082941,2.7747822370192576,0.24666655957698821,270.8359625210301,1.5583118114271202,270.8359625210301,0.003692271848581966,0.003226,1.4011585311498493,0.041148315884638575,S-00558900.1,S-00161412,NEWPCC_EFFLUENT_OUT,"[""S-00161412"",""S-00154424"",""S-00723843"",""S-00174361"",""S-00146207"",""S-00509955"",""S-00685892"",""S-00726545"",""S-00686328"",""S-00789059"",""S-00421502"",""S-00349761"",""S-00865799"",""S-00285657"",""S-00113609"",""S-00598845"",""S-00783918"",""S-00491481"",""S-00621507"",""S-00338549""]","[[""S-00161412"",""S-00154424""],[""S-00154424"",""S-00723843""],[""S-00723843"",""S-00174361""],[""S-00174361"",""S-00146207""],[""S-00146207"",""S-00509955""],[""S-00509955"",""S-00685892""],[""S-00685892"",""S-00726545""],[""S-00726545"",""S-00686328""],[""S-00686328"",""S-00789059""],[""S-00789059"",""S-00421502""],[""S-00421502"",""S-00349761""],[""S-00349761"",""S-00865799""],[""S-00865799"",""S-00285657""],[""S-00285657"",""S-00113609""],[""S-00113609"",""S-00598845""],[""S-00598845"",""S-00783918""],[""S-00783918"",""S-00491481""],[""S-00491481"",""S-00621507""],[""S-00621507"",""S-00338549""]]","[""S-00558900.1"",""S-00351448.1"",""S-00326278.1"",""S-00725041.1"",""S-00778668.1"",""S-00416469.1"",""S-00257983.1"",""S-00846780.1"",""S-00163083.1"",""S-00671768.1"",""S-00401693.1"",""S-00816792.1"",""NEWPCC_SURGE.7"",""BYPASS_CHAMBER.1"",""S-PL00000313.1"",""SPLIT_NEWPCC_OUTFALL2.1"",""S-TE00000316.1"",""SPLIT_NEWPCC_OUTFALL1.1"",""S-MH00014483.1"",""S-CO00007374.1"",""S-CO00007375.1""]",0.016683991945930756,0.15941607146523895,1.4508676761272363,0.07039535397547297,0.11002038697246462,137.0637111715041,blue,0,"LINESTRING (633343.4 5528847, 633352 5528849)"
51,S-00351448,S-00326278,0.27072549171586374,0.07730533166463888,10.811590178129165,0.9219183921813965,0.9219183921813965,POLYF,48.00389719661325,PVC,32.04434041903815,0.6675362270648919,0.1960250222177334,0.7847488577366692,0.1960250222177334,10.811590178129165,0.34323879585135725,139.85568582813053,0.2298114221543074,139.85568582813053,0.007150227708503077,0.003611,4.124690901790745,0.0630197187862359,S-00351448.1,S-00161412,NEWPCC_EFFLUENT_OUT,"[""S-00161412"",""S-00154424"",""S-00723843"",""S-00174361"",""S-00146207"",""S-00509955"",""S-00685892"",""S-00726545"",""S-00686328"",""S-00789059"",""S-00421502"",""S-00349761"",""S-00865799"",""S-00285657"",""S-00113609"",""S-00598845"",""S-00783918"",""S-00491481"",""S-00621507"",""S-00338549""]","[[""S-00161412"",""S-00154424""],[""S-00154424"",""S-00723843""],[""S-00723843"",""S-00174361""],[""S-00174361"",""S-00146207""],[""S-00146207"",""S-00509955""],[""S-00509955"",""S-00685892""],[""S-00685892"",""S-00726545""],[""S-00726545"",""S-00686328""],[""S-00686328"",""S-00789059""],[""S-00789059"",""S-00421502""],[""S-00421502"",""S-00349761""],[""S-00349761"",""S-00865799""],[""S-00865799"",""S-00285657""],[""S-00285657"",""S-00113609""],[""S-00113609"",""S-00598845""],[""S-00598845"",""S-00783918""],[""S-00783918"",""S-00491481""],[""S-00491481"",""S-00621507""],[""S-00621507"",""S-00338549""]]","[""S-00351448.1"",""S-00326278.1"",""S-00725041.1"",""S-00778668.1"",""S-00416469.1"",""S-00257983.1"",""S-00846780.1"",""S-00163083.1"",""S-00671768.1"",""S-00401693.1"",""S-00816792.1"",""NEWPCC_SURGE.7"",""BYPASS_CHAMBER.1"",""S-PL00000313.1"",""SPLIT_NEWPCC_OUTFALL2.1"",""S-TE00000316.1"",""SPLIT_NEWPCC_OUTFALL1.1"",""S-MH00014483.1"",""S-CO00007374.1"",""S-CO00007375.1""]",0.010712388851097786,0.02685857517644763,0.10032840481959283,0.2318087432172615,0.1895460079261102,489.5184197113849,blue,0,"LINESTRING (633352 5528849, 633354.8 5528860)"
52,S-00326278,S-00725041,0.2687512224435912,0.06221879619511923,2.334485553195865,0.5876030058716424,0.5876030058716424,CIRC,15.065696090459824,POLYF,4.085517746753034,0.27118015139971796,0.12402931309550252,0.624219175330764,0.12402931309550252,2.334485553195865,0.40153149515390396,37.52058374570407,0.08167468776227907,37.52058374570407,0.02665203736640945,0.011417,3.239762190764304,0.41120116687146946,S-00326278.1,S-00161412,NEWPCC_EFFLUENT_OUT,"[""S-00161412"",""S-00154424"",""S-00723843"",""S-00174361"",""S-00146207"",""S-00509955"",""S-00685892"",""S-00726545"",""S-00686328"",""S-00789059"",""S-00421502"",""S-00349761"",""S-00865799"",""S-00285657"",""S-00113609"",""S-00598845"",""S-00783918"",""S-00491481"",""S-00621507"",""S-00338549""]","[[""S-00161412"",""S-00154424""],[""S-00154424"",""S-00723843""],[""S-00723843"",""S-00174361""],[""S-00174361"",""S-00146207""],[""S-00146207"",""S-00509955""],[""S-00509955"",""S-00685892""],[""S-00685892"",""S-00726545""],[""S-00726545"",""S-00686328""],[""S-00686328"",""S-00789059""],[""S-00789059"",""S-00421502""],[""S-00421502"",""S-00349761""],[""S-00349761"",""S-00865799""],[""S-00865799"",""S-00285657""],[""S-00285657"",""S-00113609""],[""S-00113609"",""S-00598845""],[""S-00598845"",""S-00783918""],[""S-00783918"",""S-00491481""],[""S-00491481"",""S-00621507""],[""S-00621507"",""S-00338549""]]","[""S-00326278.1"",""S-00725041.1"",""S-00778668.1"",""S-00416469.1"",""S-00257983.1"",""S-00846780.1"",""S-00163083.1"",""S-00671768.1"",""S-00401693.1"",""S-00816792.1"",""NEWPCC_SURGE.7"",""BYPASS_CHAMBER.1"",""S-PL00000313.1"",""SPLIT_NEWPCC_OUTFALL2.1"",""S-TE00000316.1"",""SPLIT_NEWPCC_OUTFALL1.1"",""S-MH00014483.1"",""S-CO00007374.1"",""S-CO00007375.1""]",0.012939783009816894,0.11982609583064914,0.22655817307531834,0.3691288470791187,0.3353640449047089,126.09166151378304,red,0,"LINESTRING (633354.8 5528860, 633360.1 5528868)"
53,S-00725041,S-00778668,0.2366364763033676,0.15577117630466986,15.489039766607384,0.920606903382577,0.920606903382577,POLYF,42.653967225924134,VC,28.39211639347216,0.665638350662399,0.17109834090357368,0.7331584350084701,0.17109834090357368,15.489039766607384,0.42896517466288053,99.43456892379542,0.7003436946193687,99.43456892379542,0.010056864637954825,0.002122,2.663116290513426,0.39860769962891934,S-00725041.1,S-00161412,WEWPCC,"[""S-00161412"",""S-00154424"",""S-00723843"",""S-00174361"",""S-00146207"",""S-00509955"",""S-00685892"",""S-00726545"",""S-00686328"",""S-00789059"",""S-00421502"",""S-00349761"",""S-00865799"",""S-00285657"",""S-00113609"",""S-00598845"",""S-00783918"",""S-00491481"",""S-00621507"",""S-00338549""]","[[""S-00161412"",""S-00154424""],[""S-00154424"",""S-00723843""],[""S-00723843"",""S-00174361""],[""S-00174361"",""S-00146207""],[""S-00146207"",""S-00509955""],[""S-00509955"",""S-00685892""],[""S-00685892"",""S-00726545""],[""S-00726545"",""S-00686328""],[""S-00686328"",""S-00789059""],[""S-00789059"",""S-00421502""],[""S-00421502"",""S-00349761""],[""S-00349761"",""S-00865799""],[""S-00865799"",""S-00285657""],[""S-00285657"",""S-00113609""],[""S-00113609"",""S-00598845""],[""S-00598845"",""S-00783918""],[""S-00783918"",""S-00491481""],[""S-00491481"",""S-00621507""],[""S-00621507"",""S-00338549""]]","[""S-00725041.1"",""S-00778668.1"",""S-00416469.1"",""S-00257983.1"",""S-00846780.1"",""S-00163083.1"",""S-00671768.1"",""S-00401693.1"",""S-00816792.1"",""NEWPCC_SURGE.7"",""BYPASS_CHAMBER.1"",""S-PL00000313.1"",""SPLIT_NEWPCC_OUTFALL2.1"",""S-TE00000316.1"",""SPLIT_NEWPCC_OUTFALL1.1"",""S-MH00014483.1"",""S-CO00007374.1"",""S-CO00007375.1""]",0.010014159311074765,0.07184273777529597,0.8410797358024865,0.031655332572991024,0.13880521765444429,126.69202224351466,blue,0,"LINESTRING (633360.1 5528868, 633365.2 5528864)"
54,S-00778668,S-00416469,0.1196484504095436,0.05375223136741965,3.5459553226889513,0.4364088854053989,0.4364088854053989,POLYF,33.79339521517977,PVC,5.054857040236243,0.14958121277987582,0.04101007316307715,0.35893863622115557,0.04101007316307715,3.5459553226889513,0.5122654497856274,65.96852321256804,0.5216135300463065,65.96852321256804,0.01515874467551343,0.010415,0.1918222921085544,0.037982447755057366,S-00778668.1,S-00161412,NEWPCC_EFFLUENT_OUT,"[""S-00161412"",""S-00154424"",""S-00723843"",""S-00174361"",""S-00146207"",""S-00509955"",""S-00685892"",""S-00726545"",""S-00686328"",""S-00789059"",""S-00421502"",""S-00349761"",""S-00865799"",""S-00285657"",""S-00113609"",""S-00598845"",""S-00783918"",""S-00491481"",""S-00621507"",""S-00338549""]","[[""S-00161412"",""S-00154424""],[""S-00154424"",""S-00723843""],[""S-00723843"",""S-00174361""],[""S-00174361"",""S-00146207""],[""S-00146207"",""S-00509955""],[""S-00509955"",""S-00685892""],[""S-00685892"",""S-00726545""],[""S-00726545"",""S-00686328""],[""S-00686328"",""S-00789059""],[""S-00789059"",""S-00421502""],[""S-00421502"",""S-00349761""],[""S-00349761"",""S-00865799""],[""S-00865799"",""S-00285657""],[""S-00285657"",""S-00113609""],[""S-00113609"",""S-00598845""],[""S-00598845"",""S-00783918""],[""S-00783918"",""S-00491481""],[""S-00491481"",""S-00621507""],[""S-00621507"",""S-00338549""]]","[""S-00778668.1"",""S-00416469.1"",""S-00257983.1"",""S-00846780.1"",""S-00163083.1"",""S-00671768.1"",""S-00401693.1"",""S-00816792.1"",""NEWPCC_SURGE.7"",""BYPASS_CHAMBER.1"",""S-PL00000313.1"",""SPLIT_NEWPCC_OUTFALL2.1"",""S-TE00000316.1"",""SPLIT_NEWPCC_OUTFALL1.1"",""S-MH00014483.1"",""S-CO00007374.1"",""S-CO00007375.1""]",0.011845852661179379,0.13561291191726924,1.1970861542480997,0.19934219743474388,0.20709979242412374,332.64068220742047,red,0,"LINESTRING (633365.2 5528864, 633375.3 5528881)"
55,S-00416469,S-00257983,0.12298367022862765,0.03759314750065394,3.420971015185209,0.31277147022774443,0.31277147022774443,POLYF,58.29430236015469,VC,4.478888528252604,0.07683235491148124,0.03021095559784309,0.3080755039987946,0.03021095559784309,3.420971015185209,0.6405977417947724,90.99985616063938,1.5945379005861469,90.99985616063938,0.010989028358844098,0.001141,1.4714916943223217,0.45473410265054554,S-00416469.1,S-00161412,WEWPCC,"[""S-00161412"",""S-00154424"",""S-00723843"",""S-00174361"",""S-00146207"",""S-00509955"",""S-00685892"",""S-00726545"",""S-00686328"",""S-00789059"",""S-00421502"",""S-00349761"",""S-00865799"",""S-00285657"",""S-00113609"",""S-00598845"",""S-00783918"",""S-00491481"",""S-00621507"",""S-00338549""]","[[""S-00161412"",""S-00154424""],[""S-00154424"",""S-00723843""],[""S-00723843"",""S-00174361""],[""S-00174361"",""S-00146207""],[""S-00146207"",""S-00509955""],[""S-00509955"",""S-00685892""],[""S-00685892"",""S-00726545""],[""S-00726545"",""S-00686328""],[""S-00686328"",""S-00789059""],[""S-00789059"",""S-00421502""],[""S-00421502"",""S-00349761""],[""S-00349761"",""S-00865799""],[""S-00865799"",""S-00285657""],[""S-00285657"",""S-00113609""],[""S-00113609"",""S-00598845""],[""S-00598845"",""S-00783918""],[""S-00783918"",""S-00491481""],[""S-00491481"",""S-00621507""],[""S-00621507"",""S-00338549""]]","[""S-00416469.1"",""S-00257983.1"",""S-00846780.1"",""S-00163083.1"",""S-00671768.1"",""S-00401693.1"",""S-00816792.1"",""NEWPCC_SURGE.7"",""BYPASS_CHAMBER.1"",""S-PL00000313.1"",""SPLIT_NEWPCC_OUTFALL2.1"",""S-TE00000316.1"",""SPLIT_NEWPCC_OUTFALL1.1"",""S-MH00014483.1"",""S-CO00007374.1"",""S-CO00007375.1""]",0.0024572154426714407,0.0731860141735524,0.40243920118082316,0.4215687834226992,0.3109501819033176,380.38799099158496,red,0,"LINESTRING (633375.3 5528881, 633374.4 5528879)"
56,S-00257983,S-00846780,0.05,0.034493510124272354,1.4875262877314106,0.28648080601124093,0.28648080601124093,POLYF,45.99101604428142,POLYF,2.9645170014575526,0.06445861075570136,0.011250074944492466,0.18799774678956163,0.011250074944492466,1.4875262877314106,1.0664628858212382,43.12481630231856,1.0179547234787605,43.12481630231856,0.023188504572162923,0.017118,0.22613846586318687,0.36360292067052796,S-00257983.1,S-00161412,NEWPCC_EFFLUENT_OUT,"[""S-00161412"",""S-00154424"",""S-00723843"",""S-00174361"",""S-00146207"",""S-00509955"",""S-00685892"",""S-00726545"",""S-00686328"",""S-00789059"",""S-00421502"",""S-00349761"",""S-00865799"",""S-00285657"",""S-00113609"",""S-00598845"",""S-00783918"",""S-00491481"",""S-00621507"",""S-00338549""]","[[""S-00161412"",""S-00154424""],[""S-00154424"",""S-00723843""],[""S-00723843"",""S-00174361""],[""S-00174361"",""S-00146207""],[""S-00146207"",""S-00509955""],[""S-00509955"",""S-00685892""],[""S-00685892"",""S-00726545""],[""S-00726545"",""S-00686328""],[""S-00686328"",""S-00789059""],[""S-00789059"",""S-00421502""],[""S-00421502"",""S-00349761""],[""S-00349761"",""S-00865799""],[""S-00865799"",""S-00285657""],[""S-00285657"",""S-00113609""],[""S-00113609"",""S-00598845""],[""S-00598845"",""S-00783918""],[""S-00783918"",""S-00491481""],[""S-00491481"",""S-00621507""],[""S-00621507"",""S-00338549""]]","[""S-00257983.1"",""S-00846780.1"",""S-00163083.1"",""S-00671768.1"",""S-00401693.1"",""S-00816792.1"",""NEWPCC_SURGE.7"",""BYPASS_CHAMBER.1"",""S-PL00000313.1"",""SPLIT_NEWPCC_OUTFALL2.1"",""S-TE00000316.1"",""SPLIT_NEWPCC_OUTFALL1.1"",""S-MH00014483.1"",""S-CO00007374.1"",""S-CO00007375.1""]",0.01691147238772828,0.16017731321044268,1.0072008154424839,0.20195005350979045,0.08008037339663132,472.6009588339366,red,0,"LINESTRING (633374.4 5528879, 633378.2 5528893)"
57,S-00846780,S-00163083,0.2747752577630074,0.3339906927525269,16.650524839123545,0.9848619002732448,0.9848619002732448,POLYF,46.04461109265685,PVC,35.076751367182396,0.7617992754156718,0.21254106002875908,0.8171397877796287,0.21254106002875908,16.650524839123545,0.9236028116196393,49.8532599872802,1.0520642261137254,49.8532599872802,0.02005886877317842,0.002192,4.494446370506194,0.4523264273907989,S-00846780.1,S-00161412,NEWPCC_EFFLUENT_OUT,"[""S-00161412"",""S-00154424"",""S-00723843"",""S-00174361"",""S-00146207"",""S-00509955"",""S-00685892"",""S-00726545"",""S-00686328"",""S-00789059"",""S-00421502"",""S-00349761"",""S-00865799"",""S-00285657"",""S-00113609"",""S-00598845"",""S-00783918"",""S-00491481"",""S-00621507"",""S-00338549""]","[[""S-00161412"",""S-00154424""],[""S-00154424"",""S-00723843""],[""S-00723843"",""S-00174361""],[""S-00174361"",""S-00146207""],[""S-00146207"",""S-00509955""],[""S-00509955"",""S-00685892""],[""S-00685892"",""S-00726545""],[""S-00726545"",""S-00686328""],[""S-00686328"",""S-00789059""],[""S-00789059"",""S-00421502""],[""S-00421502"",""S-00349761""],[""S-00349761"",""S-00865799""],[""S-00865799"",""S-00285657""],[""S-00285657"",""S-00113609""],[""S-00113609"",""S-00598845""],[""S-00598845"",""S-00783918""],[""S-00783918"",""S-00491481""],[""S-00491481"",""S-00621507""],[""S-00621507"",""S-00338549""]]","[""S-00846780.1"",""S-00163083.1"",""S-00671768.1"",""S-00401693.1"",""S-00816792.1"",""NEWPCC_SURGE.7"",""BYPASS_CHAMBER.1"",""S-PL00000313.1"",""SPLIT_NEWPCC_OUTFALL2.1"",""S-TE00000316.1"",""SPLIT_NEWPCC_OUTFALL1.1"",""S-MH00014483.1"",""S-CO00007374.1"",""S-CO00007375.1""]",0.008348630558117293,0.19740605507977307,1.6511964513617567,0.2309032057959121,0.39717352616600693,395.73329485720024,blue,0,"LINESTRING (633378.2 5528893, 633378.2 5528905)"
58,S-00163083,S-00671768,0.1665231619857746,0.25792960018970706,10.800857729231147,0.613125805859454,0.613125805859454,CIRC,48.18600478116423,POLYF,14.226890596023756,0.2952494331213989,0.08018887593381295,0.5019171082293272,0.08018887593381295,10.800857729231147,1.1507046254584565,41.875216032929615,0.19118366338079795,41.875216032929615,0.023880473815672383,0.016577,0.6982962356065401,0.2724999899440445,S-00163083.1,S-00161412,NEWPCC_EFFLUENT_OUT,"[""S-00161412"",""S-00154424"",""S-00723843"",""S-00174361"",""S-00146207"",""S-00509955"",""S-00685892"",""S-00726545"",""S-00686328"",""S-00789059"",""S-00421502"",""S-00349761"",""S-00865799"",""S-00285657"",""S-00113609"",""S-00598845"",""S-00783918"",""S-00491481"",""S-00621507"",""S-00338549""]","[[""S-00161412"",""S-00154424""],[""S-00154424"",""S-00723843""],[""S-00723843"",""S-00174361""],[""S-00174361"",""S-00146207""],[""S-00146207"",""S-00509955""],[""S-00509955"",""S-00685892""],[""S-00685892"",""S-00726545""],[""S-00726545"",""S-00686328""],[""S-00686328"",""S-00789059""],[""S-00789059"",""S-00421502""],[""S-00421502"",""S-00349761""],[""S-00349761"",""S-00865799""],[""S-00865799"",""S-00285657""],[""S-00285657"",""S-00113609""],[""S-00113609"",""S-00598845""],[""S-00598845"",""S-00783918""],[""S-00783918"",""S-00491481""],[""S-00491481"",""S-00621507""],[""S-00621507"",""S-00338549""]]","[""S-00163083.1"",""S-00671768.1"",""S-00401693.1"",""S-00816792.1"",""NEWPCC_SURGE.7"",""BYPASS_CHAMBER.1"",""S-PL00000313.1"",""SPLIT_NEWPCC_OUTFALL2.1"",""S-TE00000316.1"",""SPLIT_NEWPCC_OUTFALL1.1"",""S-MH00014483.1"",""S-CO00007374.1"",""S-CO00007375.1""]",0.015565789969055914,0.09665214070118965,0.19318829980678856,0.4792819608049467,0.3829719211626798,124.83843507943675,blue,0,"LINESTRING (633378.2 5528905, 633374.7 5528917)"
59,S-00671768,S-00401693,0.13805742840786384,0.20688244012116055,18.38007747392508,0.8840447754482739,0.8840447754482739,POLYF,41.322013104800135,VC,25.364124499134693,0.613816283219471,0.0958570198361084,0.5487656232966213,0.0958570198361084,18.38007747392508,0.4651122343726456,88.84310076370329,0.7230212445138022,88.84310076370329,0.011255798046262568,0.011248,0.3046482395962812,0.18078427447006107,S-00671768.1,S-00161412,NEWPCC_EFFLUENT_OUT,"[""S-00161412"",""S-00154424"",""S-00723843"",""S-00174361"",""S-00146207"",""S-00509955"",""S-00685892"",""S-00726545"",""S-00686328"",""S-00789059"",""S-00421502"",""S-00349761"",""S-00865799"",""S-00285657"",""S-00113609"",""S-00598845"",""S-00783918"",""S-00491481"",""S-00621507"",""S-00338549""]","[[""S-00161412"",""S-00154424""],[""S-00154424"",""S-00723843""],[""S-00723843"",""S-00174361""],[""S-00174361"",""S-00146207""],[""S-00146207"",""S-00509955""],[""S-00509955"",""S-00685892""],[""S-00685892"",""S-00726545""],[""S-00726545"",""S-00686328""],[""S-00686328"",""S-00789059""],[""S-00789059"",""S-00421502""],[""S-00421502"",""S-00349761""],[""S-00349761"",""S-00865799""],[""S-00865799"",""S-00285657""],[""S-00285657"",""S-00113609""],[""S-00113609"",""S-00598845""],[""S-00598845"",""S-00783918""],[""S-00783918"",""S-00491481""],[""S-00491481"",""S-00621507""],[""S-00621507"",""S-00338549""]]","[""S-00671768.1"",""S-00401693.1"",""S-00816792.1"",""NEWPCC_SURGE.7"",""BYPASS_CHAMBER.1"",""S-PL00000313.1"",""SPLIT_NEWPCC_OUTFALL2.1"",""S-TE00000316.1"",""SPLIT_NEWPCC_OUTFALL1.1"",""S-MH00014483.1"",""S-CO00007374.1"",""S-CO00007375.1""]",0.019053428082843313,0.01574029684998095,0.9461139694252051,0.38906752652372234,0.2117408343916759,176.1328193359077,blue,0,"LINESTRING (633374.7 5528917, 633376.5 5528925)"
60,S-00401693,S-00816792,0.0676290971252372,0.09676141640451276,1.5257532353418626,0.5622202033991925,0.5622202033991925,POLYF,15.871938825584948,VC,3.9403314784579675,0.24825772841981386,0.029862758267819416,0.3062949917809779,0.029862758267819416,1.5257532353418626,1.0065790760098023,15.768198648141166,1.52483363552019,15.768198648141166,0.06341878500610372,0.010481,1.8515352879534477,0.41831375505076723,S-00401693.1,S-00161412,NEWPCC_EFFLUENT_OUT,"[""S-00161412"",""S-00154424"",""S-00723843"",""S-00174361"",""S-00146207"",""S-00509955"",""S-00685892"",""S-00726545"",""S-00686328"",""S-00789059"",""S-00421502"",""S-00349761"",""S-00865799"",""S-00285657"",""S-00113609"",""S-00598845"",""S-00783918"",""S-00491481"",""S-00621507"",""S-00338549""]","[[""S-00161412"",""S-00154424""],[""S-00154424"",""S-00723843""],[""S-00723843"",""S-00174361""],[""S-00174361"",""S-00146207""],[""S-00146207"",""S-00509955""],[""S-00509955"",""S-00685892""],[""S-00685892"",""S-00726545""],[""S-00726545"",""S-00686328""],[""S-00686328"",""S-00789059""],[""S-00789059"",""S-00421502""],[""S-00421502"",""S-00349761""],[""S-00349761"",""S-00865799""],[""S-00865799"",""S-00285657""],[""S-00285657"",""S-00113609""],[""S-00113609"",""S-00598845""],[""S-00598845"",""S-00783918""],[""S-00783918"",""S-00491481""],[""S-00491481"",""S-00621507""],[""S-00621507"",""S-00338549""]]","[""S-00401693.1"",""S-00816792.1"",""NEWPCC_SURGE.7"",""BYPASS_CHAMBER.1"",""S-PL00000313.1"",""SPLIT_NEWPCC_OUTFALL2.1"",""S-TE00000316.1"",""SPLIT_NEWPCC_OUTFALL1.1"",""S-MH00014483.1"",""S-CO00007374.1"",""S-CO00007375.1""]",0.00567664514540229,0.026891011325642467,1.7630696294386872,0.24097546988283283,0.0573393754218705,241.3695675553754,red,0,"LINESTRING (633376.5 5528925, 633368.5 5528941)"
